Battid,Discharged_ID,Charged_ID,Reduced_Cell_Formula,Type,Average_Voltage,Capacity_Grav,Capacity_Vol,Specific_E_Wh/kg,E Density Wh/l,Stability Charge,Stability Discharge
mp-25301_Zn,mvc-4912,mp-25301,Ti(SiO3)2,intercalation,-1.1099658324999973,201.93744772896713,769.5327637831971,-224.1436672814077,-854.15507478864,0.03950412583333396,0.2575468797499978
mp-1047047_Zn,mp-1047051,mp-1047047,Ti3(P2O7)2,intercalation,-1.0429916875000012,96.2529814194524,326.14001040516786,-100.39105951758091,-340.16131981375395,0.14873565882312967,0.2557032197443201
mp-1143521_Zn,mp-1163919,mp-1143521,Si2WO6,intercalation,-0.9214705074999991,133.5345609010975,720.5018245866157,-123.04815960232386,-663.9211819565041,0.07780866305555456,0.3171294890416636
mp-1040898_Zn,mp-1040898,mp-1041213,P4W3O14,intercalation,-0.9191581849999957,55.55772527489035,297.7822715131935,-51.0663379263966,-273.70901220924287,0.21263227785714278,0.3223639880965914
mvc-5659_Zn,mvc-5733,mvc-5659,SnO2,intercalation,-0.8806881650000009,146.12616073234415,922.1620198788199,-128.69158035386334,-812.1371771197723,0.08614069750000031,0.39874193107142997
mp-1043490_Zn,mp-1043490,mp-1043572,BiPO5,intercalation,-0.8223532425000023,75.99901049157026,398.43388506479556,-62.498032704534495,-327.65339730490786,0.16345428732142686,0.5018403425833338
mp-1043973_Zn,mp-1045120,mp-1048022,W4O9,intercalation,-0.8276537949999985,56.736905097210894,479.1038996876779,-46.95851482026136,-396.53216077580515,0.16453280085798738,0.33864156785713995
mp-1041160_Zn,mp-1041160,mp-1041196,Ti3P3O13,intercalation,-0.8257624549999982,105.11961928441028,346.39731708988063,-86.80383488895978,-286.04189896555266,0.03227054842481358,0.125137593171873
mp-23_Zn,mp-567903,mp-23,Ni,intercalation,-0.8363039075,431.92527068372016,2330.125303310446,-361.2207916207904,-1948.6928961231486,0.0,1.08407251
mp-1045643_Zn,mp-1045652,mp-1045643,Ti9O13,intercalation,-0.7130028550000014,139.2984494353769,739.2753139077586,-99.32019214449707,-527.105409447254,0.14285303045454611,0.2497824204166612
mp-1045759_Zn,mp-1045822,mp-1045759,Ti5O7,intercalation,-0.7088832100000055,128.62453433173246,680.6880309404696,-91.17977278183443,-482.5283163816632,0.15745089166666482,0.254398240000004
mvc-12500_Zn,mvc-12500,mp-756655,TiO2,intercalation,-0.789101596249998,238.08661215480154,1176.1673259178929,-187.87452569710808,-928.1155143389009,0.07390985333333333,0.2888089017857176
mp-1217459_Zn,mp-1217459,mp-19529,W18O49,intercalation,-0.7568900574999398,6.496076685012705,46.817280534047455,-4.916815855643284,-35.43553415540599,0.0,0.01822654518661082
mp-1172828_Zn,mvc-5731,mp-19443,WO3,intercalation,-0.7207508174999995,180.33126203543486,1368.2347541554643,-129.9739045328463,-986.1563175894618,0.0,0.47942256150000073
mp-1044229_Zn,mp-1044229,mp-25648,WO2,intercalation,-0.7731924424999996,57.714286050753586,494.2719671795762,-44.62424979872582,-382.1673495628562,0.27668941083333287,0.4163976656730757
mp-1041165_Zn,mp-1047879,mp-1041165,Ti2Be3(SiO4)3,intercalation,-0.7350285237499984,115.41695390836966,400.4050864086969,-84.83475324699056,-294.309159564975,0.1760902778750033,0.23770774309523812
mp-1178753_Zn,mp-1178753,mp-21855,VCu3Se4,intercalation,-0.6258259625000009,86.06376026867638,476.654046390524,-53.86093560651373,-298.30247736186976,0.0,0.20534413875000013
mp-1046715_Zn,mp-1046715,mp-1046793,Ti2O3,intercalation,-0.6873174850000034,151.90423169470782,808.3581932688311,-104.40643448926438,-555.5987203766797,0.1311542879999994,0.24419798636363588
mp-1042687_Zn,mp-1042687,mp-1042691,Cu3(SbO3)4,intercalation,-0.6680706024999973,57.32447937865764,372.48657244988635,-38.29679947649848,-248.84732887975446,0.02405554394737397,0.20280992824999977
mvc-5346_Zn,mvc-5417,mvc-5346,TiP2O7,intercalation,-0.6228528850000027,186.62728526058123,674.2390570990024,-116.2413430442715,-419.95174189379514,0.10315983375000037,0.2253830608143943
mp-1043406_Zn,mp-1043408,mp-1043406,Ti(Si2O5)2,intercalation,-0.615441386249993,139.0075068008758,408.5362906763346,-85.55097268468633,-251.43014106727347,0.17871985233333199,0.2444800348437468
mp-1046922_Zn,mp-1046922,mp-1047421,BaTi4O8,intercalation,-0.6553543125000041,102.64849642147924,343.9695190373394,-67.27113480145765,-225.42190766967263,0.21596735417458923,0.29416315923353764
mvc-12466_Zn,mvc-12491,mvc-12466,TiO2,intercalation,-0.5323165474999976,238.08661215480154,1139.5160095406268,-126.73744338821491,-606.5832280196407,0.15088674708333372,0.28142193964286033
mp-1046548_Zn,mp-1046548,mvc-2118,WO2,intercalation,-0.58022974249999,57.714286050753586,468.18279670851257,-33.48754533379952,-271.65358357710545,0.11117587750000091,0.2339293733653829
mp-1042254_Zn,mp-1047985,mvc-15363,SnO2,intercalation,-0.4721955524999993,146.12616073234415,892.1502922443509,-69.00012320171294,-421.2694001593571,0.0686384775000013,0.17509942288461655
mvc-14907_Zn,mvc-14907,mp-25433,TiO2,intercalation,-0.43729878249999615,139.27470654544368,572.3441440405561,-60.90465960536677,-250.2853973599376,0.15242222416666706,0.20797417346154035
mp-1043077_Zn,mp-1043315,mp-1043077,Cu3(WO3)4,intercalation,-0.4784741174999945,45.295734131862545,387.6623276355581,-21.67283641525731,-185.4863901034174,0.16503336736842122,0.2537419297403831
mp-1044823_Zn,mp-1049239,mp-1044823,Ti2P2O9,intercalation,-0.41963061749999975,146.0232496713741,515.3016781115147,-61.27582642895534,-216.236361384721,0.06379014923077087,0.13208790791170788
mp-1040961_Zn,mp-1041044,mp-1040961,P2W2O9,intercalation,-0.44873271500000067,83.881614993919,483.4302166224515,-37.64042483480604,-216.9309536180311,0.044722951762821594,0.16516193635912657
mp-1220761_Zn,mp-1220761,mp-561,Nb3Se4,intercalation,-0.4420286075000015,21.935653676591016,142.84905402563444,-9.696186449265815,-63.14336843364368,0.0,0.03431277212201422
mp-1220442_Zn,mp-1220442,mp-12627,Nb3S4,intercalation,-0.4316717875000031,60.9562851968967,323.60136553514747,-26.313108590304378,-139.689579897999,0.0,0.06040731123077148
mp-1046114_Zn,mp-1046114,mp-1046180,SrTi(PO4)2,intercalation,-0.47861080499999753,137.1485459882407,538.9792374483262,-65.64077600001106,-257.96128671342825,0.09870080749997534,0.17094737141827032
mvc-12157_Zn,mvc-12414,mvc-12404,TiO2,intercalation,-0.34703674999999956,238.08661215480154,1124.1897083114575,-82.62480410071272,-390.1351427558557,0.06085621916666639,0.15131583071428878
mp-1047325_Zn,mp-1047325,mvc-11423,TiO2,intercalation,-0.3301393175000009,238.08661215480154,1252.6103023513458,-78.6017516426736,-413.5359103117431,0.14720832749999957,0.22050408571428903
mp-1044206_Zn,mp-1044206,mp-32416,V3(P2O7)2,intercalation,-0.31499315750000756,94.68478184687275,346.41255279272065,-29.825058401145846,-109.11758380181713,0.026429976996332982,0.080435543835228
mvc-5592_Zn,mvc-5625,mvc-5592,P2WO7,intercalation,-0.3156716150000016,126.66336243022053,614.0440334267812,-39.98402817967825,-193.836271712947,0.1112487600000005,0.23020403301136394
mp-1220470_Zn,mp-1220470,mp-7564,Nb3Te4,intercalation,-0.39240810250000147,32.61220540729354,240.58101082048333,-12.797293642216344,-94.40593795359818,0.0,0.06479499701666658
mp-1043628_Zn,mp-1043628,mvc-11686,SnO2,intercalation,-0.216084937500002,80.21463218461052,454.0817030291278,-17.333173782197214,-98.12021641894356,0.15339968333333331,0.21430300596153895
mp-1047381_Zn,mp-1047404,mp-1047381,SnO2,intercalation,-0.20584948249999838,146.12616073234415,943.680273518052,-30.079994566464627,-194.25609594914792,0.30552921416666745,0.3939781789285721
mvc-4715_Zn,mvc-4746,mvc-4715,TiO2,intercalation,-0.24900240437500054,238.08661215480154,1131.7787050509314,-59.28413887604381,-281.8156187781065,0.1841223029166663,0.22896266089286144
mp-1226796_Zn,mp-1226943,mp-1226796,CeSb2,intercalation,-0.22590067250000567,30.970569019529048,223.92797707705446,-6.9962723692194535,-50.58548061327246,0.0,0.03012008966666624
mp-1041454_Zn,mp-1044892,mp-1041454,Ba(WO2)4,intercalation,-0.25423569750000263,50.27990355093383,422.98750612542057,-12.782946349504522,-107.53852365358293,0.7544837842307697,0.7759480306249991
mp-971857_Zn,mp-971857,mp-998866,C,intercalation,-0.23589568750000006,772.237150801694,5241.93173150196,-182.16741360140685,-1236.5490896307206,2.7556467412500005,1.0427552165625005
mp-1044751_Zn,mp-1044784,mp-1044751,Pr(WO3)2,intercalation,-0.21781044249999804,80.00525186417876,668.0025260532822,-17.42597931086057,-145.49792579078186,0.08748470541666897,0.17694950724999892
mp-1041231_Zn,mp-1041233,mp-1041231,Sn3P3O13,intercalation,-0.17203973250000582,74.19583121553451,296.0742692619961,-12.76463095493614,-50.93653808396851,0.08482373519737152,0.1611040579791636
mp-1044664_Zn,mp-1044664,mp-1118309,TiO2,intercalation,-0.13521109000000076,238.08661215480154,1136.1421139917136,-32.191950343858146,-153.6190136277247,0.181589499166666,0.19427988214285996
mp-1043065_Zn,mp-1043065,mp-1043118,Cu3(MoO3)4,intercalation,-0.186757432499983,64.44214426656428,396.42729835871774,-12.035049408017047,-74.03574441437885,0.019326366372180104,0.1338611697499994
mp-1041295_Zn,mp-1041307,mp-1041295,Ho(WO3)2,intercalation,-0.15533554499999494,77.23594893859078,703.3004414597661,-11.99748822196778,-109.24755737288982,0.1219866808333343,0.19550630562499904
mp-1045883_Zn,mp-1045883,mp-767563,P4WO12,intercalation,-0.18124701749999383,94.84952698129376,345.4066023821165,-17.19119387664469,-62.60391650656488,0.025829942941176576,0.149118957083334
mp-1041394_Zn,mvc-15420,mp-1041394,La2WO6,intercalation,-0.15975316749999502,86.0322883681744,667.5311365795366,-13.74393057408884,-106.64021347345276,0.13947807361111408,0.1780339921249965
mp-1041676_Zn,mp-1041676,mp-1118394,SnO2,intercalation,-0.007477979999999552,146.12616073234415,789.4867600224337,-1.0927285074331894,-5.903766201712205,0.19165878750000065,0.23969738392857298
mp-1044647_Zn,mp-1044647,mvc-5171,TiO2,intercalation,-0.02422311833333035,238.08661215480151,1140.987140087678,-5.767200179807485,-27.638266511151997,0.17114497722222133,0.15361658571428904
mp-1044853_Zn,mp-1044943,mp-1044853,TiO2,intercalation,-0.08535705333333476,238.08661215480151,1140.1047023656624,-20.322371651650382,-97.31597788541161,0.17187998666666537,0.17171343238095638
mp-10630_Zn,mp-971966,mp-10631,Sb,intercalation,-0.06018917750000008,505.70900111481893,3482.658912182411,-30.438208831447575,-209.6183754373043,0.31171507499999995,0.18167191781250014
mp-1043668_Zn,mp-1043668,mvc-12866,SbO2,intercalation,-0.03498610749999864,78.77642679958079,441.30224518106144,-2.7560805364759076,-15.439447789895373,0.38633783666666766,0.46541086413461574
mp-1047616_Zn,mp-1047722,mp-1047616,WO2,intercalation,-0.025779680000001637,107.83425405653526,1037.008531840967,-2.7799325626163576,-26.733748108131635,0.4041517274999986,0.4318545091071435
mp-1227973_Zn,mp-1227973,mp-21594,CaSb,intercalation,-0.06950676250001275,15.30741289392616,70.0845236150386,-1.0639687125077584,-4.8713483378370235,-4.440892098500626e-16,0.0034690110825663645
mp-1195444_Zn,mp-1195444,mp-2250,ZrNi2,intercalation,0.07169699862500001,706.7944071456567,5247.482222620609,50.67503763727984,376.2287256999418,0.04662778500000009,-2.220446049250313e-15
mp-1041997_Zn,mp-1042144,mp-1041997,MoO2,intercalation,0.09811110750000074,166.83846357893333,956.1209285588671,16.368706435327685,93.80608320483954,0.21904455958334346,0.2569194632142855
mp-1014230_Zn,mp-21289,mp-1014230,Ti,intercalation,0.0953045324999997,439.1993470753014,2941.6078669601116,41.85768844731671,280.34856255895477,0.0,0.0
mp-12817_Zn,mp-12817,mp-589,TbFe2,intercalation,0.0687865769999998,679.036237502211,5107.123933101568,46.70857843673598,351.3015736728328,0.0,0.0
mp-1045412_Zn,mp-1047249,mp-25262,TiO2,intercalation,0.056619482500001705,238.08661215480154,1141.6593185515253,13.48034077038348,64.64015980769196,0.17869182333333278,0.13698742500000272
mp-1197936_Zn,mp-1197936,mp-21050,UFe2,intercalation,0.01511255449999993,646.6372875834668,5102.010603263383,9.77234125033727,77.1044133013954,0.0,0.0
mp-1046039_Zn,mvc-2562,mp-1046039,V5O7,intercalation,0.028347100000002623,124.04868528967889,636.4987688723486,3.516420486775382,18.04289425110302,0.20569694871527489,0.18964521227563758
mp-1043075_Zn,mp-1043075,mvc-934,W2O3,intercalation,0.016032872500003403,59.77367404284254,607.3278195580044,0.9583436947856575,9.737209496678558,0.8917490727500006,0.8574488019318185
mp-1045708_Zn,mp-1045708,mp-1117059,WO3,intercalation,0.0747090974999991,180.33126203543486,1562.3124136932088,13.47238583770319,116.71895044006486,0.002365172499999346,0.08730826916666246
mp-1041282_Zn,mp-1041366,mp-1041282,WO2,intercalation,0.013171015833330467,107.83425405653524,959.7319646542857,1.4202866675540058,12.640644902214952,0.34046674694444334,0.3661386126785722
mp-1046917_Zn,mp-1046917,mp-540010,WO2,intercalation,0.0718092549999958,107.83425405653526,958.6972729078008,7.743497447280071,68.84333693803683,0.2639074299999997,0.28376255839285847
mp-1195250_Zn,mp-1195250,mp-929,ZrCo2,intercalation,0.07106899949999979,706.5709983637039,5279.413990481911,50.21529392942442,375.2026702498508,0.0,-4.440892098500626e-16
mp-1143551_Zn,mp-1163950,mp-1143551,Si3(WO6)2,intercalation,0.0787977383333357,191.40353781492553,1194.755538083897,15.082165888815226,94.1440342622386,0.13758832073529526,0.22843207068749827
mp-1202337_Zn,mp-1202337,mp-1383,UCo2,intercalation,0.025215408749999946,644.2372254729015,5125.80888192257,16.24470497226509,129.24936613205782,0.0,-8.881784197001252e-16
mp-11503_Zn,mp-11504,mp-11503,Mn,intercalation,0.0565873149999998,426.8345757467908,3180.334294326903,24.153422590674925,179.96657851837853,0.08596136500000018,0.0
mp-644500_Zn,mp-972048,mp-8637,Mo,intercalation,0.03717279392857144,677.5346810824338,5213.293685143442,25.185857079337683,193.79269184695997,0.4278689600000014,0.0
mp-1204825_Zn,mp-1204825,mp-542633,GdCo2,intercalation,0.08281834025000001,677.1058539772116,5137.650525240768,56.07678299995153,425.4916892849812,0.0,0.0
mp-1046970_Zn,mp-1046970,mp-1047430,Ba(SbO2)4,intercalation,0.09059460250000262,65.54762837392575,379.68623243306854,5.938261337353696,34.397523301997445,0.2889910212980791,0.30267929580357045
mp-1009730_Zn,mp-1183468,mp-1009730,Ca2Sn,intercalation,0.08198527749999984,202.8302439220483,810.2713604677538,16.629093833341788,66.4303223382512,0.03183334583333286,0.021525962499999718
mp-1195553_Zn,mp-1195553,mp-1718,ZrFe2,intercalation,0.05295362837499995,709.4590106571704,5200.085230097438,37.56842879763493,275.36338079290584,0.0,3.552713678800501e-15
mp-1044626_Zn,mp-1044626,mvc-5236,SnO2,intercalation,0.16650898749999987,146.12616073234412,881.4972434035419,24.33131907080486,146.7772134831647,0.25612755277777755,0.24524576345238192
mp-1044153_Zn,mp-1044153,mp-714883,MoO2,intercalation,0.13617049749999444,92.87298608004329,500.191559494073,12.646560718829553,68.11133350160598,0.23038826166667548,0.2440545573076971
mp-1042597_Zn,mp-1042597,mvc-13677,MoO2,intercalation,0.19274786249999698,166.83846357893333,966.8334411403155,32.157757237622995,186.35507917331245,0.09076018833334132,0.119922357857142
mp-1013526_Zn,mvc-11418,mp-1013526,VS2,intercalation,0.14171272750000474,101.96589793035757,385.02917378538774,14.44986550769806,54.56353438420062,0.01721867666666732,0.09138260192307346
mp-1040851_Zn,mp-1040851,mp-1044829,Sn2P2O9,intercalation,0.11782636749999888,105.357714272517,415.5736504871764,12.413916760833464,48.96553366561813,0.05922123076923125,0.12861242791666516
mp-1191566_Zn,mp-570748,mp-1191566,Sb,intercalation,0.12401639249999952,25.921235094299895,159.9960921686304,3.214658065539458,19.84213816485097,0.02797689375000001,0.015976472934783104
mp-1043021_Zn,mp-1043021,mp-1043388,V2O3,intercalation,0.1681600549999991,146.78850181722694,756.4212967806433,24.68396253895235,127.19984686980361,0.23469161174999975,0.18278145522727307
mp-1041123_Zn,mp-1041123,mvc-5928,WO2,intercalation,0.1038661208333358,107.83425405653524,962.3577690655239,11.200325661808721,99.95636832665917,0.3209708941666669,0.3235149945833342
mp-1008728_Zn,mp-971941,mp-1008728,Ni,intercalation,0.11715104249999986,630.8200055291688,5059.707150671055,73.9012212775978,592.749967445818,0.09799367000000014,0.03913930560810819
mvc-4401_Zn,mvc-4501,mvc-4401,Ge3(WO6)2,intercalation,0.16135238124999784,165.13207899192227,1113.1342699863606,26.6444541661094,179.60686511327728,0.10081819102941036,0.18939306168750214
mp-1041934_Zn,mp-1041934,mp-1041993,MoO2,intercalation,0.2896379275000007,166.83846357893333,996.1794385815729,48.3227468182866,288.531348008881,0.2887212741666758,0.2619204128571422
mp-1044440_Zn,mp-1044495,mp-1044440,Pr(SbO3)2,intercalation,0.2950962099999983,98.2039521287678,599.8073670900128,28.979614080220642,177.0008807583405,0.17575692444444346,0.2241254942500026
mvc-11754_Zn,mvc-14775,mvc-11754,V2S5,intercalation,0.26461637999999743,163.61471691792343,523.894658416015,43.29513410554524,138.63110801138106,0.25207495125,0.34740118687499955
mp-1046871_Zn,mp-1046871,mvc-2949,SbO2,intercalation,0.21360009750000009,143.7359596030407,842.7400562905156,30.702014985465567,180.00935819080968,0.27279278750000024,0.358599745357143
mp-1044100_Zn,mp-1044100,mp-1044162,PWO5,intercalation,0.27622055499999965,81.83277076183904,454.18405412302843,22.603893357022926,125.4549715020128,0.06168108214282597,0.09057866435185069
mp-1044880_Zn,mp-1044880,mvc-9896,SnO2,intercalation,0.3475889283333351,146.12616073234412,881.7489774134689,50.791835610420165,306.48618211816176,0.29785052888888863,0.22927118845238237
mp-1046050_Zn,mp-1046078,mp-1046050,Cr5O7,intercalation,0.36476162249999566,122.5531875728318,630.4244521598564,44.70269954161243,229.95464603350013,0.27078710624999935,0.21048229384615347
mvc-12595_Zn,mvc-15152,mvc-12595,MnO2,intercalation,0.3707533075000007,175.9252532043106,943.7026716057336,65.22486949827325,349.88088679441273,0.19585773642857873,0.24321407749999935
mp-1045304_Zn,mvc-3953,mp-1045304,SbO3,intercalation,0.3430747850000002,113.9677699791878,723.5064035888726,39.09946818253933,248.21680385737585,0.11526537055555686,0.16082071612500126
mp-1043629_Zn,mp-1043629,mp-1043760,Si4WO10,intercalation,0.3265885587500086,102.7693716508322,426.3983360414702,33.56330097108928,139.25681802118558,0.2032333313333332,0.1889624225260409
mp-1041428_Zn,mp-1041428,mp-1047920,Mo3P3O13,intercalation,0.33698828749999654,81.94386369898517,323.8299744272065,27.614122299054145,109.12690852339199,0.04005591421052834,0.038361533838237705
mp-1189981_Zn,mp-1189981,mp-510522,Zr5Sn3,intercalation,0.3598838024999984,61.0749308244994,457.6923294294132,21.979878342545206,164.71605589013913,0.0,2.6645352591003757e-15
mp-1045350_Zn,mvc-11251,mp-9027,TiS2,intercalation,0.3913336974999999,185.21909832482493,679.3970326049058,72.48247459506977,265.8709528398058,0.022005891666666777,0.04833053214285865
mp-1044491_Zn,mp-1044491,mp-1047842,Ba(MoO2)4,intercalation,0.3244592724999982,75.02256530591184,425.7719670993729,24.34176696023976,138.14566269595568,0.5568545380769212,0.5193272535714284
mp-1043919_Zn,mp-1044069,mp-1043919,LaFeWO6,intercalation,0.3896009025000047,99.26550496117555,689.8466113961193,38.673930319992685,268.7648623864981,0.07314981652777774,0.07960242624999836
mp-1045325_Zn,mp-1045325,mp-637219,Mo4O5,intercalation,0.43368639499998585,53.985014661257026,331.56340726861237,23.41256639246194,143.7945388122366,0.4767370338888881,0.44180446947368424
mp-1047621_Zn,mp-1047650,mp-1047621,MoO2,intercalation,0.47180307500000174,166.83846357893333,1056.3092785605775,78.71490014481654,498.36996577591384,0.27337725500000865,0.1967212114285708
mp-1042654_Zn,mp-1042654,mvc-13015,Cu3(SnO3)4,intercalation,0.44479565250000297,58.08227974271332,384.81911908383654,25.834745516847875,171.16587116737142,0.05399860526316225,0.16649429925000003
mp-1042605_Zn,mp-1042605,mp-1043379,Cr2O3,intercalation,0.40468849000000295,145.112189650335,762.7335018851117,58.72523291018813,308.66946915030024,0.2878689244999997,0.207787277727272
mp-1190609_Zn,mvc-12124,mp-1190609,VO2,intercalation,0.47220724875000064,231.7569087088192,1230.735181697767,109.43729224019657,581.1620740893347,0.0817632433333415,0.1679647517857159
mp-1104162_Zn,mp-1104162,mvc-34,MnS2,intercalation,0.47913800749999913,176.589786751284,685.2401384161692,84.61087856885996,328.32459457974693,0.012210162499998845,0.04632809285713968
mp-25633_Zn,mvc-5127,mp-25633,V(SiO3)2,intercalation,0.44408493000000027,199.62528647996768,759.555569236064,88.65058137268645,337.3071817953078,0.07016752111110591,0.05581319800000539
mp-1040930_Zn,mp-1041036,mp-1040930,Mo2P2O9,intercalation,0.4240381100000028,115.71537389292374,479.4304902957929,49.06772844349905,203.2967989814027,0.029701517884593187,0.03180670925420426
mp-1046949_Zn,mp-1047052,mp-1046949,Nb2WO8,intercalation,0.46844996999999955,170.58350371911732,1129.5226161330713,79.90983719971531,529.1248356418582,0.21678539284091158,0.15484326557692363
mvc-6278_Zn,mvc-6278,mvc-6377,MoO2,intercalation,0.5162415299999998,166.83846357893333,989.5362441094869,86.1289437008378,510.83970464953484,0.3071025225000099,0.21293188214285763
mvc-11208_Zn,mvc-11208,mvc-13694,La2MoO6,intercalation,0.5585586974999948,100.16318355211733,671.9837311041227,55.947017342323555,375.34235758670553,0.1419289349999957,0.08735393949999981
mvc-11275_Zn,mvc-14772,mvc-12727,VS2,intercalation,0.5952311299999997,181.36558951554824,694.2841284488685,107.95444479045588,413.25952631768496,0.08830045833333244,0.08630223571428619
mvc-13217_Zn,mvc-13217,mp-714944,VO2,intercalation,0.5818322625000056,134.96219684281274,577.868383183515,78.52536034102485,336.22246881488473,0.1441661933333407,0.16891677653846848
mvc-11573_Zn,mvc-12618,mvc-13223,VO2,intercalation,0.5798637387500043,231.7569087088192,1113.5142472968423,134.38742756503933,645.6865345889438,0.1373195916666745,0.18482548178571445
mp-1043518_Zn,mp-1043518,mp-1043652,V(Si2O5)2,intercalation,0.573728780000001,137.90796107531213,438.6347368521355,79.12176626002646,251.6573724397972,0.15741176700000992,0.1267820684375156
mp-1044091_Zn,mp-1044091,mp-1044164,MoPO5,intercalation,0.5433541799999992,111.8521463639059,496.24082221782277,60.77533126879999,269.63452503869047,0.06745809071428432,0.1321888986666515
mp-1043368_Zn,mp-1043368,mp-775220,V(GeO3)2,intercalation,0.5635360050000009,149.88515324909653,714.5828064458047,84.46568047080876,402.6931399861577,0.051349580555553054,0.04740525154166608
mp-1043195_Zn,mp-1043218,mp-1043195,V(GeO3)2,intercalation,0.5672833750000001,149.88515324909653,723.1546964050624,85.02735559753972,410.23363682376424,0.05487985388888639,0.049833023541665966
mp-1043389_Zn,mp-1044171,mp-1043389,NiP2WO9,intercalation,0.5666497800000037,104.3093539678173,493.57792306948,59.106872477806185,279.68582152017956,0.029352228750000542,0.10342439880951737
mp-1215886_Zn,mp-1215886,mp-754767,Fe3(SnS4)2,intercalation,0.5486559275000054,73.74348962489105,341.991073484306,40.45980269723162,187.6354296192544,0.16838824961538723,0.15839506607142972
mp-1044744_Zn,mp-1044778,mp-1044744,Pr(MoO3)2,intercalation,0.5882733299999976,108.46563445701901,674.6612182681611,63.80743997259305,396.8852014924663,0.12688278277776455,0.06126331339998892
mp-10870_Zn,mp-10870,mp-2649,Zr5Sb3,intercalation,0.5525485724999988,60.44476624898858,464.6741392973466,33.39866930597474,256.75503234641445,0.006427100312500045,0.0
mp-1043184_Zn,mp-1043184,mvc-11840,V4(CuO4)3,intercalation,0.662620912500008,82.23762769907742,443.45891507899546,54.49237190779861,293.8451509659075,0.07064124815789352,0.11254016524999866
mp-1045634_Zn,mvc-12573,mp-1045634,FeO2,intercalation,0.6412137575,262.3261828454324,1472.3291978849068,168.20715739295176,944.077737252742,0.17254928490384813,0.1695794192857134
mp-1046251_Zn,mp-1046251,mp-1046357,Ta2WO8,intercalation,0.6167291487500015,133.24972221081316,1124.0838230427044,82.17898775024896,693.2552593087744,0.2785103268181821,0.16768672266025497
mp-1041899_Zn,mp-1041899,mp-776137,VO2,intercalation,0.6412883600000022,231.7569087088192,1114.7576900015652,148.6230079045489,714.8811308184946,0.09856695500000612,0.13405904428571436
mp-1042407_Zn,mvc-6749,mp-1042407,CuW2O7,intercalation,0.605339393333336,88.07139354843578,527.3820949284124,53.31308394063159,319.24515739882895,0.23916904233333547,0.2616079851515165
mp-1040786_Zn,mp-1040786,mp-1040834,WO2,intercalation,0.6469424875000036,107.83425405653526,961.2182345216154,69.76256055704228,621.8529156717757,0.5891941833333334,0.3982559948214295
mvc-1_Zn,mvc-11132,mvc-1,NiS2,intercalation,0.6021934700000009,172.32587436884094,775.3110727770759,103.77351625695654,466.88726524505057,0.03564230499999965,0.11021819642857178
mp-1043944_Zn,mp-1044082,mp-1043944,LaFeMoO6,intercalation,0.6952920925000021,118.56547752249828,692.8282987980773,82.4376389648798,481.71803761453185,0.11192866472223173,0.08138168441665883
mp-1040974_Zn,mp-1040974,mp-1041198,Ho(MoO3)2,intercalation,0.6272040875000022,103.43754665045537,728.8998884532814,64.87645206013778,457.16898941619377,0.12714638111111043,0.07629409012499622
mvc-3753_Zn,mvc-3753,mvc-3816,WF5,intercalation,0.6871699162500007,155.7134688229578,830.7591491091695,107.001611330069,570.8726949172698,0.016620548611109953,0.08765019178571443
mvc-14167_Zn,mvc-14226,mvc-14167,WF5,intercalation,0.6922653675000006,155.7134688229578,837.8271212542534,107.79504171942476,579.9986999965432,0.018117137361110203,0.08747713892857156
mp-1042860_Zn,mp-1043064,mp-1042860,Fe2(WO4)3,intercalation,0.6742765091666647,84.34183289297474,473.4931158703205,56.869716659793184,319.2652852834868,0.1160100414705898,0.08744992161642706
mvc-5033_Zn,mvc-5052,mvc-5033,MoWO6,intercalation,0.6467717137500002,211.6208260987461,1557.3264848630613,136.87036436107678,1007.2347194831459,0.03610905718750068,0.0619451477499986
mp-1041271_Zn,mp-1044331,mp-1041271,BaV4O8,intercalation,0.6483559375000048,100.28670442520433,459.77329461023095,65.02148026638923,298.0967454644822,0.30922833225961455,0.2252210931391092
mvc-13889_Zn,mvc-13889,mvc-14553,FeN,intercalation,0.6511650875000021,261.3345790527502,1453.365599816324,170.17195403566032,946.3809379738897,1.0535973075000005,0.5824118109999974
mp-1045736_Zn,mvc-4002,mp-715584,MoO3,intercalation,0.7536197387500017,256.04814734803864,1574.6072524434153,192.96293791185082,1186.6551062202645,0.0,0.09096304499999519
mvc-11245_Zn,mvc-11245,mvc-11411,FeS2,intercalation,0.7511152475000009,175.54079857642748,784.4526832997856,131.85137036908114,589.2143713687583,0.24582602999999992,0.15693160285714036
mp-1044037_Zn,mp-1044037,mp-540486,Fe3(P2O7)2,intercalation,0.7212743274999887,92.28673262520283,351.93187222975547,66.56405101141443,253.83942446832882,0.042033766547589835,0.054442066278405754
mvc-11970_Zn,mvc-11970,mp-25620,V2O5,intercalation,0.7078639500000015,216.7624225602405,897.4659643675554,153.43830464506127,635.2838025277783,0.0,0.12202416312499942
mp-1047618_Zn,mp-1047669,mp-1047618,VO2,intercalation,0.7032093099999961,231.7569087088192,1224.9694853554613,162.97361586086083,861.4099465678643,0.15368191416667187,0.16360873785714425
mp-1042621_Zn,mp-1042621,mvc-11034,Ti4(CuO4)3,intercalation,0.7910589524999998,83.81909135822787,433.87055744361385,66.30584260934152,343.21718869193614,0.06000348421052948,0.13886118437500006
mvc-11653_Zn,mp-4697,mvc-13180,CrSe2,intercalation,0.7669484000000018,110.46663538153668,597.1185570891881,84.72220925925313,457.95912196986257,0.02497793416666738,-8.881784197001252e-16
mp-1047930_Zn,mp-1047930,mp-1047945,BaWF7,intercalation,0.7136890199999981,103.16896064074123,592.7947262049443,73.63055441410899,423.0710872063739,-1.0658141036401503e-14,0.018555043749996614
mp-1042928_Zn,mvc-8032,mp-1042928,Fe2(MoO4)3,intercalation,0.71482896916667,116.59301566501397,491.37861330423823,83.34406519985535,351.2516676188164,0.04559986750000178,0.06993621858108323
mp-1041288_Zn,mp-1044490,mp-1041288,BaCr4O8,intercalation,0.7889577975000015,99.50141171426874,476.2312406074785,78.50241463423032,375.72635069036954,0.41302350955129796,0.44298571946429277
mp-1046184_Zn,mp-1046206,mp-1046184,SrSn(PO4)2,intercalation,0.7428851150000049,116.10371371880278,492.676593394392,86.25172071792045,366.00210774160354,0.12054605541663932,0.08016600237979521
mvc-5133_Zn,mvc-5133,mvc-5310,VO2,intercalation,0.8733223587499999,231.7569087088192,1120.4205499973314,202.39849017019438,978.4883175156416,0.13961111416667293,0.10294432392857278
mp-1143651_Zn,mp-1154656,mp-1143651,Si3(MoO6)2,intercalation,0.8056828025000018,242.05217612521764,1201.2467058091297,195.0172756117894,967.8238124301948,0.17656564691176513,0.1467573912916551
mp-1042978_Zn,mvc-8027,mp-1042978,W3O8,intercalation,0.8613274687500031,132.29857227249067,1087.8401585395907,113.95239437470374,936.9866101595077,0.3720735545279723,0.19546116326922913
mvc-11162_Zn,mvc-13905,mvc-11162,NiN,intercalation,0.8650186025000005,254.27240705101732,1426.9044864900184,219.9503622015823,1234.2989248045765,0.876714531706666,0.48261162828600046
mvc-13747_Zn,mvc-13747,mvc-15478,CoN,intercalation,0.8348450374999987,253.69525147311086,1496.8118773977044,211.79622172964085,1249.60596791653,0.9143312824999992,0.41204493345890736
mp-10824_Zn,mp-10824,mvc-13140,Cu2GeSe4,intercalation,0.8549798375000015,92.26284975326098,493.4118976317875,78.88287628933013,421.8572240577931,0.043777913058037576,0.0024156937500001696
mp-1047152_Zn,mvc-5781,mp-1047152,IrWO6,intercalation,0.8780063862499996,177.8255286699595,1628.6379346966985,156.13194981050685,1429.954507552711,0.02724119359374999,0.18122486424999984
mp-1008753_Zn,mp-999072,mp-1008753,Ti2Al,intercalation,0.8803349175000004,284.93339099410457,1351.2028286528425,250.83681325379038,1189.5110306878673,0.8937391891666673,0.2858661875000008
mvc-4408_Zn,mvc-4440,mvc-4408,Ge3(MoO6)2,intercalation,0.8593707041666696,201.5098975457726,1117.0723944494043,173.17170255046403,959.9792902231324,0.13228862147058873,0.1053499929583328
mp-1041130_Zn,mp-1041130,mvc-13146,HoV2O6,intercalation,0.8945588950000007,125.1765983339059,814.620556765028,111.9778394854378,728.7260651040089,0.16493633555555398,0.09281935106250572
mp-1046984_Zn,mp-1046984,mp-1047280,Ba(SnO2)4,intercalation,0.8714540775000024,66.54031662564316,410.94407282212416,57.986830241557925,358.118887885298,0.34052993942308074,0.2283538614285714
mp-1044451_Zn,mp-1044485,mp-1044451,PrTi2O6,intercalation,0.8243239625000007,134.66489127981058,759.8295074572565,111.00749678940525,626.3456704115895,0.12514240506944319,0.12877888374999458
mvc-13133_Zn,mvc-14983,mvc-13133,Cu2SnSe4,intercalation,0.9110676825,85.48421533894262,466.1033174688835,77.88190595918141,424.6516692519375,0.07064465073214343,0.034798075922913174
mp-1045431_Zn,mvc-98,mvc-11244,CoS2,intercalation,0.9767349699999966,172.0605890473609,798.6976577642167,168.05759428135582,780.1159327953998,0.0970651466666661,0.028144689642857657
mvc-12116_Zn,mvc-12116,mvc-12283,MnO2,intercalation,0.9753954050000018,224.0152127698803,1238.1219659911844,218.50340918583896,1207.6584764573697,0.024919674999999586,0.17302522928572195
mvc-11561_Zn,mvc-12055,mvc-11561,MnO2,intercalation,0.9902877062500024,224.0152127698803,1085.2470886875515,221.839511218991,1074.7068501708882,0.014088152083333583,0.159486123571436
mp-1045954_Zn,mp-1045954,mvc-12205,Fe9O13,intercalation,0.9593134500000011,127.4114437497666,691.5535708847249,122.22751167306969,663.4166419452457,0.1890886654545465,0.10125417020833272
mp-1047813_Zn,mp-1047813,mp-1047927,V3P3O13,intercalation,0.9095704674999943,103.25199636717012,354.0015794955466,93.91496660599464,321.9893821575007,0.028122262938611087,0.05495206331250202
mp-1043719_Zn,mp-1043719,mp-774537,Ti2(PO4)3,intercalation,0.9612803400000067,120.17063374820887,392.84540121740923,115.5176676674945,377.6345608497102,0.011676205625002822,0.019167266290509133
mp-1046421_Zn,mp-1046426,mp-1046421,SrV(PO4)2,intercalation,0.9729422075000023,136.0780990498032,539.1587587007422,132.39612608191948,524.5703128832612,0.07587768375002835,0.02541293503291797
mp-1043403_Zn,mp-1043405,mp-1043403,Si4SnO10,intercalation,0.9996744450000015,117.43318117338907,405.38499236891136,117.39495021409235,405.2530172577213,0.190920408166666,0.09089779104166507
mvc-4829_Zn,mvc-5694,mp-714969,MoO2,intercalation,1.0438069150000024,166.83846357893333,999.7502536983529,174.14714197166666,1043.5462280833476,0.23453712166667628,0.0
mp-1046059_Zn,mp-1046059,mvc-12039,Fe5O7,intercalation,1.0638506400000032,117.388227208341,638.0328777037505,124.88354064405935,678.7716852861787,0.192341374583334,0.09137778346153258
mp-1048393_Zn,mp-1048393,mvc-5816,CoO2,intercalation,1.0766530775000027,216.77645711526887,1276.514837257198,233.39303968270158,1374.3636280073774,0.026139501250000308,0.24200639134398472
mp-1045448_Zn,mp-4194,mvc-14769,CrS2,intercalation,1.0863318475,180.08044955976564,702.9137777098327,195.62712746889076,763.5976227727268,0.01916975750000116,-1.1546319456101628e-14
mvc-16062_Zn,mvc-16062,mp-510748,V2O5,intercalation,1.0726430575,124.89942822640805,414.5690018779618,133.97250457277613,444.6845617191002,0.011433664999998427,0.04464568333332686
mp-1043107_Zn,mp-1043107,mp-1043472,NiMoP2O9,intercalation,1.0164341137499995,125.83312231431985,506.2587358627256,127.90107815995098,514.5786495148245,0.042891417019230715,0.07467927857142165
mp-1041048_Zn,mp-1041048,mvc-12304,V2P2O9,intercalation,1.0717698462500116,143.61752922811343,529.4549361767873,153.92493721962168,567.4538355425051,0.03448570776711257,0.04953474473214392
mp-1041415_Zn,mp-1041415,mp-1047798,CuMoO4,intercalation,1.0530086787500017,104.61641800009313,490.69948958402,110.16199609383597,516.7108211901691,0.06990616604166622,0.07013889227564363
mp-1043308_Zn,mp-1043308,mvc-8359,Cr(GeO3)2,intercalation,1.0838236124999958,149.44445897683406,716.2369651627931,161.97143339637972,776.2745349887721,0.10414524833334049,0.08682180954166352
mp-25502_Zn,mvc-5136,mp-25502,Cr(SiO3)2,intercalation,1.0269811950000096,198.84432838104522,744.1097260153889,204.20938597974015,764.1866956344138,0.11165634722221185,0.07253186700000036
mp-1044267_Zn,mp-1044402,mp-1044267,TiV(PO4)3,intercalation,1.0310398675000036,119.34801377451845,396.4154199909747,123.05256030846812,408.72010210245287,0.013664724191182032,0.04080859333334441
mp-1100823_Zn,mp-1100825,mp-715479,Mo3O8,intercalation,1.1518496391666655,262.7415039967799,1535.2253605860494,302.6387065727979,1768.3487776305549,0.2875389770129875,0.05751693928571466
mvc-12571_Zn,mvc-12571,mvc-14274,CrO2,intercalation,1.1261697775000008,114.83127315243118,568.7261455927103,129.31950933611523,640.4821968405756,0.1419105019230784,0.22437463142857084
mvc-11654_Zn,mvc-11654,mp-25547,MnO2,intercalation,1.1027607525000014,129.74013063164924,572.5638080226933,143.07232408480598,631.4008957893716,0.012718499166666675,0.07400217177884816
mp-1043611_Zn,mp-1043611,mvc-12005,Fe2O3,intercalation,1.155813952499995,139.30612417336863,768.2197693799599,161.0119619882763,887.9191280356861,0.24658099549999957,0.11400630227272757
mp-1042573_Zn,mp-1042573,mp-1045581,CoO2,intercalation,1.1682830424999984,108.38822855763443,559.1697519026469,126.62812943049836,653.2685390267936,0.16323257861538387,0.24211382812969795
mp-1048280_Zn,mp-1048280,mvc-11564,CoO2,intercalation,1.10664365875,216.77645711526887,1173.686622852174,239.8942916329036,1298.8528585390611,0.02008124416666579,0.22824486205827021
mp-1045698_Zn,mvc-15883,mp-1045698,VO3,intercalation,1.122619980000001,163.076929457,877.3888237740911,183.0734192854789,984.9742237974945,0.09188157194444369,0.079719790499996
mp-1044293_Zn,mp-1044293,mvc-13330,V3O7,intercalation,1.1384324162500028,162.32043223450893,629.4879422596391,184.79084187547684,716.6294791068832,0.06667125699999943,0.056700832045457616
mp-1040910_Zn,mp-1040983,mp-1040910,VO2,intercalation,1.1318176250000014,231.75690870881922,1125.1673885666426,262.3065539921579,1273.484281454951,0.16280219666667506,0.048966604285715754
mp-1048892_Zn,mp-1048892,mvc-11089,VO2,intercalation,1.1697351824999962,231.7569087088192,1121.6451839321494,271.0942099041456,1312.0278339271147,0.2131312483333403,0.08127220357143017
mp-1040837_Zn,mp-1040837,mvc-12174,CrPO4,intercalation,1.17594254125,149.1689691475048,551.8002656906517,175.41413665495966,648.8854066986902,0.18777428375001648,0.0551664100641025
mp-1048243_Zn,mp-1048243,mp-32442,VP2O7,intercalation,1.1630197624999972,184.65071689744016,690.9903023149955,214.75243291151506,803.6353772881872,0.10372307050000007,0.01703126153409329
mp-1042994_Zn,mvc-7999,mp-1042994,Cr3(FeO6)2,intercalation,1.1601529524999896,144.149630643709,537.5739720662257,167.235619593082,623.6680308797787,0.030076489117645266,0.11512213229729262
mp-1043069_Zn,mp-1043069,mp-1043136,Cr4(CuO4)3,intercalation,1.1754477575000002,81.70881914493295,448.11571822260856,96.04444823188452,526.7366160852672,0.02905942263158323,0.08749906925000595
mp-1041326_Zn,mp-1041326,mp-1041341,BaSbF7,intercalation,1.1880484024999993,117.16883290530627,576.385640848771,139.20224475593847,684.7740398343208,0.017040752499991818,0.05667824974999203
mp-1043615_Zn,mp-1043615,mp-694554,Mn3(P2O7)2,intercalation,1.1371504100000087,92.72107874448356,345.0401291972772,105.43781270993257,392.36252438313977,0.017486082619033283,0.06546154355114009
mp-1147769_Zn,mp-6408,mp-1147769,Cu2GeS4,intercalation,1.107886537500002,136.25527823391226,584.3529978001249,150.95538841866843,647.3968194105266,0.05940118925595339,0.0
mp-1044492_Zn,mp-1044499,mp-1044492,Pr(SnO3)2,intercalation,1.1814907999999966,99.31384174546902,635.8206407086526,117.33839033492725,751.2162374473763,0.2255363977083329,0.1720601796250003
mp-1046815_Zn,mp-1048339,mp-1046815,BaTl(CoO3)2,intercalation,1.1438218741666666,123.00151983957475,874.3225696793353,140.69182894825082,1000.0692802768332,0.3560478011249959,0.309351103260866
mp-1041381_Zn,mp-1041381,mp-1041443,Cr4O9,intercalation,1.2751023925000005,128.4247815282167,512.7015693355053,163.75474618291898,653.7469976982077,0.21200437932692395,0.26808137724702785
mvc-15502_Zn,mvc-3986,mvc-15502,Cr2O5,intercalation,1.2724486925000007,340.5447061725355,1727.2084133721173,433.3256661070397,2197.7840872703514,0.27629815910714406,0.4174606105555547
mp-1047285_Zn,mvc-12661,mp-1047285,FeO2,intercalation,1.255302981250002,222.32981598454444,1293.5829309115725,279.091280826163,1623.8385096674124,0.16535414270833382,0.32825721928571294
mp-1041352_Zn,mp-779972,mp-25476,CoO2,intercalation,1.247617187499999,342.8592910803677,2219.4591403219815,427.7571444459319,2769.0353704196764,0.01391533916666532,0.09697704999999956
mp-1045535_Zn,mp-18879,mp-714960,VO2,intercalation,1.2915254400000058,231.7569087088192,1131.9487595669975,299.3199434931989,1461.9406197572273,0.1589104300000077,0.0
mp-1048867_Zn,mp-1048867,mvc-5548,VO2,intercalation,1.2113130258333356,231.75690870881922,1122.7455430990053,280.7301623458599,1359.9963010521478,0.16260712305556346,0.026086426666668494
mp-1046701_Zn,mp-1046701,mp-1216303,VPO5,intercalation,1.2806977825000003,235.80267961251823,934.0777603618947,301.9919688873101,1196.2713163780452,0.051249134107141714,0.024470714531251048
mp-1043063_Zn,mp-1043063,mvc-12083,Mn4(CuO4)3,intercalation,1.2180065525000052,80.26895248502284,446.6485270505446,97.7681100890694,544.0208326120392,0.047540125021927615,0.09129526918749953
mp-1047020_Zn,mp-1047020,mvc-5268,SbAsO5,intercalation,1.223521743750003,156.69367352835738,691.0859897143386,191.7181166700095,845.5587352164841,0.1788513200000006,0.13609141947916292
mp-1046891_Zn,mp-1046891,mvc-4364,BiO2,intercalation,1.394073677500001,97.92867224555083,791.4124095121,136.51978425004734,1103.28720814767,0.1873348675000006,0.19388067821428656
mp-1047121_Zn,mp-1048271,mp-1047121,CrO2,intercalation,1.3441076250000008,229.66254630486236,1268.5998833141057,308.69117966528125,1705.1347762366008,0.07064999291666751,0.18349036821428566
mp-1041909_Zn,mp-1041909,mvc-11581,CrO2,intercalation,1.3414389475,229.66254630486236,1146.101753656686,308.07828439536456,1537.425530153129,0.16324186416666642,0.26361730857142796
mp-1046527_Zn,mp-1046556,mp-1046527,Cr5(TeO6)3,intercalation,1.326394153124999,179.81451350827763,994.6112912658388,238.5049193643956,1319.246601367114,0.1251323708894212,0.1374306344722287
mp-1047153_Zn,mp-1047153,mvc-5626,MoAsO5,intercalation,1.3252923350000017,169.48610199874824,791.1136900458906,224.6186318679695,1048.456909531386,0.15907598241071508,0.10204027145833017
mp-1044987_Zn,mvc-12616,mp-1044987,NiO2,intercalation,1.4572609375000005,108.59885781487534,609.6797381874293,158.2568733507345,888.4624668457681,0.18907567948718018,0.23716888000000047
mp-1045833_Zn,mp-1045871,mp-1045833,Mn9O13,intercalation,1.4177376275000007,128.6595742775969,665.5293965613606,182.40551959148036,943.5460677124105,0.22401003133522757,0.10303206083333905
mp-1042996_Zn,mp-1042996,mp-1043363,Mn2O3,intercalation,1.4182913350000113,140.63202603106913,733.5390806276399,199.45718394336137,1040.3721219380564,0.22409007012500126,0.10578115318181958
mvc-11657_Zn,mvc-11657,mp-25519,FeO2,intercalation,1.4669841725000035,128.61083196651722,594.7810250867184,188.67005490693828,872.5343499055434,0.24124088395833354,0.29055414644230915
mp-1046956_Zn,mp-1046956,mp-1047467,Ba(BiO2)4,intercalation,1.4411681374999978,45.94594271106135,351.0610239555719,66.21582868258189,505.9379620428937,0.29083765221153257,0.22620729526785155
mp-1043740_Zn,mp-1043740,mp-540500,Co3(P2O7)2,intercalation,1.4718489424999934,90.83781687234764,364.6996852951289,133.69954470257295,536.7828461317159,0.02321993869047123,0.059413517414776074
mvc-3757_Zn,mvc-3757,mvc-3781,MoF5,intercalation,1.4683630499999984,209.10802160704287,843.709152410459,307.046492386383,1238.871344346335,0.04928318666666609,0.05658247785714199
mvc-12227_Zn,mp-567090,mvc-12227,Mn3Nb2O9,intercalation,1.4634588900000032,95.71436411243876,491.115169664382,140.07403706104577,718.7268610591997,0.10292693008929454,0.0
mvc-14217_Zn,mvc-3081,mvc-14217,MoF5,intercalation,1.4848833949999984,209.10802160704287,846.2227954655399,310.50102904559884,1256.54217745726,0.05167619833333248,0.053913532142856546
mp-1044002_Zn,mp-1044107,mp-1044002,LaTaFeO6,intercalation,1.4427698150000032,99.80001575580009,691.218049280291,143.9884502689931,997.2685370847886,0.1534193410416691,0.07315758874999823
mvc-13841_Zn,mvc-15351,mvc-13841,CuN,intercalation,1.4039747324999994,243.08146185690964,1320.9896858899401,341.2802303862635,1854.636140882587,1.3214843363100002,0.5324764221730005
mp-1046501_Zn,mp-1046507,mp-1046501,Ba2Tl2Co3O10,intercalation,1.4532474825000015,93.13894678366326,647.6096214334038,135.35393993606024,941.1370519908731,0.3068876694852829,0.19294058994459906
mvc-14257_Zn,mvc-15081,mvc-14257,Mo3O8,intercalation,1.571869268750001,196.12040656330174,1088.141283919517,308.27564005161,1710.4158442512585,0.32965134792207884,0.23426373183229998
mvc-5089_Zn,mvc-5089,mvc-5295,CrO2,intercalation,1.5966345768749988,229.66254630486236,1150.2437161593969,366.6871624434987,1836.5188890532847,0.17902180083333263,0.2042299316071423
mp-1047150_Zn,mp-1047150,mp-673105,Cu3(P2O7)2,intercalation,1.5814680599999966,88.75637727755702,350.55465281739725,140.36537578576588,554.3909867151016,0.006319616309522935,0.05210484286931827
mp-1046082_Zn,mvc-2591,mp-1046082,Co5O7,intercalation,1.572648409999997,113.54857269548049,727.4036141066401,178.57198230731646,1143.9501371530591,0.2730059288541664,0.1830012884615364
mvc-5644_Zn,mvc-5769,mvc-5644,VAsO5,intercalation,1.5174564237499992,197.60069507547783,833.6960986701259,299.8504440797487,1265.0975003822957,0.11405192035714329,0.04401228458333151
mp-1043995_Zn,mp-1044018,mp-1043995,LaFeSbO6,intercalation,1.5141082424999985,112.15982995605337,712.8898660135577,169.82212301385866,1079.3924221258474,0.18477749409722133,0.10543301120000326
mp-1047902_Zn,mp-1047902,mp-1047957,BaMoF7,intercalation,1.5719797274999983,124.17727813555399,606.4650008016006,195.20416384521965,953.3506866983863,0.002961488888883146,-1.5987211554602254e-14
mp-1043966_Zn,mp-1044032,mp-1043966,LaVFeO6,intercalation,1.5825664024999975,131.6711103107822,752.0726305806579,208.37827535771493,1190.2048773967413,0.23813144298611277,0.1214391630000069
mp-1043129_Zn,mp-1043129,mp-1043303,Fe4(CuO4)3,intercalation,1.572262637499994,79.83524273859561,437.8740811915469,125.52196931363657,688.453057787108,0.0687880025328953,0.09893642071874975
mp-1043067_Zn,mp-1043134,mp-1043067,Co4(CuO4)3,intercalation,1.556522642500004,78.39296906655619,473.790310348287,122.02043136489712,737.4653458542127,0.05809509792763379,0.09238235813124884
mp-1046422_Zn,mp-1046422,mp-1046448,SrCr(PO4)2,intercalation,1.5337101199999998,135.71475815331053,543.6998829022366,208.14709801308484,833.8780126499752,0.08802343900466258,0.03332008438461642
mp-656884_Zn,mp-767117,mp-656884,Ni9O10,intercalation,1.6867277524999955,71.12508181917728,466.5489595992866,119.96864940323918,786.9410780561159,0.049996571842105375,0.05044986824999942
mp-1041961_Zn,mvc-12607,mp-1041961,CrO2,intercalation,1.6652039462500006,229.66254630486236,1143.5495120782512,382.43497841268027,1904.2431602449665,0.1809193983333337,0.1862651953571417
mp-1047660_Zn,mp-1047660,mvc-14931,MnO2,intercalation,1.6148569387499996,224.0152127698803,1234.454537197829,361.7525207269987,1993.4674749653336,0.20150195625000045,0.141678175000008
mp-1047343_Zn,mp-18751,mp-25545,MnO2,intercalation,1.601654444999999,224.0152127698803,1118.0125501318012,358.7949612804993,1790.6697704843834,0.03180992083333223,7.105427357601002e-15
mvc-11541_Zn,mvc-15039,mvc-11541,FeO2,intercalation,1.671562746249998,222.32981598454444,1166.8162836487923,371.6382377803818,1950.4066314651918,0.3515283256249999,0.36890372892857126
mp-1044783_Zn,mp-1044783,mp-1044873,Bi2P2O9,intercalation,1.6910654999999983,77.7629993710936,424.31600168305437,131.50232541297797,717.5461515441544,0.15290911009615282,0.157159004464285
mvc-5000_Zn,mvc-5100,mvc-5000,CrWO6,intercalation,1.686055703750005,231.72119218502658,1665.9849190313403,390.69483776331515,2808.9433750942817,0.23062974234375133,0.0836775981249902
mp-1041661_Zn,mp-1041661,mvc-5774,CrWO6,intercalation,1.6172068025000017,231.72119218502658,1610.0810523113182,374.74108828503523,2603.8340303742248,0.1798327292187505,0.07057954812499112
mp-1041312_Zn,mp-1044381,mp-1041312,BaMn4O8,intercalation,1.6776056575000005,97.37435254175941,470.30228593417877,163.35576471945512,788.9817756183612,0.3391275332799255,0.2291291123809751
mvc-13332_Zn,mvc-13332,mvc-15048,MnNb2O8,intercalation,1.6924966250000018,107.2994895068537,568.2594411594233,181.604023854573,961.7771862867111,0.10291479954861238,0.07198457269998393
mp-1040838_Zn,mp-1049283,mp-1040838,Ho(BiO3)2,intercalation,1.6285927974999956,72.01829011977553,580.5187321374452,117.28846857733153,945.4286259728725,0.07619027840277681,0.08861697087499465
mvc-12789_Zn,mp-19611,mvc-12789,ScMo3O8,intercalation,1.6580277075000016,101.87189042313958,535.3623540543856,168.9064169369695,887.6456165745972,0.27043771473214484,0.09520357663461532
mp-1046509_Zn,mp-1046628,mp-1046509,Mn5(TeO6)3,intercalation,1.695887428124999,177.62332119150682,957.0700471438297,301.22915735048514,1623.0830607862208,0.08202786144230867,0.009648582555557006
mp-1142713_Zn,mp-1171226,mp-1142713,Mn(SiO3)2,intercalation,1.6223372425,196.69769326356007,741.5462992582248,319.1099932953149,1203.0381783246683,0.11095530916666796,0.02003282854166777
mp-1044472_Zn,mp-1044507,mp-1044472,Pr(BiO3)2,intercalation,1.6156317325,74.42025378611109,555.2693150571124,120.23572355754435,897.1107254898109,0.12782435333333275,0.0717613219375055
mp-1041362_Zn,mp-1041362,mp-25593,NiO2,intercalation,1.7341895575000001,343.3859746914137,2279.6764289706775,595.496371501809,3953.3910575998398,0.09183635472222207,0.06483303025641085
mp-1047643_Zn,mp-1047680,mp-1047643,CrO2,intercalation,1.7203532250000015,229.66254630486236,1261.4281417093373,395.10070219728215,2170.1019716954174,0.18657178333333313,0.17535315999999934
mp-1040999_Zn,mp-1041016,mp-1040999,CuTeO4,intercalation,1.7747924512499984,93.10980811146455,482.78670386118074,165.25058457356315,856.846197576692,0.18407476104166687,0.11529901868589842
mvc-12018_Zn,mvc-12018,mvc-13175,Ta2MnO8,intercalation,1.7156503300000006,79.33575123669691,569.627634340062,136.112407790037,977.2818388326469,0.08364232171296315,0.04543846073334912
mp-1045890_Zn,mp-1045890,mvc-2263,Co9O13,intercalation,1.7176141500000004,123.33734576514877,739.4465231899604,211.84597030966216,1270.0838113993796,0.2724575778977263,0.17555204562500393
mp-1042295_Zn,mp-1047667,mp-1047639,CoO2,intercalation,1.7370317625000007,216.77645711526887,1293.8645294103987,376.5475913714413,2247.483783957979,0.22364872249999923,0.22262038527255612
mp-1040942_Zn,mp-1040942,mvc-13203,CoO2,intercalation,1.7261732224999995,216.77645711526887,1185.2522715542693,374.19371554079663,2045.9507330642775,0.07890150083333225,0.10165377812969911
mp-1041156_Zn,mp-1041156,mvc-12170,CoO2,intercalation,1.7187727383333293,216.77645711526887,1179.3938885999166,372.5894648022082,2027.1100634824722,0.09552092861110939,0.11801342598684261
mp-540000_Zn,mp-766791,mp-540000,CoO2,intercalation,1.713317609999995,216.77645711526887,1184.5176592585822,371.40692140899887,2029.4549649637024,0.060788619166665114,0.08980148312969938
mp-25523_Zn,mvc-5135,mp-25523,Fe(SiO3)2,intercalation,1.708389195,196.04523534916913,767.4667932036343,334.9215618017526,1311.1319770303883,0.1302144613194436,0.028486625291662904
mp-1048332_Zn,mp-1048332,mp-540430,CrP2O7,intercalation,1.724990535000001,183.9823328253161,674.7894628843336,317.36778273089027,1164.0054365932099,0.11360964670833518,0.018164252935606306
mp-1041468_Zn,mp-1041468,mp-1047904,Cr3P3O13,intercalation,1.7430094025000122,102.62656669031398,375.1556077370095,178.8790706875118,653.8997516862139,0.04684600650583448,0.05958887112500033
mp-1047803_Zn,mp-1047803,mp-1047928,Mn3P3O13,intercalation,1.7704778499999967,100.92123305596606,365.55317453215935,178.6788077202754,647.2037985063711,0.040595584802630924,0.05612579770833648
mvc-11109_Zn,mvc-11109,mvc-12134,Mn2Nb2O9,intercalation,1.7905205212499997,187.9152549480788,995.8667103707451,336.4661202404606,1783.119781348549,0.2179822374038487,0.1464090158035738
mp-1043383_Zn,mp-1043445,mp-1043383,Mn(GeO3)2,intercalation,1.7629369449999976,148.2286711595796,694.5687023649757,261.3178006954785,1224.4808262399229,0.09996093361111136,0.01484174502083313
mp-1047059_Zn,mp-1047076,mp-1047059,CrIrO6,intercalation,1.7954079399999983,227.60014102148733,1703.5455534216392,408.63510033509766,3058.559212764902,0.14517669093750118,0.11688590300000268
mp-1043501_Zn,mp-1043588,mp-1043501,Fe(GeO3)2,intercalation,1.8310135999999997,147.85784230094723,725.8469606336167,270.7297201196896,1329.0356564388167,0.11368273131944395,0.021140276833333083
mp-1045326_Zn,mvc-3874,mp-1045326,BiO3,intercalation,1.8157939424999987,83.13434312067106,669.3850733377155,150.95483665223097,1215.4653613665412,0.09324903486111058,0.08021920599999977
mp-1045720_Zn,mvc-4001,mvc-13134,CrO3,intercalation,1.8479462875000023,324.07432446933836,1778.687732906747,598.871944777185,3286.919392646819,0.1873422459375016,0.13769120866666995
mp-1044215_Zn,mp-1044215,mp-714929,CrO2,intercalation,1.8172075524999989,133.54380944675387,587.5613991615215,242.67681911626184,1067.7210121137834,0.18548501333333256,0.16462714807692436
mp-1048872_Zn,mp-1048872,mvc-14589,CrO2,intercalation,1.8451131124999995,229.66254630486236,1149.5446952861741,423.75337563723986,2121.0399906773364,0.19356827666666732,0.14570447214285664
mp-1041066_Zn,mp-1041340,mp-1041066,MnO2,intercalation,1.8204064725000015,224.01521276988032,1115.0156548287662,407.79874326475516,2029.7817149891134,0.1475603511111121,0.03671407523810277
mvc-13687_Zn,mvc-13687,mvc-15457,La2CrO6,intercalation,1.858847387499997,109.12378911352349,722.8028760709866,202.84447030777375,1343.5802378620374,0.22641828055555457,0.07703606816664532
mp-1043057_Zn,mp-1043057,mp-1043418,Co2O3,intercalation,1.8901421549999973,134.9730784194542,819.9632942336871,255.1183053107308,1549.8471879837582,0.2766715087499989,0.16616612136363784
mp-1043509_Zn,mp-1043509,mp-1043669,Co(Si2O5)2,intercalation,1.8110995275000028,135.12959216853176,446.43384952579737,244.73314052769595,808.536133936179,0.1393848161666673,0.08784959221353539
mp-1043538_Zn,mp-1043538,mp-1142841,Cr(Si2O5)2,intercalation,1.815071163750003,137.53479608001138,441.62049752993374,249.6354423770656,801.5726303875122,0.20115530116666136,0.07259757031250302
mp-1040954_Zn,mp-1041017,mp-1040954,Mn2P2O9,intercalation,1.8677412900000028,140.6063385404047,529.7509029085154,262.6162641276326,989.4376347770168,0.05386781240384675,0.06121103744047307
mp-1046856_Zn,mp-1046856,mp-1046983,Nb2CrO8,intercalation,1.8837208225000004,215.87024431616794,1148.3311679062276,406.6392741765279,2163.1353321107053,0.2765336740909117,0.05851407817307752
mvc-14991_Zn,mp-9453,mvc-14991,SrCuSO,intercalation,1.8017683775000015,115.5560519622086,613.594868527005,208.20524025425445,1105.5558307082285,0.42485999718749934,0.06433051763888997
mvc-12658_Zn,mvc-12658,mvc-12901,NiO2,intercalation,1.9371588524999992,217.1977156297507,1370.5222689177403,420.746477574949,2654.9193457823853,0.17823010513888793,0.1388521839285719
mp-1042979_Zn,mp-1042979,mp-1043373,Bi2O5,intercalation,1.9671806075000027,95.14753569521547,683.0814600455931,187.17238707104215,1343.7446015444787,0.14231595410714348,0.0820486368749993
mvc-14312_Zn,mvc-14333,mvc-14312,VF5,intercalation,1.946819907499998,253.63075886017802,955.2606956050954,493.77341050332603,1859.7205390562956,0.05890074479166696,0.03762664500000046
mp-1040929_Zn,mp-1040929,mp-1040967,CrO2,intercalation,1.9863898408333338,229.66254630486236,1153.6569899578733,456.1993487998937,2291.612524658683,0.1848649502777775,0.09787969857142809
mvc-15145_Zn,mp-557936,mvc-15145,Cu5(TeO6)3,intercalation,1.9293704605000035,107.19261638974768,634.2317539954624,206.8142676460877,1223.6680112699503,0.05954467427272725,0.029633453138889543
mp-1048875_Zn,mp-1048875,mvc-11093,MnO2,intercalation,1.9255886700000011,224.0152127698803,1118.405695423246,431.36115561732106,2153.5893355704748,0.20213535083333323,0.053440590000007226
mp-1046785_Zn,mp-1046785,mp-1046820,Cu2O3,intercalation,1.97052543,128.9805820660953,833.2261849205967,254.15951693744273,1641.8933863279183,0.1788109999999996,0.10635021545454837
mp-1045659_Zn,mp-1045659,mp-1045694,Cu9O13,intercalation,1.952093065000001,117.71502879246937,762.5121223275436,229.7906913520549,1488.4946259740302,0.1725135600000014,0.1096880216666678
mp-1041967_Zn,mp-1041967,mp-1041988,CoO2,intercalation,1.9895014249999978,216.77645711526887,1190.2914820149447,431.27707033727836,2368.0865996340917,0.23569937249999828,0.1608153245582704
mp-1043537_Zn,mp-1043537,mp-1043700,Fe(Si2O5)2,intercalation,1.9486684349999996,136.18984911328872,443.2111323452256,265.3888601344784,863.6715436417485,0.16693629495833484,0.0710263778385416
mp-1046112_Zn,mp-1046112,mp-1046486,Ta2CrO8,intercalation,1.9889030987499985,159.36542148946916,1142.8242227531289,316.96238063400483,2272.966637960257,0.28904777806818416,0.04044415166665338
mp-1043523_Zn,mp-1043523,mp-1043728,Mn(Si2O5)2,intercalation,1.9715592287500008,136.50439812724613,437.8719845610606,269.1265058927364,863.2905521724368,0.1767869193333329,0.07219314502603513
mp-1043741_Zn,mvc-8698,mp-1043741,NiBiP2O9,intercalation,1.9974832637500035,99.4443119897352,478.50869145919995,198.63834887462986,955.8131027486661,0.16177465745192432,0.13722362069444394
mp-1043132_Zn,mp-1043132,mp-1043320,Cu3(NiO3)4,intercalation,1.9597029075000072,78.50309134603877,468.58043167188737,153.84273635857085,918.2784343450062,0.11435364512061508,0.1015107901979162
mvc-12312_Zn,mvc-8267,mvc-12312,VNiP2O9,intercalation,1.9319782924999962,140.6953518916991,545.1968825260133,271.8203657104109,1053.308542178928,0.07262217245192382,0.04335324321428757
mp-1046443_Zn,mp-1046443,mp-1046490,SrFe(PO4)2,intercalation,1.989604150000003,134.40500231504663,545.7592932501514,267.4127503867768,1085.8449547515697,0.10048895473958375,0.022618800000052453
mp-1044021_Zn,mp-1044021,mvc-9006,LaCrFeO6,intercalation,1.968359072499998,131.33089303109162,786.7890451325814,258.50635479727595,1548.6833551303268,0.235112634722217,0.1418019679583189
mvc-5274_Zn,mvc-5274,mvc-5466,CoO2,intercalation,2.061616374374997,216.77645711526887,1262.2613459440774,446.9098935678376,2602.298659538933,0.16597489312499825,0.08044721384398557
mp-1040893_Zn,mp-1040893,mp-1040982,Cr2P2O9,intercalation,2.0231252512499984,142.81048652006746,542.8122618487641,288.923501422046,1098.177193634361,0.06080967950851779,0.03799981678569875
mvc-12911_Zn,mvc-12911,mvc-15019,V2(PO4)3,intercalation,2.0132510625000086,165.81292797090836,627.4138605684923,333.8230534136687,1263.1416214167493,0.13075890992647032,0.036118292894194326
mp-1046402_Zn,mp-1046402,mp-1046462,SrMn(PO4)2,intercalation,2.0101522425000034,134.7113513880563,536.7285759278711,270.7903250829073,1078.9061505152436,0.06851741546874468,0.028806420576922953
mp-1044028_Zn,mp-1044058,mp-1044028,LaFeBiO6,intercalation,2.0264785225000046,94.84962398980215,642.19328708081,192.21072588253526,1301.3909035629413,0.153736695138889,0.1005609892499999
mp-1041120_Zn,mp-1041120,mp-1041225,HoCr2O6,intercalation,2.005740624999999,124.56306045050323,833.7832834868929,249.84119071990503,1672.353004135552,0.19837502500000603,0.10881120181249493
mp-1044765_Zn,mp-1044765,mvc-14396,PrMn2O6,intercalation,2.077870479999999,130.0445778666059,799.1293052568145,270.2157894330817,1660.487193096043,0.20837817986111062,0.13142012900000033
mp-1040979_Zn,mp-1040979,mvc-5627,NiO2,intercalation,2.1948304333333346,217.19771562975066,1234.4627124593321,476.712156314656,2709.4363301209596,0.16072524111111086,0.05022756309523935
mp-1048859_Zn,mp-1048859,mvc-5485,CrO2,intercalation,2.159637914166671,229.66254630486236,1163.4500528233107,495.9879424640394,2512.6308453164374,0.1859484733333332,0.049308983095237124
mvc-11366_Zn,mvc-5137,mvc-12012,Co(SiO3)2,intercalation,2.1201758999999973,193.85570584810742,784.0704578561366,411.0081956166459,1662.3672886485444,0.17829870583333296,0.030135684041665556
mp-1048270_Zn,mp-1048270,mp-690058,FeP2O7,intercalation,2.1079647937499977,181.58349806890294,695.0201579980945,382.7716210552181,1465.0780240065442,0.10701907635416585,0.008377238693181965
mvc-12133_Zn,mp-616607,mvc-12133,VP2O9,intercalation,2.1205749674999956,69.12914390126376,236.0572163015822,146.59353208172493,500.57702378686713,0.06821243694444501,0.009430610473348366
mp-1043713_Zn,mp-1043713,mp-32394,Ni3(P2O7)2,intercalation,2.111707067499997,90.94869240807323,374.3259289061101,192.05699653801156,790.4667096195342,0.042361008353172025,0.05543677144886061
mp-1045769_Zn,mp-1045867,mp-1045769,Ba2Mn2CuF14,intercalation,2.1088779325000053,68.76911533975147,323.19443672330596,145.02566977754947,681.5776155125493,0.0,0.02776463074999569
mp-1047462_Zn,mp-1048547,mp-25595,NiO2,intercalation,2.2009242999999983,217.1977156297507,1244.4489759050514,478.0357302340077,2738.93799117954,0.10415770638888855,8.881784197001252e-16
mvc-5643_Zn,mvc-5726,mvc-5643,CrAsO5,intercalation,2.2852272424999973,196.83546717564172,869.4899177780901,449.8137718799905,1986.9820471855742,0.16681719151785668,0.04405216453124794
mp-1225007_Zn,mp-35033,mp-1225007,Fe5O8,intercalation,2.2568809574999995,113.41441178940977,562.7423224571821,255.96282627358235,1270.0424315329387,0.15328692437500013,0.002101704642857527
mp-1043543_Zn,mp-1043543,mp-1043826,Si4NiO10,intercalation,2.2325856349999973,135.21132844976498,451.1797802297063,301.87086958621177,1007.2974961432981,0.1935588254444438,0.13196226557291713
mp-1047809_Zn,mp-1047809,mvc-11637,Fe3P3O13,intercalation,2.235231960000012,100.40687658821986,368.05674164262683,224.432659553766,822.6921920130668,0.09390489861842255,0.0549357762499989
mvc-12056_Zn,mp-555609,mvc-13329,Sr9(CuO7)2,intercalation,2.2731997350000035,76.5046428508212,385.6451374655877,173.91033385475666,876.6484242908139,0.19016272833333403,2.6645352591003757e-15
mp-1044311_Zn,mp-1044311,mp-1044382,TiCr(PO4)3,intercalation,2.2572784200000107,119.06843075033696,400.18853350091365,268.7705992360013,903.3369406030637,0.044330503186275294,0.005976859166668014
mp-1043196_Zn,mp-1043196,mp-1043245,Co(GeO3)2,intercalation,2.216627349999994,146.60896203186633,733.678501830803,324.97743499494555,1626.2918332651786,0.1551160891666692,0.019833904583337336
mp-1046379_Zn,mp-1046379,mp-1046454,SrCo(PO4)2,intercalation,2.250515115000004,133.37224845585757,549.6019882730042,300.1562610714434,1236.8875818424508,0.07900731515625559,0.02481058612179421
mp-1043482_Zn,mp-1043482,mp-1044071,CrNiP2O9,intercalation,2.233223377499994,140.3069708955855,543.9295261308873,313.3368074302328,1214.7161334679915,0.09409121748397364,0.05875942333333306
mp-1047032_Zn,mp-1047032,mvc-5296,BiAsO5,intercalation,2.219384647500005,124.85898868061929,670.5947692586473,277.11012258014335,1488.30773558645,0.238690923750001,0.10332572531249973
mp-1045893_Zn,mp-1045893,mp-1045896,Ni9O13,intercalation,2.3945973574999946,123.64434174444983,772.5686534709431,296.07841401108584,1849.9908560888493,0.19461806244318147,0.08279076208333347
mp-1041154_Zn,mp-1041154,mp-1041256,NiO2,intercalation,2.3454110133333343,217.19771562975066,1223.7935308705007,509.4179143088589,2870.29882534976,0.2069202272222217,0.046800242619047694
mp-1048912_Zn,mp-1048912,mvc-13696,NiO2,intercalation,2.3203039824999983,217.1977156297507,1230.0648356941535,503.96472456561264,2854.1243369943504,0.2626241163888885,0.10171987071428656
mp-773884_Zn,mp-773918,mp-773884,Bi19O30,intercalation,2.364058807499949,5.978051226937158,52.829902317103304,14.132464654726665,124.89299587211003,0.05029972349489853,0.029526405227270125
mp-1041392_Zn,mp-1041392,mvc-12122,VCuO4,intercalation,2.3267330737499967,126.90720260964392,548.6084662468389,295.2791856089504,1276.4654629557788,0.12532965312499922,0.026905449999996556
mvc-13706_Zn,mvc-14026,mvc-13706,Cr3O8,intercalation,2.312396985000001,258.451151755716,1267.6734404216995,597.6416640896954,2931.364241595716,0.3311776384090912,0.13105895038462734
mvc-10873_Zn,mp-19410,mvc-10873,CrO2,intercalation,2.354073972499998,229.6625463048624,1164.3396811978005,540.6426227143521,2740.9417386566874,0.19323334583333285,0.0
mvc-12063_Zn,mvc-5579,mvc-12063,FeO2,intercalation,2.366885315833334,222.32981598454444,1139.6451954678062,526.2291767257456,2697.40947841276,0.3144005159027774,0.1384163007142849
mp-1047156_Zn,mp-1047156,mp-504100,CuO2,intercalation,2.3843328175000003,208.97955276363814,1094.434905920579,498.2768058408153,2609.497062803962,0.17413959395833434,8.881784197001252e-16
mp-1043595_Zn,mvc-8316,mp-1043595,MnNiP2O9,intercalation,2.380370708749998,139.23477847772196,554.9024222981171,331.430388327664,1320.8734722528598,0.11703805725961391,0.06490000334821566
mp-1043670_Zn,mp-1043670,mp-1043875,Ni2O3,intercalation,2.4527340125,135.29985868130143,840.7520362532309,331.85456527407143,2062.1411153969325,0.21517894991666697,0.08320091681818287
mp-1042045_Zn,mvc-6205,mp-1042045,NiO2,intercalation,2.4448981856250014,217.1977156297507,1225.5015624121436,531.0263008650725,2996.226546422054,0.3234814093055549,0.11828492089285714
mp-1047707_Zn,mp-1047707,mp-1047762,NiO2,intercalation,2.411219630000003,217.1977156297507,1348.385580142809,523.7113955176133,3251.253779649283,0.32059543888888964,0.12543367642857195
mp-1043054_Zn,mp-1043054,mp-1043495,TiNiP2O9,intercalation,2.416114338750004,141.83997922354789,538.3287342850916,342.7016076100167,1300.6637738673508,0.12313100926282061,0.05206363767857258
mvc-4499_Zn,mvc-4588,mvc-4499,Cr2(GeO4)3,intercalation,2.403918780416665,226.44929131133074,1205.2739359609827,544.3657041953524,2897.3806502033194,0.32235004588235316,0.09766923033333086
mp-1172462_Zn,mvc-3905,mp-1172462,Cr2(SiO4)3,intercalation,2.4165250583333346,278.95520420889943,1293.0020200332915,674.102241123298,3124.5717818860694,0.38021736205882384,0.13175323629166957
mp-1041483_Zn,mp-1041483,mp-1047608,Co3(AsO4)4,intercalation,2.4244435608333346,173.1541961995734,800.3167495263606,419.80257600732756,1940.3227900162497,0.2033927032608691,0.03652630971153936
mp-1045862_Zn,mp-1045862,mvc-13241,Ba2Cr2CuF14,intercalation,2.4972444899999977,69.29217761423885,320.72796294791135,173.03950874725916,800.936138260595,-3.552713678800501e-15,0.023128601750000755
mvc-12204_Zn,mp-34140,mvc-12204,FeO2,intercalation,2.562602245833334,222.32981598454444,1128.7956114724302,569.7428857577055,2892.6541690460613,0.24163668256944337,0.02012817785714205
mvc-11645_Zn,mp-19313,mp-714904,FeO2,intercalation,2.5358161124999987,222.3298159845444,1140.1556278930277,563.7875296627675,2891.225011968693,0.20922509729166716,0.0
mvc-15135_Zn,mp-34425,mvc-15135,FeO2,intercalation,2.5294885891666663,222.32981598454444,1128.1609369711528,562.3807325644299,2853.6702168121055,0.2540527525694438,0.040231568333332746
mvc-12125_Zn,mp-34730,mvc-12125,FeO2,intercalation,2.5446420199999995,222.32981598454444,1136.5775167747527,565.7497920531393,2892.18290817229,0.2828653789583333,0.060598553571428404
mp-1043346_Zn,mp-1043346,mp-1044247,NiSnP2O9,intercalation,2.5111499424999955,119.44829488225797,495.8022241295709,299.9525788253046,1245.0337266143417,0.14324326269230703,0.05856411675595119
mvc-13145_Zn,mp-6278,mvc-13145,Cu(AsO4)2,intercalation,2.5442981225000003,56.75846068603136,268.5992960461482,144.41044495945968,683.3966846350366,0.04818216630000016,8.881784197001252e-15
mp-1044403_Zn,mp-1044403,mvc-10874,Ba(FeO2)4,intercalation,2.5245982575000006,96.73683317084968,473.1440715607044,244.22164045919536,1194.4986986086099,0.23205608399038535,0.10595268178571438
mp-1048029_Zn,mp-1048030,mp-1048029,Ni3P3O13,intercalation,2.5370169499999995,98.82503183713827,376.83713843630426,250.72078085510938,956.0422076024003,0.18557475898026166,0.11381982761458254
mp-1043209_Zn,mp-1043209,mp-1044234,Ni2P2O9,intercalation,2.5601067487499996,137.88971799031194,568.6285455863452,353.0123976102318,1455.7497770874993,0.21403756846153765,0.10619892315476154
mp-1043109_Zn,mp-1043109,mp-1043619,FeNiP2O9,intercalation,2.5136283262499908,138.90753539217434,544.360001464518,349.16191569134253,1368.3187193586987,0.17072282937500027,0.07382015577876988
mvc-13960_Zn,mvc-3519,mvc-13960,FeF4,intercalation,2.5822135550000005,271.7546841332384,1271.054872447189,701.7286290035918,3282.135120781928,0.1496383857620005,0.09221656249999999
mp-1046551_Zn,mp-1046551,mp-1046640,Ni5(TeO6)3,intercalation,2.5289922406250027,174.90269605271757,1041.4782206702557,442.327561181716,2633.890338855011,0.20273046846153875,0.001702937888889089
mp-1041962_Zn,mp-1041962,mp-1042019,NiO2,intercalation,2.6319521849999976,217.1977156297507,1219.2377527396768,571.6540022287304,3208.975467357679,0.44575670222222197,0.16964831500000077
mp-1042832_Zn,mp-1042832,mp-1043013,Cr3O8,intercalation,2.6750948250000004,258.451151755716,1249.2383081519583,691.3813385770056,3341.8309333290595,0.37467069886363724,0.05626143538462891
mvc-13125_Zn,mvc-5138,mvc-13125,Si2NiO6,intercalation,2.6547712275000044,194.02396755815982,800.0520592972022,515.089246518797,2123.9551875243396,0.21507298935185215,0.02992995866666348
mvc-11996_Zn,mp-554906,mvc-11996,BiPO6,intercalation,2.672586515000004,57.41920844328341,346.4661119727286,153.4578021874936,925.9606587627958,0.12625123703947416,0.032406955249999925
mvc-12815_Zn,mp-645375,mvc-12815,Bi6P2O15,intercalation,2.664397060000004,33.06314663884733,250.11230472750347,88.09335069889384,666.3984893857854,0.09500841152173667,0.0003105894444450641
mvc-12100_Zn,mvc-12821,mvc-12100,CoP2O7,intercalation,2.6086311550000025,179.70353670604877,712.1822322331763,468.7802445150853,1857.8207590409106,0.1231523931874996,0.06610930812500193
mvc-15098_Zn,mp-565455,mvc-15098,SrNi(PO4)2,intercalation,2.6964909675000026,133.45187199399297,560.12495862774,359.8517674277686,1510.3718916110138,0.12284449395833885,0.006958932467949097
mvc-14940_Zn,mp-550998,mvc-14940,Ti(BiO3)2,intercalation,2.6900146825000038,85.45938370688815,634.1431765902345,229.8869969289307,1705.8544558349233,0.3033376780555548,0.06299779649999859
mvc-14949_Zn,mp-557950,mvc-14949,Ti(BiO3)2,intercalation,2.692495570000003,85.45938370688815,640.7305522245479,230.09901204572677,1725.1641734282505,0.2967276352777768,0.05655258049999823
mp-1041980_Zn,mvc-12561,mp-1041980,NiO2,intercalation,2.7658742587500007,217.1977156297507,1237.6603714793387,600.7415707196301,3423.2129625496664,0.44385748305555595,0.12975696321428654
mp-1042350_Zn,mp-1042350,mp-1042388,BiSbO5,intercalation,2.7096141593750054,112.57664179021265,780.7496299701654,305.0392626096481,2115.5302522939564,0.403717376607144,0.1251664935937491
mp-1043166_Zn,mp-1043166,mp-1043316,Ni(GeO3)2,intercalation,2.747454792499999,146.70518024718268,754.4767007879891,403.0658505546982,2072.8906274095484,0.19115768157407498,0.0006208870000010691
mvc-12916_Zn,mp-556174,mvc-12916,V3(FeO6)2,intercalation,2.80855334250001,96.64794885532477,366.0336817710299,271.4409198033924,1028.025120405611,0.11397834467142953,-2.1316282072803006e-14
mvc-10959_Zn,mvc-7845,mvc-10959,VBiO5,intercalation,2.8178628568750006,132.2459241332741,749.1514658587007,372.6508775882623,2111.006089816693,0.32966013375000003,0.03330423171875019
mp-1048278_Zn,mp-1048278,mp-32334,NiP2O7,intercalation,2.8971673999999914,179.84811858095745,722.7481166018885,521.0501061040826,2093.922281830384,0.13212165529166509,0.007302153125000821
mp-1044577_Zn,mp-1044577,mp-1047829,Ba(NiO2)4,intercalation,2.8315525174999983,94.78781207957796,501.371758494984,268.39666792224574,1419.6604649698731,0.42302026105769386,0.2542181317857155
mp-1048784_Zn,mp-1048784,mvc-15798,BiF5,intercalation,2.8149382025,145.11548332063168,735.0116357152895,408.4911177734977,2069.012332656982,0.005398611666667108,0.08043404035714197
mvc-3416_Zn,mvc-3416,mvc-3518,BiF5,intercalation,2.8229361712500007,145.11548332063168,729.4753526770899,409.65174687423735,2059.262359107508,0.0034300312500001873,0.07646155178571323
mp-1041314_Zn,mp-1041314,mp-1041349,BaBiF7,intercalation,2.8956218025000005,98.40728619476388,578.3490114601514,284.9502834304156,1674.680007038337,2.6645352591003757e-15,0.03060030456250118
mvc-3734_Zn,mvc-3734,mvc-3813,CrF5,intercalation,2.98066297125,252.37142444297274,988.4587538873426,752.234159838786,2946.262406319919,0.04565728041666617,0.047630080357141225
mvc-2979_Zn,mvc-3477,mvc-2979,MnF4,intercalation,2.9872337225000005,273.0099986071215,1245.0238309484546,815.5446744188714,3719.1771731253634,0.31780946875000016,0.06699905999999967
mp-1041620_Zn,mp-1041620,mvc-6713,Ni3(AsO4)4,intercalation,2.917786798333329,173.2884275348475,810.8370156725236,505.6186861651198,2365.849539929284,0.2848787524999983,0.04312450346153884
mvc-14214_Zn,mvc-14214,mvc-14215,CrF5,intercalation,3.0089616274999975,252.37142444297274,971.0532823051356,759.37593202642,2921.862064714075,0.04875764208333333,0.04220220285714227
mp-1045827_Zn,mp-1045827,mvc-12243,Ba2Fe2CuF14,intercalation,3.0036376100000033,68.60945232302599,326.19524861859134,206.07793139894295,979.7723169541025,0.0,0.03177117500000115
mp-1047910_Zn,mp-1047910,mp-1048114,BaCrF7,intercalation,3.076172651249999,138.25140614206717,642.8362796775878,425.28519457108314,1977.475382775491,5.329070518200751e-15,0.004520821249991869
mvc-11142_Zn,mp-35311,mvc-11142,CrF6,intercalation,3.297129902500002,231.6508240860496,845.9857819748571,763.7828590328818,2789.3250188391485,0.0,0.0
mp-561847_Zn,mp-561847,mp-695808,Ni(PO3)4,intercalation,3.3702888699999867,121.827615398647,407.10715872217156,410.594256236699,1372.0687259386527,0.10343246963235231,0.0
mp-765763_Zn,mp-767810,mp-765763,Cr(SO4)2,intercalation,3.3067352974999955,67.19075405105804,198.89574233376982,222.18203808627442,657.6955716975408,0.04861907876893223,0.0
mvc-15884_Zn,mvc-3497,mvc-15884,NiF4,intercalation,3.6562111550000007,267.8862110364816,1348.4935062657867,979.4485530622683,4930.377000054033,0.1364739787620004,0.1501549424999995
mvc-15137_Zn,mp-567135,mvc-15137,BaFeF7,intercalation,3.8743648375000013,68.44623825191299,317.9974663518641,265.18569874235925,1232.038202047752,0.0116608544736847,0.006545210499986354
