Battid,Discharged_ID,Charged_ID,Reduced_Cell_Formula,Type,Spacegroup,Average_Voltage,Capacity_Grav,Capacity_Vol,Specific_E_Wh/kg,E Density Wh/l,Stability Charge,Stability Discharge,helvol,geomvol,helvol_dis,geomvol_dis
mvc-1200540570,mvc-12771,mp-540570,Mg0.5 –1VO3,intercalation,Ccmm,2.58,217,612,561,1580,0.02,0.0,0.001,36.341,0.037000000000000005,39.496
mvc-1200001234,mp-1048259,mp-32334,Mg0 –1NiP2O7,intercalation,P21/c,4.44,209,732,926,3250,0.16,0.0,4.5680000000000005,105.677,4.4910000000000005,88.863
mvc-1200000091,mvc-91,mvc-14769,Mg0 –0.5CrS2,intercalation,Fd3m,1.65,209,670,345,1107,0.07,0.0,0.0,48.048,0.003,79.47800000000001
mvc-1200011622,mp-18900,mp-776137,Mg0 –0.5VO2,intercalation,Fd3m,2.36,282,1129,665,2664,0.1,0.0,0.0,27.862,0.0,26.276999999999997
mvc-1200006900,mp-1041848,mp-776137,Mg0 –0.5VO2,intercalation,Imma,2.11,282,1131,594,2385,0.1,0.07,0.0,27.862,0.0,36.611999999999995
mvc-1200010960,mp-566152,mvc-11632,Mg0 –1VBiO5,intercalation,P21/c,4.2,147,762,618,3203,0.29,0.0,8.297,163.267,0.213,88.057
mvc-1200002206,mp-1045790,mvc-2213,MgFe(PO3)4,intercalation,C2/c,4.03,135,400,546,1614,0.06,0.0,1.429,126.15899999999999,0.0,92.802
mvc-1200554955,mp-554955,mvc-11142,Mg0 –1CrF6,intercalation,R3,5.2,282,837,1466,4353,0.0,0.0,0.004,36.918,0.0,23.831999999999997
mvc-1200002204,mp-1045786,mp-32343,MgNi(PO3)4,intercalation,C2/c,4.98,134,411,670,2050,0.1,0.0,0.13699999999999998,119.821,0.0,83.321
mvc-1200016516,mp-555257,mvc-11923,Mg1.5 –2BiPO6,intercalation,Ccmm,4.39,70,349,306,1533,0.16,0.0,0.023,58.725,0.0,55.291000000000004
mvc-1200001236,mp-1048269,mp-690058,Mg0 –1FeP2O7,intercalation,P21/c,3.68,211,701,777,2580,0.11,0.0,4.441,109.242,6.375,110.038
mvc-1200012383,mp-770397,mp-25595,Mg0 –0.5NiO2,intercalation,I41/amd,3.39,261,1238,885,4201,0.1,0.0,0.0,22.715,0.067,33.371
mvc-1200002239,mp-1045828,mp-32527,MgV(PO3)4,intercalation,C2/c,3.15,137,395,432,1243,0.03,0.0,0.0,105.838,0.0,90.492
mvc-1200008347,mp-1043162,mp-1043316,MgNi(GeO3)2,intercalation,C2/c,4.26,165,797,705,3399,0.22,0.0,0.87,48.988,0.0,23.735
mvc-1200006876,mp-1041845,mp-1042331,MgMn(SiO3)2,intercalation,Pcab,3.54,232,789,819,2791,0.21,0.0,0.0,246.50900000000001,0.0,78.594
mvc-1200013940,mvc-13940,mp-558836,Mg0 –1MoF6,intercalation,R3,3.67,229,755,839,2767,0.01,0.0,6.337999999999999,70.98899999999999,0.0,38.34
mvc-1200019202,mp-19202,mvc-11581,Mg0 –0.5CrO2,intercalation,Fd3m,3.53,279,1163,983,4102,0.17,0.0,0.0,38.898,0.8340000000000001,39.681
mvc-1200006878,mp-1041840,mp-1042286,MgCo(SiO3)2,intercalation,Pcab,3.45,228,812,786,2801,0.15,0.0,0.0,251.00599999999997,0.0,74.07300000000001
mvc-1200008631,mp-1043493,mp-1043501,MgFe(GeO3)2,intercalation,C2/c,3.32,167,766,554,2547,0.11,0.0,2.0,62.458999999999996,0.0,23.228
mvc-1200002646,mp-2646,mp-80,Mg0 –1.5Sb,intercalation,P3m1,0.4,508,2001,204,803,0.28,0.0,0.0,10.659,7.268,44.49100000000001
mvc-1200019067,mp-19067,mvc-14468,MgV3(FeO6)2,intercalation,P1,4.22,109,367,459,1548,0.11,0.0,1.656,124.60799999999999,7.5,139.969
mvc-1200009197,mp-1044303,mp-1044382,MgTiCr(PO4)3,intercalation,R3c,3.89,131,401,510,1561,0.05,0.0,3.35,136.219,1.547,110.214
mvc-1200002198,mp-1045773,mp-1045799,MgCo(PO3)4,intercalation,C2/c,4.55,134,405,611,1842,0.06,0.0,0.14,125.191,0.0,83.241
mvc-1200001216,mp-1048235,mp-689964,Mg0 –1CoP2O7,intercalation,P21/c,4.15,208,716,865,2973,0.12,0.0,0.183,110.85,5.022,89.12200000000001
mvc-1200012825,mp-769657,mp-540000,Mg0 –0.5CoO2,intercalation,Fd3m,3.35,260,1309,872,4389,0.06,0.0,0.092,41.11600000000001,0.0,23.941
mvc-1200032006,mp-32006,mp-25545,Mg0 –0.5MnO2,intercalation,I41/amd,2.86,270,1113,775,3189,0.03,0.0,0.0,33.659,0.22399999999999998,43.49100000000001
mvc-1200005692,mvc-5692,mp-714969,Mg0 –0.5MoO2,intercalation,R3m,2.32,191,999,444,2319,0.23,0.0,3.698,75.95100000000001,0.0,52.471000000000004
mvc-1200008349,mp-1043189,mp-1043245,MgCo(GeO3)2,intercalation,C2/c,3.76,165,785,621,2950,0.17,0.0,0.773,57.233000000000004,0.0,20.189
mvc-1200540570,mp-540570,mvc-12771,Mg0.5 –1VO3,intercalation,Ccmm,2.58,217,612,561,1580,0.02,0.0,0.037000000000000005,39.496,0.001,36.341
mvc-1200001233,mp-1048275,mp-697788,Mg0 –1MnP2O7,intercalation,P21/c,4.02,212,688,850,2762,0.12,0.0,0.016,111.461,6.178999999999999,102.09899999999999
mvc-1200772325,mp-772325,mp-765763,MgCr(SO4)2,intercalation,R3,5.07,71,200,359,1014,0.06,0.0,0.07400000000000001,124.432,0.157,109.45
mvc-1200565256,mp-565256,mvc-13593,MgFe(SiO3)2,intercalation,Pcab,3.39,231,800,782,2711,0.19,0.0,0.0,141.186,0.0,69.35600000000001
mvc-1200008763,mp-1043685,mp-774537,MgTi2(PO4)3,intercalation,R3c,2.6,132,398,344,1032,0.01,0.01,2.88,119.83,4.282,102.584
mvc-1200007974,mp-1042773,mp-1042875,Mg0 –1MnAs2O7,intercalation,P21/c,3.92,157,615,616,2411,0.14,0.01,1.646,185.75900000000001,0.545,143.661
mvc-1200010592,mp-1047859,mp-1048114,Mg0 –1BaCrF7,intercalation,P21/c,4.89,155,652,757,3191,0.0,0.01,0.0,126.171,0.0,83.295
mvc-1200009917,mp-1048838,mvc-12204,Mg0 –0.5FeO2,intercalation,P3m1,3.86,268,1137,1034,4384,0.24,0.01,0.0,119.772,0.0,102.829
mvc-1200007990,mp-1042809,mp-1042861,Mg0 –1FeAs2O7,intercalation,P21/c,3.75,157,623,587,2335,0.12,0.01,5.462999999999999,183.77900000000002,0.511,138.065
mvc-1200001224,mp-1048245,mp-32442,Mg0 –1VP2O7,intercalation,P21/c,2.73,215,694,587,1894,0.11,0.01,0.0,74.116,0.0,90.43799999999999
mvc-1200001258,mp-1048266,mp-540430,Mg0 –1CrP2O7,intercalation,P21/c,3.26,214,679,699,2218,0.11,0.01,2.5380000000000003,80.222,2.895,110.631
mvc-1200006952,mp-1042026,mp-694636,Mg0 –1MnP2O7,intercalation,P1,3.82,212,690,809,2638,0.09,0.01,0.113,53.675,0.0,42.50899999999999
mvc-1200002205,mp-1045788,mp-687212,MgCr(PO3)4,intercalation,C2/c,3.59,137,396,490,1422,0.07,0.01,0.0,90.70200000000001,0.001,98.956
mvc-1200006885,mp-1041887,mvc-7342,Mg0 –1Si2NiO6,intercalation,Pcab,4.33,228,820,987,3552,0.28,0.01,0.0,243.81799999999998,0.0,80.232
mvc-1200008356,mp-1043243,mp-1043444,MgNi(GeO3)2,intercalation,P21/c,4.24,165,774,702,3286,0.22,0.01,0.0,83.681,0.0,43.805
mvc-1200016575,mp-25139,mvc-13124,Mg1.5 –2VBiO6,intercalation,Ccmm,4.48,66,320,297,1433,0.17,0.01,0.042,76.682,0.001,72.589
mvc-1200007992,mp-1042817,mp-1042747,Mg0 –1NiAs2O7,intercalation,P21/c,4.64,155,644,722,2992,0.26,0.01,1.681,174.542,0.284,138.644
mvc-1200005948,mp-27872,mp-25262,Mg0 –0.5TiO2,intercalation,Fd3m,1.31,291,1141,381,1492,0.18,0.01,0.0,38.455,0.57,37.516
mvc-1200008596,mp-1043530,mp-1044639,MgFe(GeO3)2,intercalation,P21/c,3.33,167,738,556,2459,0.12,0.01,0.0,77.046,0.0,54.88
mvc-1200002201,mp-1045783,mp-31998,MgMn(PO3)4,intercalation,C2/c,4.3,136,391,584,1684,0.06,0.01,0.052000000000000005,108.961,0.002,92.212
mvc-1200010040,mp-1040870,mp-1040930,Mg0 –1Mo2P2O9,intercalation,Pmcn,2.01,127,500,255,1006,0.03,0.02,0.377,195.546,0.0,131.875
mvc-1200566620,mp-566620,mvc-12122,Mg0 –0.5VCuO4,intercalation,P21/c,3.83,141,552,539,2117,0.12,0.02,0.0,144.782,0.0,107.499
mvc-1200010032,mp-1040938,mvc-13203,Mg0 –0.5CoO2,intercalation,P3m1,3.34,260,1309,868,4371,0.08,0.02,0.0,71.354,0.0,107.25200000000001
mvc-1200010106,mp-1040943,mvc-5548,Mg0 –0.5VO2,intercalation,P3m1,2.47,282,1131,696,2792,0.16,0.02,0.0,108.376,0.0,99.854
mvc-1200010142,mvc-15456,mvc-15135,Mg0 –0.5FeO2,intercalation,P3m1,3.87,268,1134,1038,4392,0.26,0.02,0.002,111.102,0.0,32.336
mvc-1200015456,mvc-15456,mvc-13694,Mg0 –1La2MoO6,intercalation,R3,2.05,108,683,222,1397,0.14,0.04,0.0,29.851999999999997,0.0,32.336
mvc-1200006880,mp-1041862,mp-1042355,MgCr(SiO3)2,intercalation,Pcab,2.7,235,794,632,2140,0.15,0.02,0.0,240.605,0.0,74.141
mvc-1200003035,mp-1046508,mp-1046640,MgNi5(TeO6)3,intercalation,C2/c,3.93,202,1053,793,4137,0.19,0.02,0.162,93.83200000000001,0.281,109.524
mvc-1200006446,mp-1041475,mp-1041708,MgMn3(AsO4)4,intercalation,P21/c,3.69,203,768,748,2832,0.18,0.02,0.0,129.463,0.001,152.115
mvc-1200010048,mp-1040921,mvc-5444,Mg0 –0.5MnO2,intercalation,Cm,3.0,270,1124,811,3368,0.09,0.02,0.001,85.376,0.051,119.32799999999999
mvc-1200005115,mvc-5115,mp-25633,MgV(SiO3)2,intercalation,C2/c,1.8,236,773,423,1388,0.07,0.02,0.0,29.656,0.0,34.562
mvc-1200006955,mp-1042060,mp-540273,Mg0 –1NiP2O7,intercalation,P1,4.28,209,725,893,3100,0.15,0.02,0.209,68.73,0.0,41.082
mvc-1200010190,mp-1041097,mp-1041066,Mg0 –0.5MnO2,intercalation,Cm,3.14,270,1131,849,3548,0.15,0.02,0.0,91.71600000000001,0.017,128.637
mvc-1200005884,mp-1047145,mp-504100,Mg0 –0.5CuO2,intercalation,I41/amd,3.61,249,1087,898,3920,0.17,0.02,0.0,23.842,0.085,25.52
mvc-1200009736,mp-1044907,mp-1044853,Mg0 –0.5TiO2,intercalation,P3m1,1.23,291,1145,358,1408,0.17,0.03,0.0,110.03299999999999,0.004,99.311
mvc-1200009980,mp-763405,mvc-11093,Mg0 –0.5MnO2,intercalation,R3m,3.29,270,1136,890,3735,0.21,0.03,0.0,29.156999999999996,0.0,29.086
mvc-1200009977,mp-763405,mvc-12125,Mg0 –0.5FeO2,intercalation,R3m,3.92,268,1143,1051,4482,0.29,0.03,0.0,28.796,0.0,29.086
mvc-1200006454,mp-1041473,mp-1047608,MgCo3(AsO4)4,intercalation,P21/c,4.01,200,812,801,3257,0.23,0.03,0.0,134.83100000000002,0.004,125.855
mvc-1200014334,mvc-14334,mp-766786,Mg0 –1VF5,intercalation,C2/c,3.75,315,977,1180,3659,0.04,0.03,0.018000000000000002,69.688,2.404,62.496
mvc-1200006553,mp-1041600,mvc-6284,MgFe3(AsO4)4,intercalation,P21/c,3.74,202,782,755,2922,0.23,0.03,12.522,169.739,0.013999999999999999,140.993
mvc-1200005134,mvc-5134,mp-25523,MgFe(SiO3)2,intercalation,C2/c,3.07,231,781,709,2399,0.15,0.03,0.0,67.582,0.0,35.445
mvc-1200019003,mp-19003,mp-510748,Mg0 –1V2O5,intercalation,Cmcm,2.56,260,837,666,2146,0.01,0.03,0.002,69.161,0.0,64.975
mvc-1200010236,mp-1041166,mp-1041256,Mg0 –0.5NiO2,intercalation,Cm,3.57,261,1255,931,4486,0.2,0.03,0.0,70.837,0.0,101.191
mvc-1200005721,mvc-5721,mp-540321,Mg0 –1FeP2O7,intercalation,P1,3.43,211,703,724,2413,0.09,0.03,0.2,65.281,0.0,43.61
mvc-1200014364,mvc-14364,mvc-3453,Mg0 –1SbF5,intercalation,P21/c,3.29,222,885,731,2909,0.0,0.03,0.003,119.046,0.0,71.84899999999999
mvc-1200005116,mvc-5116,mvc-11572,MgMn(SiO3)2,intercalation,C2/c,2.96,232,753,687,2234,0.11,0.03,0.314,45.28,0.0,38.065
mvc-1200002997,mp-1046410,mp-1046421,MgSrV(PO4)2,intercalation,P1,2.44,152,543,371,1323,0.08,0.03,0.001,75.627,0.019,58.935
mvc-1200010122,mp-1041000,mvc-5627,Mg0 –0.5NiO2,intercalation,P3m1,3.47,261,1260,905,4376,0.16,0.03,0.0,64.949,0.0,94.884
mvc-1200005111,mvc-5111,mvc-13125,Mg0 –1Si2NiO6,intercalation,C2/c,4.06,228,812,926,3299,0.24,0.03,0.0,27.638,0.0,30.45
mvc-1200009460,mp-1044622,mvc-5171,Mg0 –0.5TiO2,intercalation,P3m1,1.22,291,1141,356,1394,0.17,0.03,0.0,112.464,0.0,90.866
mvc-1200010154,mp-1041014,mp-1040910,Mg0 –0.5VO2,intercalation,P3m1,2.44,282,1133,688,2765,0.16,0.03,0.0,109.286,0.0,99.18700000000001
mvc-1200033325,mp-33325,mvc-13181,Mg0 –0.5FeO2,intercalation,Cm,3.99,268,1150,1069,4588,0.31,0.03,0.005,156.84799999999998,0.154,183.351
mvc-1200013559,mvc-13559,mvc-14047,Mg0 –0.25MnS2,intercalation,R3m,1.07,107,365,114,389,0.0,0.03,10.389000000000001,29.566999999999997,0.055999999999999994,67.133
mvc-1200005112,mvc-5112,mvc-12012,MgCo(SiO3)2,intercalation,C2/c,3.49,228,805,795,2808,0.19,0.03,0.0,23.83,0.0,35.647
mvc-1200008351,mp-1043213,mp-1043195,MgV(GeO3)2,intercalation,C2/c,2.06,169,763,349,1571,0.06,0.03,0.757,66.277,0.0,26.024
mvc-1200011656,mvc-11656,mp-25476,Mg0 –0.25CoO2,intercalation,R3m,3.05,138,665,421,2027,0.01,0.03,0.0,14.761,0.0,27.839000000000002
mvc-1200004964,mvc-4964,mvc-6353,Mg0 –0.5MnO2,intercalation,Cm,3.41,270,1139,921,3880,0.25,0.03,0.005,134.94,0.132,176.505
mvc-1200006041,mp-1047312,mvc-11423,Mg0 –0.5TiO2,intercalation,Cmcm,1.13,291,1269,330,1437,0.15,0.03,1.781,36.184,0.0,0.0
mvc-1200009196,mp-1044309,mp-1044267,MgTiV(PO4)3,intercalation,R3c,2.67,131,397,350,1059,0.01,0.03,3.3139999999999996,135.597,1.821,111.885
mvc-1200000415,mp-1046839,mp-1046983,Mg0 –2Nb2CrO8,intercalation,Cc,3.28,259,1158,848,3794,0.25,0.03,0.0,73.813,0.0,51.886
mvc-1200008338,mp-1043188,mp-775220,MgV(GeO3)2,intercalation,P21/c,2.01,169,734,340,1472,0.05,0.04,0.0,63.781000000000006,0.0,52.534
mvc-1200008658,mp-1043526,mvc-12276,MgCr(Si2O5)2,intercalation,P4/ncc,3.34,154,444,514,1486,0.21,0.04,0.22399999999999998,230.30900000000003,0.0,146.642
mvc-1200016583,mp-1045314,mvc-13536,Mg0 –1CrF4,intercalation,C2/c,4.22,352,1218,1486,5143,0.35,0.04,1.114,48.433,0.0,42.361999999999995
mvc-1200009921,mp-1048837,mvc-5485,Mg0 –0.5CrO2,intercalation,P3m1,3.44,279,1166,960,4013,0.19,0.04,0.004,106.816,0.001,104.89200000000001
mvc-1200010135,mp-1041012,mvc-12170,Mg0 –0.5CoO2,intercalation,P3m1,3.33,260,1296,866,4315,0.1,0.04,0.0,72.498,0.0,100.5
mvc-1200005586,mvc-5586,mp-540262,Mg0 –1CoP2O7,intercalation,P1,3.84,208,718,801,2759,0.09,0.04,0.192,59.836000000000006,0.0,42.717
mvc-1200008271,mvc-8271,mvc-12312,Mg0 –1VNiP2O9,intercalation,Pmcn,3.54,158,547,559,1937,0.08,0.04,0.001,148.934,0.0,86.303
mvc-1200005570,mvc-5570,mp-540363,Mg0 –1VP2O7,intercalation,P1,2.47,215,705,531,1741,0.09,0.04,0.008,43.573,0.0,44.879
mvc-1200010531,mp-1041464,mvc-11637,Mg0 –1Fe3P3O13,intercalation,P21/m,3.86,109,369,420,1426,0.1,0.04,0.142,115.33,0.0,83.069
mvc-1200010041,mp-1040886,mp-1040982,Mg0 –1Cr2P2O9,intercalation,Pmcn,3.62,160,553,581,2002,0.07,0.04,0.003,141.792,0.0,90.406
mvc-1200010538,mp-1041465,mp-1047920,Mg0 –1Mo3P3O13,intercalation,P21/m,1.9,87,330,166,625,0.04,0.04,1.367,142.016,0.0,134.673
mvc-1200014034,mvc-14034,mvc-14215,Mg0 –1CrF5,intercalation,C2/c,4.87,313,1004,1523,4885,0.05,0.04,1.327,71.498,0.89,63.861999999999995
mvc-1200009561,mp-1044648,mp-1118309,Mg0 –0.5TiO2,intercalation,R3m,1.21,291,1148,353,1390,0.18,0.04,0.0,34.68,0.0,24.763
mvc-1200007429,mp-1042428,mp-1042373,Mg0 –1Bi2O5,intercalation,Pcab,3.51,103,775,360,2718,0.16,0.04,0.0,112.65100000000001,0.0,117.68799999999999
mvc-1200008200,mp-1042428,mvc-5322,Mg0 –1Bi2O5,intercalation,Cmcm,3.36,103,689,345,2313,0.14,0.06,0.397,64.664,0.0,117.68799999999999
mvc-1200003147,mp-1046588,mp-1046509,MgMn5(TeO6)3,intercalation,C2/c,3.03,206,960,623,2907,0.05,0.04,0.63,119.087,0.583,150.49200000000002
mvc-1200010532,mp-1041461,mp-1047927,Mg0 –1V3P3O13,intercalation,P21/m,2.44,112,364,273,888,0.03,0.05,0.231,120.03299999999999,0.0,86.611
mvc-1200005074,mvc-5074,mvc-5310,Mg0 –0.5VO2,intercalation,Cm,2.3,282,1136,648,2612,0.14,0.05,0.026000000000000002,154.02100000000002,0.14,170.377
mvc-1200010057,mp-1040902,mvc-12174,Mg0 –0.5CrPO4,intercalation,C2/c,2.73,168,562,459,1531,0.21,0.05,0.0,120.647,0.079,143.143
mvc-1200010148,mp-1041008,mp-1040954,Mg0 –1Mn2P2O9,intercalation,Pmcn,3.45,158,538,544,1857,0.05,0.05,0.0,127.98200000000001,0.0,99.47200000000001
mvc-1200005960,mp-1047222,mvc-5774,Mg0 –2CrWO6,intercalation,R3,3.02,282,1644,851,4965,0.18,0.05,3.74,40.133,0.436,22.441
mvc-1200000859,mp-1043448,mp-32394,MgNi3(P2O7)2,intercalation,P21/c,3.72,98,375,364,1396,0.06,0.05,0.039,121.406,2.2569999999999997,101.139
mvc-1200008438,mvc-8438,mvc-8434,MgCr(GeO3)2,intercalation,P21/c,2.63,169,727,444,1910,0.11,0.05,0.001,84.564,0.0,58.497
mvc-1200004503,mvc-4503,mvc-4499,MgCr2(GeO4)3,intercalation,Ia3d,3.93,274,1218,1077,4789,0.32,0.05,11.716,191.96400000000003,9.919,153.67700000000002
mvc-1200010158,mvc-3430,mp-1041062,Mg0 –1Fe2P2O9,intercalation,Pmcn,3.99,157,539,626,2153,0.15,0.05,0.067,161.165,0.006999999999999999,86.507
mvc-1200003430,mvc-3430,mvc-3518,Mg0 –1BiF5,intercalation,P21/c,4.68,163,771,764,3605,0.0,0.08,0.03,139.627,0.006999999999999999,86.507
mvc-1200677217,mp-676282,mp-677217,Mg0 –1Mo3S4,intercalation,P1,0.82,122,604,100,498,0.07,0.05,0.006,62.183,0.0,88.13600000000001
mvc-1200006508,mp-1041507,mvc-6713,MgNi3(AsO4)4,intercalation,P21/c,4.43,200,826,885,3657,0.33,0.05,12.872,171.00099999999998,0.221,123.141
mvc-1200005119,mvc-5119,mp-25502,MgCr(SiO3)2,intercalation,C2/c,2.37,235,753,555,1782,0.11,0.05,0.0,30.698,0.0,39.416
mvc-1200009996,mp-1048900,mvc-11089,Mg0 –0.5VO2,intercalation,R3m,2.54,282,1132,715,2871,0.22,0.05,0.0,31.261999999999997,0.0,27.22
mvc-1200011476,mvc-11476,mvc-11241,Mg0 –0.25VS2,intercalation,R3m,0.99,111,376,110,373,0.0,0.05,8.426,27.653000000000002,0.026000000000000002,65.52199999999999
mvc-1200007648,mp-1042542,mvc-11380,Mg0 –1V2CoO7,intercalation,P21/c,3.6,180,662,650,2385,0.14,0.05,2.767,279.10400000000004,0.0,224.65599999999998
mvc-1200008398,mvc-8398,mvc-8359,MgCr(GeO3)2,intercalation,C2/c,2.61,169,763,440,1991,0.1,0.05,1.358,52.95399999999999,0.0,20.733
mvc-1200009206,mp-773444,mvc-13330,Mg0 –1V3O7,intercalation,Pcmn,2.62,185,639,485,1671,0.07,0.05,0.003,174.357,0.0,100.648
mvc-1200675435,mp-675435,mp-676910,Mg0 –1Mo3Se4,intercalation,P1,0.79,85,524,67,412,0.06,0.05,0.0,111.31200000000001,40.196999999999996,260.29
mvc-1200008414,mvc-8414,mp-1044071,Mg0 –1CrNiP2O9,intercalation,Pmcn,3.83,157,555,602,2124,0.1,0.05,0.003,157.102,0.0,91.15299999999999
mvc-1200009144,mp-1044166,mp-1044207,Mg0 –1CrBiO5,intercalation,P21/c,3.47,147,771,509,2677,0.13,0.05,15.251,222.88,0.157,92.99799999999999
mvc-1200010539,mp-1047808,mp-1047928,Mg0 –1Mn3P3O13,intercalation,P21/m,3.38,109,372,370,1257,0.04,0.05,0.021,110.295,0.0,70.252
mvc-1200000898,mp-1040887,mp-540486,MgFe3(P2O7)2,intercalation,P21/c,2.31,99,357,230,826,0.04,0.05,0.028999999999999998,124.165,0.0,98.117
mvc-1200010049,mp-1040887,mp-1044910,Mg0 –0.5VPO4,intercalation,C2/c,2.13,170,574,361,1221,0.17,0.07,2.521,153.398,0.0,98.117
mvc-1200019139,mp-19139,mp-1046644,Mg0 –2Mo3O8,intercalation,P63mc,2.98,231,1100,688,3280,0.33,0.05,0.008,72.456,0.0,65.917
mvc-1200016768,mp-1045420,mp-38816,Mg0 –0.5TiS2,intercalation,Ibmm,0.92,216,705,198,646,0.02,0.05,0.034,75.378,0.026000000000000002,76.439
mvc-1200003736,mvc-3736,mp-765928,Mg0 –1VF5,intercalation,P21/c,3.66,315,989,1154,3624,0.03,0.05,0.03,142.836,0.0,60.563
mvc-1200005456,mvc-5456,mp-1042045,Mg0 –0.5NiO2,intercalation,Cm,3.88,261,1260,1011,4888,0.33,0.05,0.0,130.82399999999998,0.001,127.29299999999999
mvc-1200010188,mp-1041071,mp-1040936,Mg0 –0.5CoPO4,intercalation,C2/c,3.84,161,588,620,2262,0.14,0.05,0.017,143.059,0.003,124.77600000000001
mvc-1200015644,mvc-15644,mp-715584,Mg0 –1MoO3,intercalation,Pbnm,2.09,319,1590,667,3327,0.0,0.06,0.001,41.26,0.0,16.636
mvc-1200006963,mp-1042090,mp-1047762,Mg0 –0.5NiO2,intercalation,Pcmb,3.77,261,1375,982,5185,0.3,0.06,0.0,23.45,0.0,0.0
mvc-1200006921,mp-1041928,mvc-12283,Mg0 –0.5MnO2,intercalation,Pcmb,2.64,270,1242,713,3274,0.03,0.06,0.013000000000000001,137.534,0.0,18.908
mvc-1200007825,mp-1042624,mvc-10959,Mg0 –1VBiO5,intercalation,Pcab,4.19,147,811,617,3399,0.35,0.06,0.077,343.14599999999996,0.0,136.132
mvc-1200008342,mp-1043215,mp-1044247,Mg0 –1NiSnP2O9,intercalation,Pmcn,4.03,131,510,529,2052,0.15,0.06,0.05,168.53400000000002,0.0,124.865
mvc-1200019574,mp-19574,mvc-12287,MgFe2(SiO4)3,intercalation,Ia3d,4.72,116,434,549,2050,0.23,0.06,6.77,141.39,4.3839999999999995,121.29299999999999
mvc-1200007942,mp-1042695,mp-1043013,Mg0 –2Cr3O8,intercalation,P63mc,4.05,322,1263,1305,5115,0.38,0.06,0.068,91.044,0.0,42.336000000000006
mvc-1200009987,mp-1048911,mp-770908,Mg0 –0.5CoO2,intercalation,R3m,3.3,260,1281,858,4228,0.11,0.06,0.0,25.988000000000003,0.0,28.088
mvc-1200000843,mp-1043361,mp-770908,Mg0 –0.5Ni2O3,intercalation,Cmcm,3.97,151,860,599,3413,0.25,0.06,0.0,25.988000000000003,0.0,17.535
mvc-1200012636,mp-1043361,mp-1043875,Mg0 –0.5NiO2,intercalation,Pmnb,3.39,261,1393,883,4719,0.18,0.07,0.0,23.958000000000002,0.0,17.535
mvc-1200008885,mp-1043800,mvc-11633,Mg0 –0.5VPO5,intercalation,F2dd,3.07,154,540,473,1659,0.09,0.06,1.6880000000000002,79.875,0.067,65.49600000000001
mvc-1200007972,mp-1042772,mvc-11633,Mg0 –1CrAs2O7,intercalation,P21/c,3.38,159,623,536,2107,0.12,0.06,1.6880000000000002,79.875,0.48700000000000004,133.827
mvc-1200009179,mp-1042772,mp-1042757,Mg0 –1BiMoO5,intercalation,P21/c,3.04,131,718,398,2185,0.19,0.07,0.43200000000000005,135.93,0.48700000000000004,133.827
mvc-1200010166,mp-1041045,mp-1048924,Mg0 –0.5FePO4,intercalation,C2/c,3.24,164,571,533,1850,0.18,0.06,1.1740000000000002,144.304,0.006,133.95600000000002
mvc-1200008656,mp-1043525,mp-1043728,MgMn(Si2O5)2,intercalation,P4/ncc,3.46,152,436,528,1510,0.18,0.06,0.29600000000000004,243.86700000000002,0.0,144.627
mvc-1200016779,mp-1045474,mvc-34,Mg0 –0.5MnS2,intercalation,Imma,1.06,204,671,216,708,0.01,0.06,0.0,54.99100000000001,0.08199999999999999,82.26700000000001
mvc-1200000865,mp-1045474,mvc-34,MgMn3(P2O7)2,intercalation,P21/c,2.69,100,343,269,924,0.02,0.06,0.0,54.99100000000001,0.08199999999999999,82.26700000000001
mvc-1200019581,mp-19581,mvc-15182,MgCr2(SiO4)3,intercalation,Ia3d,3.99,355,1314,1415,5236,0.39,0.06,1.804,115.059,3.9930000000000003,117.90299999999999
mvc-1200004650,mp-19581,mvc-15182,Mg0 –0.5TiO2,intercalation,Cm,1.16,291,1145,338,1327,0.18,0.06,1.804,115.059,3.9930000000000003,117.90299999999999
mvc-1200006707,mp-1041677,mvc-5322,Mg0 –1SnP2O7,intercalation,P1,2.32,169,648,393,1505,0.11,0.06,0.397,64.664,0.001,39.724000000000004
mvc-1200014220,mvc-14220,mvc-14217,Mg0 –1MoF5,intercalation,C2/c,3.31,249,878,825,2911,0.05,0.06,2.658,93.861,4.573,82.51700000000001
mvc-1200008664,mvc-14220,mvc-14217,MgFe(Si2O5)2,intercalation,P4/ncc,3.45,152,445,525,1534,0.19,0.06,2.658,93.861,4.573,82.51700000000001
mvc-1200000867,mp-1043564,mp-540500,MgCo3(P2O7)2,intercalation,P21/c,3.09,98,364,302,1124,0.03,0.06,0.001,116.20700000000001,1.665,102.29299999999999
mvc-1200000857,mp-1043564,mp-540500,MgV3(P2O7)2,intercalation,P21/c,1.28,102,348,130,444,0.02,0.07,0.001,116.20700000000001,1.665,102.29299999999999
mvc-1200008321,mvc-5203,mvc-5466,MgCr4(CuO4)3,intercalation,Im3,2.7,87,451,236,1219,0.03,0.07,0.0,115.594,0.0,107.834
mvc-1200003750,mp-1043098,mp-1043595,Mg0 –1MoF5,intercalation,P21/c,3.29,249,877,819,2886,0.05,0.07,0.0,144.672,0.0,80.501
mvc-1200012895,mp-1045982,mvc-12205,Mg0 –0.5NiO2,intercalation,Pnmm,3.11,261,1250,811,3891,0.09,0.07,0.001,47.295,0.0,31.021
mvc-1200008645,mp-1043529,mp-694554,MgCo(Si2O5)2,intercalation,P4/ncc,3.33,151,450,502,1500,0.16,0.07,0.175,134.813,2.97,110.56700000000001
mvc-1200004981,mvc-4650,mvc-4715,Mg0 –2CrWO6,intercalation,P21/c,3.07,282,1687,865,5178,0.23,0.07,0.009000000000000001,172.595,0.228,135.208
mvc-1200011618,mp-1042977,mp-1043373,Mg0 –0.5CoO2,intercalation,Pnmm,3.0,260,1299,779,3890,0.02,0.07,0.004,50.675,0.055,71.199
mvc-1200002315,mp-1043548,mp-1043700,Mg0 –2Ni9O13,intercalation,C2/m,3.76,137,781,513,2935,0.2,0.07,0.161,231.296,0.0,143.719
mvc-1200000880,mp-1043704,mp-540180,MgCr3(P2O7)2,intercalation,P21/c,1.58,101,338,161,534,0.04,0.07,0.006999999999999999,123.11200000000001,0.0,120.90799999999999
mvc-1200008078,mp-1042940,mp-1042928,MgFe2(MoO4)3,intercalation,P1,2.89,128,483,370,1395,0.17,0.07,0.9540000000000001,151.35299999999998,12.989,198.58900000000003
mvc-1200008311,mp-1043062,mp-1043303,MgFe4(CuO4)3,intercalation,Im3,3.11,85,436,265,1358,0.07,0.07,0.0,35.333,0.0,29.046999999999997
mvc-1200010150,mp-1041004,mp-1040967,Mg0 –0.5CrO2,intercalation,P3m1,3.31,279,1162,922,3843,0.19,0.08,0.001,107.72399999999999,0.0,106.38600000000001
mvc-1200000838,mp-1043253,mvc-12005,Mg0 –0.5Fe2O3,intercalation,Cmcm,2.58,156,777,402,2001,0.25,0.08,0.0,42.333,0.0,19.226
mvc-1200000321,mp-1046590,mp-1046793,Mg0 –0.5Ti2O3,intercalation,Cmcm,0.75,172,814,128,606,0.13,0.08,0.0,38.287,0.0,10.892000000000001
mvc-1200008926,mp-1043837,mp-1043703,MgTiSb(PO4)3,intercalation,R3c,1.88,112,393,211,740,0.0,0.08,3.134,144.037,1.003,102.905
mvc-1200008320,mp-1040910,mp-1043067,MgCo4(CuO4)3,intercalation,Im3,2.93,83,496,244,1452,0.06,0.08,0.001,28.278000000000002,0.0,109.286
mvc-1200008322,mp-1043121,mvc-12083,MgMn4(CuO4)3,intercalation,Im3,2.72,86,450,232,1222,0.05,0.08,0.0,27.636999999999997,0.0,25.808000000000003
mvc-1200007843,mvc-12083,mp-1042629,Mg0 –1BiMoO5,intercalation,Pcab,3.12,131,806,409,2518,0.22,0.08,2.08,465.935,0.0,27.636999999999997
mvc-1200000078,mvc-78,mvc-11244,Mg0 –0.5CoS2,intercalation,Fd3m,1.42,198,755,281,1072,0.1,0.08,0.0,45.763000000000005,0.0,54.982
mvc-1200006914,mvc-11244,mvc-13696,Mg0 –0.5NiO2,intercalation,Ibmm,3.6,261,1254,939,4519,0.27,0.08,0.0,31.538,0.0,45.763000000000005
mvc-1200003281,mvc-13696,mp-1046704,Mg0 –1VPO5,intercalation,P1,2.4,288,991,692,2382,0.01,0.08,10.792,56.975,0.0,31.538
mvc-1200012117,mvc-12117,mvc-5816,Mg0 –0.5CoO2,intercalation,Pmnb,2.95,260,1445,768,4271,0.03,0.08,0.0,15.774000000000001,0.0,0.0
mvc-1200008280,mp-1043103,mp-1043619,Mg0 –1FeNiP2O9,intercalation,Pmcn,4.15,155,554,645,2297,0.18,0.08,0.002,143.852,0.0,89.84299999999999
mvc-1200010447,mp-1041375,mvc-10961,Mg0 –1V4O9,intercalation,P4/n,2.83,144,518,408,1469,0.13,0.09,0.0,93.943,0.0,50.153
mvc-1200001904,mvc-10961,mp-1045643,Mg0 –2Ti9O13,intercalation,C2/m,0.72,156,746,113,540,0.14,0.09,0.004,34.929,0.0,93.943
mvc-1200012394,mvc-12394,mvc-12466,Mg0 –0.5TiO2,intercalation,Pnmm,0.96,291,1161,279,1114,0.15,0.09,0.004,84.845,0.0,22.084
mvc-1200008653,mp-1043519,mp-1043652,MgV(Si2O5)2,intercalation,P4/ncc,2.06,154,442,318,911,0.16,0.09,0.342,228.949,0.0,143.341
mvc-1200008341,mp-1043183,mp-1043320,MgCu3(NiO3)4,intercalation,Im3,3.32,84,474,277,1572,0.1,0.09,0.0,29.465,0.0,20.924
mvc-1200005026,mvc-5026,mp-1117059,Mg0 –1WO3,intercalation,Pbnm,1.59,209,1566,332,2483,0.0,0.09,0.012,45.898,0.0,20.784000000000002
mvc-1200009041,mp-1117059,mp-1044170,Mg0 –0.5CrPO5,intercalation,Fddd,3.82,153,553,584,2111,0.13,0.09,1.729,80.40899999999999,0.012,45.898
mvc-1200000786,mp-1042648,mp-1043363,Mg0 –0.5Mn2O3,intercalation,Cmcm,2.78,158,744,438,2064,0.22,0.09,0.0,44.44,0.0,31.004
mvc-1200015888,mvc-15888,mp-1045734,Mg0.5 –1VO3,intercalation,Pbnm,2.47,217,894,537,2209,0.1,0.09,0.0,12.673,0.0,5.691
mvc-1200015888,mvc-15888,mp-1045734,Mg0.5 –1VO3,intercalation,Pbnm,2.47,217,894,537,2209,0.1,0.09,0.0,12.673,0.0,5.691
mvc-1200000457,mp-1046958,mp-1047057,MgSn3(P2O7)2,intercalation,P21/c,1.39,74,288,102,399,0.03,0.09,0.429,177.222,0.0,119.536
mvc-1200002276,mp-1045866,mp-1045833,Mg0 –2Mn9O13,intercalation,P1,2.76,143,673,394,1860,0.22,0.09,0.0,52.378,0.0,45.303999999999995
mvc-1200003394,mp-1046728,mvc-2979,Mg0 –1MnF4,intercalation,P1,4.77,345,1296,1646,6178,0.32,0.09,0.903,56.05,0.048,37.866
mvc-1200006406,mp-1047659,mvc-14931,Mg0 –0.5MnO2,intercalation,Cmcm,3.06,270,1258,829,3853,0.2,0.09,0.0,47.519,0.0,7.901
mvc-1200008859,mp-1043716,mp-1043783,Mg0 –1Bi2O5,intercalation,P21/c,3.43,103,673,352,2304,0.2,0.1,0.0,93.844,0.336,109.934
mvc-1200011960,mvc-11960,mp-1048695,Mg0.5 –1V2O5,intercalation,Pmnm,2.31,130,456,300,1052,0.09,0.1,0.245,41.381,0.0,30.889
mvc-1200011960,mvc-11960,mp-1048695,Mg0 –1V2O5,intercalation,Pmnm,2.22,260,912,578,2027,0.0,0.1,0.245,41.381,0.0,30.889
mvc-1200006601,mp-1041583,mp-1047618,Mg0 –0.5VO2,intercalation,Pcmb,2.18,282,1243,614,2709,0.15,0.1,1.982,38.728,0.0,4.0
mvc-1200010450,mvc-10450,mp-1041470,Mg0 –0.5CrCuO4,intercalation,P21/c,2.92,140,553,409,1616,0.05,0.1,0.0,138.98,0.0,103.24799999999999
mvc-1200000314,mp-1046562,mp-1046820,Mg0 –0.5Cu2O3,intercalation,Cmcm,3.34,143,837,478,2796,0.17,0.1,0.0,23.866,0.0,7.856
mvc-1200007833,mp-1042618,mp-1042644,Mg0 –1CrBiO5,intercalation,Pcab,3.28,147,827,481,2714,0.15,0.1,3.3569999999999998,416.602,0.0,101.334
mvc-1200010170,mp-1042644,mp-1040999,Mg0 –0.5CuTeO4,intercalation,P21/c,3.34,100,481,335,1609,0.19,0.1,0.0,157.306,3.3569999999999998,416.602
mvc-1200032432,mp-32432,mvc-11986,Mg1.5 –2VO4,intercalation,Fd3m,1.46,164,588,239,860,0.02,0.1,0.0,36.492,0.0,30.258000000000003
mvc-1200032432,mp-32432,mvc-11986,Mg1.5 –2VO4,intercalation,Fd3m,1.46,164,588,239,860,0.02,0.1,0.0,36.492,0.0,30.258000000000003
mvc-1200015870,mvc-15870,mvc-15798,Mg0 –1BiF5,intercalation,Cc,4.59,163,748,750,3435,0.01,0.1,4.285,89.132,12.71,91.795
mvc-1200003248,mp-1046669,mp-1046697,Mg0 –1CrSiO5,intercalation,C2/c,3.57,291,1043,1037,3723,0.23,0.1,0.509,39.21,0.039,26.915
mvc-1200003716,mvc-3716,mvc-13642,Mg0 –1VF4,intercalation,P1,3.31,354,1215,1174,4024,0.35,0.1,1.537,53.394,0.011000000000000001,42.733000000000004
mvc-1200001926,mvc-13642,mp-1045694,Mg0 –2Cu9O13,intercalation,C2/m,3.32,129,765,430,2541,0.17,0.1,0.0,10.550999999999998,1.537,53.394
mvc-1200003244,mp-1046666,mp-1046724,Mg0 –1CrPO5,intercalation,C2/c,3.17,286,1011,909,3209,0.05,0.11,0.0,31.344,0.001,32.819
mvc-1200005565,mvc-5565,mvc-5643,Mg0 –1CrAsO5,intercalation,P212121,3.5,232,897,812,3141,0.17,0.11,0.0,44.23,0.0,43.744
mvc-1200014224,mvc-14224,mvc-14167,Mg0 –1WF5,intercalation,C2/c,2.54,177,871,448,2209,0.02,0.11,7.182,92.18,4.465,81.751
mvc-1200007826,mvc-7826,mp-1042994,MgCr3(FeO6)2,intercalation,P1,2.66,162,561,432,1496,0.03,0.11,0.129,120.072,0.0,106.15799999999999
mvc-1200019573,mp-1042994,mvc-13578,MgV2(SiO4)3,intercalation,Ia3d,2.57,238,862,611,2214,0.2,0.11,2.147,125.075,0.129,120.072
mvc-1200014048,mvc-14048,mvc-12727,Mg0 –0.5VS2,intercalation,I41/amd,1.12,211,663,236,742,0.07,0.11,0.0,39.847,8.432,94.016
mvc-1200007987,mvc-12727,mp-1042860,MgFe2(WO4)3,intercalation,P1,2.13,90,477,192,1017,0.12,0.11,1.177,153.61,0.0,39.847
mvc-1200015495,mvc-15495,mvc-13706,Mg0 –2Cr3O8,intercalation,C2/m,3.78,322,1277,1218,4825,0.34,0.11,0.0,42.606,0.0,32.664
mvc-1200008325,mp-1043180,mvc-11840,MgV4(CuO4)3,intercalation,Im3,2.21,88,447,194,988,0.08,0.11,0.0,28.355,0.0,24.386999999999997
mvc-1200019541,mp-19541,mvc-11375,MgMn2(SiO4)3,intercalation,Ia3d,2.74,117,433,320,1186,0.11,0.11,1.515,121.637,4.524,121.205
mvc-1200011289,mvc-11289,mvc-11233,Mg0 –0.25CoS2,intercalation,R3m,1.4,104,390,145,545,0.12,0.11,8.373,24.748,0.052000000000000005,67.857
mvc-1200003748,mvc-3748,mvc-3816,Mg0 –1WF5,intercalation,P21/c,2.52,177,869,445,2187,0.02,0.11,0.107,137.385,0.159,113.095
mvc-1200012111,mvc-12111,mp-1190609,Mg0 –0.5VO2,intercalation,Pmnb,1.93,282,1240,544,2393,0.09,0.11,0.0,39.641,0.0,13.668
mvc-1200006623,mp-1041768,mp-1041777,Mg0 –1Cr2CuO7,intercalation,P2/c,3.0,176,645,529,1934,0.05,0.11,0.777,379.782,0.0,167.042
mvc-1200009993,mp-1048889,mvc-14589,Mg0 –0.5CrO2,intercalation,R3m,3.2,279,1164,892,3725,0.19,0.12,0.0,29.296,0.0,27.65
mvc-1200005221,mvc-14589,mvc-5236,Mg0 –0.5SnO2,intercalation,Cm,1.91,165,884,314,1684,0.26,0.12,0.0,98.729,0.0,29.296
mvc-1200015844,mvc-15844,mvc-14697,Mg0 –1SbF5,intercalation,C2/c,2.97,222,792,661,2353,0.0,0.12,3.464,82.902,12.927999999999999,84.787
mvc-1200006401,mp-1047641,mp-1047643,Mg0 –0.5CrO2,intercalation,Cmcm,3.15,279,1288,878,4057,0.18,0.12,1.4769999999999999,37.689,0.0,7.728
mvc-1200012366,mvc-12366,mvc-11600,Mg0 –0.25TiO2,intercalation,R3m,1.11,156,579,173,644,0.15,0.12,8.5,22.448,0.0,33.311
mvc-1200012952,mvc-12952,mvc-11598,Mg0 –0.25NiS2,intercalation,R3m,1.06,104,383,111,408,0.07,0.12,9.967,29.416999999999998,0.11699999999999999,64.757
mvc-1200010121,mp-1040980,mp-1041088,Mg0 –0.5CuBiO4,intercalation,P21/c,3.43,77,473,263,1620,0.17,0.12,0.0,90.90700000000001,0.0,133.792
mvc-1200008651,mp-1043541,mp-1043826,Mg0 –1Si4NiO10,intercalation,P4/ncc,3.84,151,465,580,1786,0.23,0.12,0.16,222.704,0.0,125.65100000000001
mvc-1200006193,mp-1043826,mp-1041638,MgCr3(AsO4)4,intercalation,P21/c,3.41,205,787,699,2684,0.24,0.12,0.0,133.695,0.16,222.704
mvc-1200003987,mvc-3987,mp-779941,Mg0 –1CrO3,intercalation,Pbnm,2.99,431,1839,1288,5492,0.06,0.12,0.0,69.83,0.0,6.6370000000000005
mvc-1200011138,mvc-11138,mp-756655,Mg0 –0.5TiO2,intercalation,Pmnb,0.63,291,1268,182,793,0.07,0.12,0.0,48.327,0.0,0.0
mvc-1200016579,mp-1045307,mvc-13960,Mg0 –1FeF4,intercalation,Ibam,4.34,343,1336,1488,5793,0.24,0.12,0.831,55.553000000000004,0.0,37.086999999999996
mvc-1200002344,mp-1045970,mp-1045898,Mg0 –2V9O13,intercalation,C2/m,1.57,150,697,236,1096,0.22,0.12,0.026000000000000002,40.646,0.0,11.640999999999998
mvc-1200008070,mp-1042857,mp-1042864,MgTi(GeO3)2,intercalation,C2/c,1.21,171,769,206,929,0.03,0.13,2.28,67.101,0.0,25.671999999999997
mvc-1200009128,mp-1042864,mp-714929,Mg0 –0.25CrO2,intercalation,R3m,3.34,149,596,497,1990,0.19,0.13,0.0,0.0,2.28,67.101
mvc-1200005088,mvc-5088,mvc-5316,Mg0 –0.5SnO2,intercalation,Cm,1.78,165,874,292,1553,0.22,0.13,0.026000000000000002,121.476,0.001,175.60299999999998
mvc-1200010233,mp-1041140,mp-1041196,Mg0 –1Ti3P3O13,intercalation,P21/m,0.67,114,358,77,241,0.03,0.13,0.386,123.445,0.0,98.027
mvc-1200007838,mp-1042608,mvc-11034,MgTi4(CuO4)3,intercalation,Im3,2.33,90,435,209,1015,0.06,0.13,0.01,38.251999999999995,0.0,28.375999999999998
mvc-1200012027,mvc-12027,mvc-12615,Mg0 –0.5VO2,intercalation,Pnmm,2.06,282,1125,582,2321,0.16,0.13,0.004,81.426,0.0,47.84
mvc-1200009678,mvc-9678,mp-1044873,Mg0 –1Bi2P2O9,intercalation,Pmcn,3.31,83,447,273,1479,0.15,0.13,3.5389999999999997,291.518,0.0,98.021
mvc-1200009760,mp-1044937,mp-1044823,Mg0 –1Ti2P2O9,intercalation,Pmcn,1.09,164,529,180,579,0.06,0.13,0.0,164.679,0.0,98.47
mvc-1200015669,mvc-15669,mp-1048779,Mg0.5 –1BiO3,intercalation,Pbnm,2.76,95,666,263,1837,0.12,0.13,0.0,36.326,0.0,30.568
mvc-1200000811,mp-1042943,mp-1043388,Mg0 –0.5V2O3,intercalation,Cmcm,1.64,165,763,271,1252,0.25,0.13,0.0,49.641000000000005,0.0,15.556
mvc-1200014313,mvc-14313,mvc-15991,Mg0 –2Mo3O8,intercalation,C2/m,2.54,231,1107,586,2809,0.26,0.13,0.0,55.011,0.0,45.041000000000004
mvc-1200009937,mp-1048843,mp-1044829,Mg0 –1Sn2P2O9,intercalation,Pmcn,1.6,115,428,184,687,0.06,0.13,0.61,188.515,0.002,219.25099999999998
mvc-1200005121,mvc-5121,mvc-5220,Mg0 –0.5BiO2,intercalation,Cm,2.86,106,807,302,2305,0.17,0.13,5.159,215.239,3.765,172.637
mvc-1200010551,mp-1047865,mp-1047865,Mg0 –1Ni3P3O13,intercalation,P21/m,4.02,107,385,430,1545,0.18,0.13,0.0,73.87899999999999,0.0,73.87899999999999
mvc-1200002285,mp-1045937,mvc-2263,Mg0 –2Co9O13,intercalation,C2/m,3.24,136,780,442,2529,0.28,0.14,0.0,47.358000000000004,0.0,36.143
mvc-1200004648,mvc-4648,mvc-5860,Mg0 –0.5BiO2,intercalation,Cm,2.56,106,804,271,2058,0.09,0.14,0.012,156.815,1.578,218.30700000000002
mvc-1200001710,mp-1045598,mp-540258,MgTi(PO3)4,intercalation,C2/c,1.52,138,394,210,599,0.04,0.14,0.138,114.335,0.0,91.257
mvc-1200003366,mp-1046746,mp-1045679,Mg0 –2Nb2TeO8,intercalation,P1,2.48,219,1003,543,2487,0.16,0.14,0.009000000000000001,79.686,2.765,80.044
mvc-1200006602,mp-1041629,mp-1047639,Mg0 –0.5CoO2,intercalation,Pcmb,3.28,260,1342,852,4399,0.2,0.14,0.847,24.51,0.0,3.784
mvc-1200010077,mp-1040927,mvc-10214,Mg0 –0.5TaCuO4,intercalation,P21/c,3.52,84,509,294,1790,0.21,0.14,0.0,160.145,0.0,149.126
mvc-1200012846,mvc-12846,mp-714944,Mg0 –0.25VO2,intercalation,R3m,2.1,151,587,316,1231,0.14,0.14,0.0,16.448,0.0,37.939
mvc-1200010248,mp-1041145,mp-1041261,Mg0 –1Bi3P3O13,intercalation,P21/m,3.0,56,277,169,831,0.12,0.14,6.117999999999999,191.354,0.0,149.329
mvc-1200000835,mp-1043200,mp-1043418,Mg0 –0.5Co2O3,intercalation,Cmcm,3.07,151,825,462,2532,0.24,0.15,0.0,40.211,0.0,18.463
mvc-1200007852,mp-1042619,mvc-13015,MgCu3(SnO3)4,intercalation,Im3,1.94,61,383,118,743,0.06,0.15,0.015,31.674,0.0,29.750999999999998
mvc-1200003078,mp-1046557,mp-1046527,MgCr5(TeO6)3,intercalation,C2/c,2.63,209,1002,548,2634,0.13,0.15,0.893,115.59299999999999,0.902,111.671
mvc-1200009043,mp-1044052,mp-1044164,Mg0 –0.5MoPO5,intercalation,Fddd,1.93,122,497,236,959,0.07,0.15,3.74,99.749,0.6859999999999999,72.164
mvc-1200009098,mp-1044122,mp-1044162,Mg0 –0.5PWO5,intercalation,Fddd,1.33,87,489,116,652,0.07,0.15,2.461,93.109,0.892,76.94800000000001
mvc-1200005864,mvc-5864,mvc-5626,Mg0 –1MoAsO5,intercalation,P212121,2.51,195,763,489,1917,0.16,0.16,0.0,73.54,0.0,109.339
mvc-1200008440,mp-1043372,mp-1043406,MgTi(Si2O5)2,intercalation,P4/ncc,0.95,156,442,148,421,0.18,0.16,0.384,216.71,0.0,148.537
mvc-1200005032,mvc-5032,mvc-5295,Mg0 –0.5CrO2,intercalation,Cm,3.0,279,1164,837,3495,0.18,0.16,0.002,129.621,0.004,155.10399999999998
mvc-1200014232,mp-1118049,mvc-15884,Mg0 –1NiF4,intercalation,I4/mcm,5.48,337,1384,1847,7581,0.26,0.16,0.47600000000000003,47.221000000000004,0.002,27.449
mvc-1200008632,mp-1043471,mp-1043556,Mg0 –0.5SbPO5,intercalation,F2dd,1.86,109,449,204,837,0.05,0.16,0.782,79.624,1.033,94.88600000000001
mvc-1200010153,mp-1041003,mp-1040961,Mg0 –1P2W2O9,intercalation,Pmcn,1.13,90,493,101,556,0.04,0.16,0.574,204.43200000000002,0.0,137.578
mvc-1200006043,mp-1047337,mp-1047075,Mg0 –0.5MoO2,intercalation,Pmnb,2.4,191,1085,458,2600,0.45,0.16,0.198,77.961,0.0,48.093999999999994
mvc-1200015602,mvc-15602,mp-1048765,Mg0.5 –1SbO3,intercalation,P21/c,1.73,138,727,239,1256,0.14,0.16,0.0,23.285999999999998,0.0,16.793
mvc-1200010460,mp-1041401,mp-1047807,Mg0 –0.5CuWO4,intercalation,P21/c,2.48,83,490,206,1218,0.19,0.16,0.0,224.15900000000002,0.0,161.821
mvc-1200002347,mp-1045917,mp-767563,Mg0 –1P4WO12,intercalation,C2/c,1.25,102,367,128,460,0.03,0.17,1.811,136.846,1.0270000000000001,137.817
mvc-1200004871,mvc-4871,mp-25301,MgTi(SiO3)2,intercalation,C2/c,0.24,239,783,57,188,0.04,0.17,0.0,31.666999999999998,0.0,29.048000000000002
mvc-1200006370,mp-1047628,mvc-5659,Mg0 –0.5SnO2,intercalation,P21/c,1.25,165,895,205,1116,0.09,0.17,0.042,52.68600000000001,0.0,52.352
mvc-1200003898,mvc-3898,mvc-3935,MgSi3(WO6)2,intercalation,Ia3d,1.63,224,1207,365,1963,0.14,0.17,12.258,198.43400000000003,7.278,145.138
mvc-1200010249,mp-1041149,mp-1041240,Mg0 –1Sb3P3O13,intercalation,P21/m,1.78,78,289,138,514,0.09,0.17,5.502000000000001,139.75,0.0,141.472
mvc-1200010263,mp-1041181,mp-1041231,Mg0 –1Sn3P3O13,intercalation,P21/m,1.27,79,304,100,385,0.09,0.17,1.051,103.219,0.0,86.111
mvc-1200009719,mp-1044814,mp-1044867,Mg0 –0.5BiO2,intercalation,P3m1,2.66,106,795,281,2114,0.16,0.17,0.574,168.235,2.596,162.27200000000002
mvc-1200006718,mp-1041687,mp-1047621,Mg0 –0.5MoO2,intercalation,Pcmb,2.17,191,1067,415,2314,0.38,0.17,1.817,43.667,0.0,35.731
mvc-1200005073,mvc-5073,mvc-4514,Mg0 –1.5Si2WO7,intercalation,C2/c,2.34,207,950,484,2223,0.36,0.18,14.700999999999999,171.679,14.774000000000001,146.75
mvc-1200009654,mp-1044743,mp-1044751,MgPr(WO3)2,intercalation,Pc,1.12,85,697,95,780,0.11,0.18,0.15,47.68,0.0,30.639
mvc-1200004866,mvc-4866,mvc-12639,Mg0 –1FeO2,intercalation,P1,2.26,478,1816,1079,4098,0.15,0.18,0.0,24.147,0.062,47.059
mvc-1200013666,mvc-13666,mvc-15363,Mg0 –1SnO2,intercalation,P1,1.28,306,1431,391,1826,0.07,0.18,4.953,44.442,0.004,50.553000000000004
mvc-1200006430,mp-1041491,mp-1041491,MgTi(SiO3)2,intercalation,Pcab,0.2,239,803,48,160,0.05,0.18,0.0,66.834,0.0,66.834
mvc-1200011190,mvc-11190,mvc-1,Mg0 –0.5NiS2,intercalation,Fd3m,1.02,199,731,203,747,0.07,0.18,0.0,46.676,0.005,73.253
mvc-1200008669,mp-1043550,mp-1043760,Mg0 –1Si4WO10,intercalation,P4/ncc,1.8,112,427,201,770,0.21,0.18,5.067,288.95,0.0,176.238
mvc-1200002805,mp-1046203,mp-1046357,Mg0 –2Ta2WO8,intercalation,P1,1.99,148,1149,296,2293,0.28,0.18,0.0,76.119,0.0,59.165
mvc-1200006625,mp-1041705,mp-1041528,MgV3(AsO4)4,intercalation,P21/c,2.56,206,780,526,1995,0.18,0.18,0.0,124.94200000000001,11.440999999999999,177.571
mvc-1200004682,mp-1046883,mp-557993,Mg0 –0.5BiO2,intercalation,Fd3m,2.11,106,790,223,1667,0.0,0.19,0.0,27.434,0.54,97.795
mvc-1200003395,mp-1046764,mp-1046949,Mg0 –2Nb2WO8,intercalation,P1,1.73,196,1153,339,1993,0.19,0.19,0.004,81.337,0.0,55.083999999999996
mvc-1200000794,mp-1042710,mp-1043379,Mg0 –0.5Cr2O3,intercalation,Cmcm,1.77,163,773,290,1372,0.29,0.19,0.0,42.361999999999995,0.0,11.577
mvc-1200000899,mp-1043960,mp-1040952,Mg0 –1TiP2O7,intercalation,P21/c,1.22,218,693,265,843,0.14,0.19,0.003,127.273,5.614,92.926
mvc-1200002307,mp-1045889,mp-1045826,Mg0 –2Cr9O13,intercalation,C2/m,1.77,148,701,262,1241,0.28,0.19,0.0,45.287,0.0,35.004
mvc-1200009157,mp-1044208,mp-714883,Mg0 –0.25MoO2,intercalation,R3m,1.7,100,506,170,860,0.23,0.2,0.0,24.961,0.051,51.763000000000005
mvc-1200000484,mp-1046893,mp-1047467,MgBa(BiO2)4,intercalation,P31m,2.89,48,353,138,1020,0.29,0.2,8.342,110.791,0.799,78.26899999999999
mvc-1200003728,mvc-3728,mvc-12580,Mg0 –1MnO2,intercalation,P1,1.96,482,1716,945,3363,0.0,0.2,0.0,18.929000000000002,0.9209999999999999,55.123000000000005
mvc-1200003728,mvc-3728,mvc-12580,Mg0.25 –1MnO2,intercalation,P1,1.9,361,1287,687,2445,0.12,0.2,0.0,18.929000000000002,0.9209999999999999,55.123000000000005
mvc-1200570543,mp-570543,mp-117,Mg0 –2Sn,intercalation,Fd3m,-0.01,641,2461,-6,-22,0.0,0.2,1.656,13.762,0.0,145.457
mvc-1200007725,mp-1042617,mp-1042672,Mg0 –1CoBi2O7,intercalation,P21/c,3.24,87,588,283,1902,0.22,0.2,71.453,358.32300000000004,0.075,216.082
mvc-1200008339,mp-1043159,mp-1043300,Mg0 –1Cr2O5,intercalation,Cmcm,3.16,257,852,812,2689,0.24,0.21,1.433,87.825,0.006,62.071000000000005
mvc-1200007718,mp-1042566,mp-1042609,Mg0 –1CoSb2O7,intercalation,P21/c,3.66,122,593,447,2170,0.33,0.21,10.077,283.29200000000003,0.292,217.512
mvc-1200005754,mvc-5754,mvc-5760,Mg0 –0.5BiO2,intercalation,Pmnb,2.31,106,854,244,1970,0.08,0.21,2.3890000000000002,105.83,0.0,40.124
mvc-1200009831,mp-1044887,mp-1044869,Mg0 –0.5SbO2,intercalation,P1,1.89,162,796,305,1505,0.17,0.21,2.839,185.449,2.717,157.636
mvc-1200000483,mp-1046916,mp-1047421,Mg0 –1BaTi4O8,intercalation,P31m,0.49,111,470,54,229,0.22,0.21,2.1959999999999997,89.19200000000001,0.0,35.305
mvc-1200012619,mvc-12565,mp-1116784,Mg0 –1CoO2,intercalation,P1,2.28,465,1860,1060,4239,0.0,0.21,1.2830000000000001,16.205,0.0,20.096
mvc-1200012953,mvc-12953,mvc-11234,Mg0 –0.25FeS2,intercalation,R3m,1.03,106,393,109,404,0.2,0.21,6.62,23.726,0.017,64.777
mvc-1200002863,mp-1046266,mvc-12565,Mg0.25 –1CoO2,intercalation,P1,2.22,349,1382,776,3074,0.11,0.21,0.0,20.096,0.033,38.361
mvc-1200007881,mp-1042667,mp-1042691,MgCu3(SbO3)4,intercalation,Im3,0.81,60,372,49,301,0.03,0.22,0.009000000000000001,39.303000000000004,0.003,40.998999999999995
mvc-1200006176,mvc-6176,mvc-6377,Mg0 –0.5MoO2,intercalation,Cm,1.78,191,991,341,1767,0.31,0.22,0.16699999999999998,226.68099999999998,0.5660000000000001,215.472
mvc-1200014378,mvc-14378,mp-1047285,Mg0 –0.5FeO2,intercalation,Pm21b,3.26,268,1288,873,4197,0.29,0.22,0.0,47.841,0.0,13.158
mvc-1200002354,mp-1045938,mvc-12425,Mg0.5 –1TiO2,intercalation,P1,0.16,257,948,40,148,0.14,0.22,0.0,42.108999999999995,0.0,17.814
mvc-1200010086,mp-1040928,mp-1041001,Mg0 –0.5CuSbO4,intercalation,P21/c,3.67,103,506,377,1859,0.26,0.22,0.0,117.645,0.0,114.516
mvc-1200006912,mp-1041889,mp-1041993,Mg0 –0.5MoO2,intercalation,Imma,1.72,191,1003,330,1730,0.29,0.22,0.032,62.71,0.0,34.262
mvc-1200007980,mp-1042810,mp-1042978,Mg0 –2W3O8,intercalation,P63mc,2.14,147,1125,315,2408,0.37,0.22,0.159,110.884,0.001,64.22399999999999
mvc-1200000287,mp-1046283,mp-1042297,Mg0.5 –1CuO2,intercalation,P1,2.65,224,951,593,2520,0.22,0.22,0.03,24.392,0.002,44.033
mvc-1200005367,mvc-5367,mvc-5367,Mg0 –1TiP2O7,intercalation,P1,0.8,218,702,174,563,0.1,0.24,0.0,40.836,0.0,40.836
mvc-1200012657,mvc-12657,mvc-12603,Mg0.25 –1FeO2,intercalation,C2/m,1.8,358,1355,645,2436,0.15,0.24,0.0,40.159,0.31,38.716
mvc-1200014055,mvc-14055,mvc-11309,Mg0 –1Cr2S5,intercalation,Pmnm,1.46,186,530,272,776,0.29,0.24,0.7390000000000001,148.605,0.0,38.781
mvc-1200004902,mvc-4902,mp-1042577,Mg0 –1NiO2,intercalation,P1,2.81,466,1889,1311,5313,0.16,0.24,0.0,22.998,0.265,37.695
mvc-1200009171,mp-1042577,mp-1044455,Mg0 –1Cr3O7,intercalation,Pcmn,2.52,183,650,462,1638,0.15,0.25,0.106,189.817,0.0,22.998
mvc-1200011394,mvc-3948,mvc-15502,Mg0 –1Cr2O5,intercalation,Pmnm,2.49,257,928,641,2314,0.09,0.25,0.001,49.486999999999995,0.0,31.399
mvc-1200011755,mvc-11755,mvc-11754,Mg0 –1V2S5,intercalation,Pmnm,1.22,187,528,227,641,0.24,0.25,0.452,138.593,0.018000000000000002,81.78399999999999
mvc-1200011658,mp-25519,mvc-11658,Mg0 –0.25FeO2,intercalation,R3m,3.02,143,604,431,1824,0.25,0.25,0.0,27.986,0.002,19.072
mvc-1200002780,mp-1046309,mp-1046192,MgSn5(TeO6)3,intercalation,C2/c,1.92,157,824,302,1579,0.15,0.26,4.208,163.321,3.155,181.40599999999998
mvc-1200003347,mvc-3347,mvc-12592,Mg0 –1CrO2,intercalation,P1,1.6,495,1707,793,2737,0.07,0.26,0.0,27.243000000000002,8.539,45.882
mvc-1200008387,mp-1043299,mp-1043077,MgCu3(WO3)4,intercalation,P1,1.05,47,389,49,408,0.17,0.26,0.071,38.815,0.004,44.415
mvc-1200002867,mp-1046407,mp-1046138,MgTi5(TeO6)3,intercalation,C2/c,1.94,213,947,413,1836,0.13,0.26,1.135,141.458,1.131,143.533
mvc-1200558132,mp-558132,mvc-15230,Mg0.5 –1VO3,intercalation,Cmmm,2.99,217,615,651,1840,0.41,0.26,6.718,56.625,0.51,49.206
mvc-1200558132,mp-558132,mvc-15230,Mg0.5 –1VO3,intercalation,Cmmm,2.99,217,615,651,1840,0.41,0.26,6.718,56.625,0.51,49.206
mvc-1200009750,mp-1045724,mvc-9896,Mg0 –0.5SnO2,intercalation,P3m1,1.57,165,882,258,1384,0.3,0.26,0.0,86.16,0.0,11.902000000000001
mvc-1200002129,mp-1045724,mvc-13134,Mg0 –0.5CrO3,intercalation,P21nm,2.99,239,945,713,2820,0.19,0.27,0.0,22.497,0.0,11.902000000000001
mvc-1200006076,mp-1047375,mp-1047386,Mg0 –0.5BiO2,intercalation,Cmcm,2.33,106,862,246,2006,0.17,0.27,6.035,63.468,0.0,27.526
mvc-1200010451,mp-1041374,mp-1041443,Mg0 –1Cr4O9,intercalation,P4/n,2.7,142,530,384,1430,0.22,0.27,0.111,140.292,0.0,56.52
mvc-1200002838,mp-1046254,mp-1046254,Mg0.5 –1VO2,intercalation,P1,0.31,250,991,78,310,0.14,0.28,0.0,21.945,0.0,21.945
mvc-1200002838,mp-1046254,mvc-12627,Mg0.25 –1VO2,intercalation,P1,0.74,375,1486,277,1099,0.09,0.28,0.006,41.01,0.0,21.945
mvc-1200000425,mp-1046926,mp-1047047,MgTi3(P2O7)2,intercalation,P21/c,0.08,104,357,9,30,0.15,0.28,1.053,140.678,0.0,91.881
mvc-1200012664,mvc-12664,mvc-12638,Mg0.25 –1NiO2,intercalation,P1,2.63,350,1397,921,3679,0.16,0.28,0.0,29.958000000000002,3.448,45.886
mvc-1200006187,mvc-6187,mp-1047477,MgTi3(AsO4)4,intercalation,P21/c,2.02,208,818,421,1653,0.19,0.28,0.002,158.981,0.009000000000000001,119.294
mvc-1200006654,mp-1041642,mvc-2949,Mg0 –0.5SbO2,intercalation,P1,1.93,162,771,312,1490,0.27,0.28,0.9390000000000001,52.698,3.79,86.87799999999999
mvc-1200005993,mp-1047267,mp-1118394,Mg0 –0.5SnO2,intercalation,Imma,1.13,165,876,186,988,0.19,0.29,0.0,24.682,0.015,71.506
mvc-1200016013,mvc-16013,mvc-15486,Mg0 –2W3O8,intercalation,C2/m,1.7,147,1176,251,2003,0.31,0.3,0.0,56.036,0.0,30.284000000000002
mvc-1200000485,mp-1046897,mp-1047430,MgBa(SbO2)4,intercalation,P31m,1.54,69,381,106,587,0.29,0.3,0.054000000000000006,82.277,0.292,65.916
mvc-1200004843,mp-1046915,mp-540010,Mg0 –0.5WO2,intercalation,Fd3m,1.37,118,997,161,1362,0.26,0.3,4.378,79.296,0.005,58.173
mvc-1200003950,mvc-3950,mvc-11086,Mg0 –2V2O5,intercalation,Pmc21,1.67,465,1608,777,2685,0.06,0.31,0.134,70.19800000000001,0.0,22.55
mvc-1200012610,mvc-12610,mvc-12231,Mg0 –1VO2,intercalation,C2/m,0.97,500,1963,485,1906,0.08,0.32,2.873,40.758,0.0,29.013
mvc-1200013744,mvc-13744,mvc-11162,Mg0 –0.5NiN,intercalation,P4m2,1.7,316,1407,536,2388,0.88,0.33,0.0,4.519,0.0,24.601
mvc-1200006890,mp-1041873,mp-1042247,Mg0 –1Si2WO6,intercalation,Pcab,0.96,149,737,143,708,0.21,0.33,0.0,307.59,0.0,124.68299999999999
mvc-1200006307,mp-1047570,mvc-5746,Mg0 –0.5SbO2,intercalation,Pcmb,1.36,162,901,220,1225,0.16,0.34,0.124,94.206,0.0,44.33
mvc-1200008358,mp-1043219,mp-1043432,Mg0 –1Mo2O5,intercalation,Cmcm,1.28,181,739,232,947,0.12,0.34,2.062,137.46200000000002,0.052000000000000005,82.738
mvc-1200010203,mp-1041093,mvc-5928,Mg0 –0.5WO2,intercalation,Cm,1.4,118,963,164,1347,0.32,0.34,0.608,196.613,0.043,159.02
mvc-1200001387,mp-1048590,mp-1048407,Mg0 –1P2WO7,intercalation,P21/c,1.03,140,666,145,688,0.2,0.34,0.9740000000000001,151.385,1.245,138.262
mvc-1200006762,mp-1041727,mp-1041395,Mg0 –0.5BiO2,intercalation,Pnmm,2.15,106,761,227,1635,0.18,0.34,22.39,208.391,0.539,82.26700000000001
mvc-1200008117,mp-1042921,mp-1043381,Mg0 –1Sb2O5,intercalation,Cmcm,1.43,154,669,221,958,0.04,0.35,0.0,38.634,0.08800000000000001,77.17
mvc-1200009603,mp-1044699,mp-1044716,Mg0 –0.5SbO2,intercalation,R3m,1.87,162,868,302,1622,0.34,0.35,5.336,76.692,0.0,32.446999999999996
mvc-1200009231,mvc-9231,mp-1044452,Mg0 –1Mo3O7,intercalation,Pcmn,1.35,126,558,171,754,0.22,0.36,1.71,273.59,0.0,131.856
mvc-1200010457,mp-1041391,mp-1041282,Mg0 –0.5WO2,intercalation,P1,1.35,118,971,159,1311,0.34,0.37,1.127,200.773,0.18,156.086
mvc-1200005801,mvc-5801,mp-715923,Mg0 –1WO3,intercalation,Cm,0.79,209,1299,166,1033,0.0,0.4,0.065,25.605,0.01,17.127
mvc-1200006035,mp-1047303,mp-1047381,Mg0 –0.5SnO2,intercalation,Cmcm,1.09,165,959,180,1049,0.31,0.4,2.97,26.87,0.0,21.105
mvc-1200000907,mp-1044085,mp-1041213,Mg0 –1P4W3O14,intercalation,P21/c,-0.48,58,333,-28,-159,0.21,0.42,0.015,155.157,0.0,110.81
mvc-1200008374,mp-1043241,mp-1043494,Mg0 –1W2O5,intercalation,Cmcm,1.56,114,763,177,1188,0.43,0.44,0.737,103.51700000000001,0.003,70.743
mvc-1200003752,mvc-3752,mvc-13490,Mg0 –2Bi2O5,intercalation,Pmcb,2.52,196,1260,494,3172,0.33,0.44,0.006,90.021,0.0,42.375
mvc-1200005140,mvc-5140,mvc-5145,Mg0 –1Si2WO6,intercalation,C2/c,-0.03,149,814,-5,-25,0.11,0.45,2.057,54.08,0.0,17.498
mvc-1200007794,mp-1042581,mp-1046025,Mg0 –0.5MoO2,intercalation,C2/m,0.31,191,1036,60,326,0.09,0.45,5.921,55.675,0.025,48.699
mvc-1200006075,mp-1047380,mp-1047300,Mg0 –0.5SbO2,intercalation,Cmcm,1.27,162,925,205,1176,0.28,0.47,6.69,53.604,0.0,23.135
mvc-1200003351,mp-1047300,mp-1116755,Mg0 –1WF4,intercalation,Ibam,1.3,189,1053,245,1370,0.0,0.48,0.5579999999999999,59.351000000000006,6.69,53.604
mvc-1200008751,mp-1043624,mvc-12866,Mg0 –0.25SbO2,intercalation,R3m,1.31,84,436,110,572,0.39,0.49,0.0,6.36,0.006,48.29
mvc-1200013651,mvc-13651,mvc-14553,Mg0 –0.5FeN,intercalation,P4m2,1.45,327,1435,473,2079,1.05,0.49,0.0,21.914,0.0,6.892
mvc-1200009989,mp-1048882,mp-1048882,Mg0 –0.5WO2,intercalation,R3m,1.59,118,1033,187,1641,0.59,0.51,0.03,43.593,0.03,43.593
mvc-1200013445,mvc-13445,mvc-13808,Mg0 –0.5MnN,intercalation,P4m2,-0.32,330,1336,-107,-432,0.17,0.52,0.0,0.0,0.0,8.331
mvc-1200002078,mvc-2078,mvc-13841,Mg0 –0.5CuN,intercalation,P4m2,2.11,299,1296,630,2734,1.32,0.52,0.0,17.984,0.0,22.896
mvc-1200000931,mp-1044474,mp-1041454,MgBa(WO2)4,intercalation,P31m,3.01,52,426,157,1282,1.03,0.76,0.628,96.522,0.001,59.946000000000005
mvc-1200000579,mp-1047060,mp-1042571,Mg0 –1WO2,intercalation,C2/m,-0.07,223,1723,-15,-112,0.11,0.9,0.048,48.443999999999996,1.541,59.211999999999996
