Battid,Capacity_Grav,Capacity_Vol,Specific_E_Wh/kg,E Density Wh/l,Stability Discharge,Stability Charge,energy,energy_dis,volume,volume_dis,band_gap,band_gap_dis,density,density_dis,total_magnetization,total_magnetization_dis,nsites,nsites_dis,elasticity,elasticity_dis,Average_Voltage
mvc-1200540570,217,612,561,1580,0.0,0.02,-71.23128048,-64.4849291,145.35510735923737,141.0561631729534,2.6932,2.3412,2.815898794905086,2.6155955328701217,0.9998577,0.0,10,9,2.815898794905086,2.6155955328701217,2.58
mvc-1200001234,209,732,926,3250,0.0,0.16,-253.51141814,-295.61373372,517.5337703648295,492.16334269093176,0.06180000000000002,3.9661,2.9857171412592884,3.4676435784437487,4.009803975,2.00004755,40,44,2.9857171412592884,3.4676435784437487,4.44
mvc-1200000091,209,670,345,1107,0.0,0.07,-77.74379823,-87.51990169,218.40069591679105,265.52870772007043,0.0,1.0583,3.5317089408251965,3.2088676983448168,2.0420449,5.99998885,12,14,3.5317089408251965,3.2088676983448168,1.65
mvc-1200011622,282,1129,665,2664,0.0,0.1,-92.11240838,-104.73650948,145.11283743421743,157.66308725607917,0.8155000000000001,0.0,3.796372769617872,4.006145244801388,1.00000005,3.9999979,12,14,3.796372769617872,4.006145244801388,2.36
mvc-1200006900,282,1131,594,2385,0.07,0.1,-92.11240838,-103.72567383,145.11283743421743,156.90815649853243,0.8155000000000001,1.3261000000000005,3.796372769617872,4.0254199742481545,1.00000005,3.9996595,12,14,3.796372769617872,4.0254199742481545,2.11
mvc-1200010960,147,762,618,3203,0.0,0.29,-173.75328165,-213.73587772,489.8007669804018,466.9667309007872,0.12879999999999994,3.1101,4.609617966616544,5.1807374292757045,1.000000075,0.00039515,28,32,4.609617966616544,5.1807374292757045,4.2
mvc-1200002206,135,400,546,1614,0.0,0.06,-237.52141514,-256.87216605,459.8043397195313,449.73438484636137,0.6860999999999999,4.2169,2.6849546784656653,2.9245542706112992,3.99999985,3.9997588,34,36,2.6849546784656653,2.9245542706112992,4.03
mvc-1200554955,282,837,1466,4353,0.0,0.0,-30.80272163,-42.80150593,115.36945906864176,106.46795696237896,2.0818,1.5334000000000003,2.389081976030751,2.9679023212980886,0.0,1.9999895,7,8,2.389081976030751,2.9679023212980886,5.2
mvc-1200002204,134,411,670,2050,0.0,0.1,-225.83058293,-248.97839021,447.80565393369193,437.4362971994672,0.4399,4.4540000000000015,2.778021137035596,3.0284006679998416,2.00000035,2.00019935,34,36,2.778021137035596,3.0284006679998416,4.98
mvc-1200016516,70,349,306,1533,0.0,0.16,-120.05212361,-130.43298425,257.81570882148577,255.19035902795216,0.0,3.6187,4.797210601235516,5.004717489154001,1.9886505,0.0002268,19,20,4.797210601235516,5.004717489154001,4.39
mvc-1200001236,211,701,777,2580,0.0,0.11,-275.45777878,-311.2733491,509.79734390428604,511.14447377328776,0.18420000000000009,3.8048,2.993915033106243,3.3018600881324365,4.00018685,3.999603425,40,44,2.993915033106243,3.3018600881324365,3.68
mvc-1200012383,261,1238,885,4201,0.0,0.1,-54.75848014,-71.53261899,125.2307760218552,143.83962664295578,1.4989,0.2898999999999998,4.810253310167325,4.749112421738935,2.6525e-05,1.9997803,12,14,4.810253310167325,4.749112421738935,3.39
mvc-1200002239,137,395,432,1243,0.0,0.03,-245.77394608,-261.64601876,447.5836733787897,453.4864933214599,1.2795,2.7177,2.7218796823995666,2.8644463034913086,1.00020435,3.0044605,34,36,2.7218796823995666,2.8644463034913086,3.15
mvc-1200008347,165,797,705,3399,0.0,0.22,-102.04781776,-122.25527037,226.79722424423176,224.85749265171168,0.0,2.4504,4.3925719583286345,4.78944204827762,1.31054775,2.0008355,18,20,4.3925719583286345,4.78944204827762,4.26
mvc-1200006876,232,789,819,2791,0.0,0.21,-535.86955843,-605.21385575,1013.7822056672916,905.8263496571466,0.7979999999999999,3.1024000000000003,2.713850567875822,3.3937284189775814,2.98819075,4.9474784625,72,80,2.713850567875822,3.3937284189775814,3.54
mvc-1200013940,229,755,839,2767,0.0,0.01,-34.43367259,-43.36634747,141.0204476530221,117.96780542826096,4.2538,2.4387,2.471965325361063,3.2971458333087296,8.7e-06,2.0,7,8,2.471965325361063,3.2971458333087296,3.67
mvc-1200019202,279,1163,983,4102,0.0,0.17,-87.06468391,-104.3207966,138.92032905493193,153.05544502751206,0.0,2.8397,4.016023041688708,4.17251437910745,1.99999985,5.99999925,12,14,4.016023041688708,4.17251437910745,3.53
mvc-1200006878,228,812,786,2801,0.0,0.15,-506.82036380000005,-574.63185329,1017.5916549110941,883.6745421952313,0.8842000000000001,2.9549000000000003,2.7558463371663957,3.5388610812379087,4.9440099375,3.0000824625,72,80,2.7558463371663957,3.5388610812379087,3.45
mvc-1200008631,167,766,554,2547,0.0,0.11,-113.25561961,-129.7449334,239.2038623991644,232.2838536286767,0.0,1.3822,4.12519830884787,4.5955935149920615,4.0063999,4.00100505,18,20,4.12519830884787,4.5955935149920615,3.32
mvc-1200002646,508,2001,204,803,0.0,0.28,-7.69503163,-14.88363827,54.81813889529909,133.47420896868513,0.0,0.2172000000000001,7.376654428074301,3.936735607443669,2.025e-05,1.4e-06,2,5,7.376654428074301,3.936735607443669,0.4
mvc-1200019067,109,367,459,1548,0.0,0.11,-242.02149333,-262.05826624,492.56706929171725,489.41150963730064,0.0,2.2286,3.159886004956191,3.3451902116173806,16.000000699999998,19.9996378,35,37,3.159886004956191,3.3451902116173806,4.22
mvc-1200009197,131,401,510,1561,0.0,0.05,-254.36669182,-273.12040058,464.9622925638738,444.32710181478944,0.0,2.3987000000000003,2.7483413140069537,3.0576435137404485,0.96280135,2.9996845000000003,34,36,2.7483413140069537,3.0576435137404485,3.89
mvc-1200002198,134,405,611,1842,0.0,0.06,-232.43832054,-253.78652827,456.2746373392617,442.280936627137,0.0,3.0614,2.7282032529554394,2.997028908080473,3.94504175,2.99984625,34,36,2.7282032529554394,2.997028908080473,4.55
mvc-1200001216,208,716,865,2973,0.0,0.12,-265.77496595,-305.34630692,539.7914325392825,499.0819484591641,0.3529,2.9851999999999994,2.8655553088694874,3.4227641691668564,4.999838,2.99999315,40,44,2.8655553088694874,3.4227641691668564,4.15
mvc-1200002343,641,2248,101,355,0.0,0.05,-3.95481635,-7.77285973,27.82335208887084,79.18667152448577,0.0,0.0,7.084789381551468,3.5086888591710412,3e-07,4.22e-05,1,3,7.084789381551468,3.5086888591710412,0.16
mvc-1200012825,260,1309,872,4389,0.0,0.06,-67.73357036,-84.3355197,126.5118096509514,136.03059252769722,0.3111999999999999,0.0,4.7741354138933305,5.0334509373347505,0.99976215,7.6869906000000015,12,14,4.7741354138933305,5.0334509373347505,3.35
mvc-1200032006,270,1113,775,3189,0.0,0.03,-85.12220618,-99.76308604,139.894565877786,159.91584484925704,1.5739,1.0125000000000006,4.1277378926368185,4.115707883121457,3.000011425,7.999980099999998,12,14,4.1277378926368185,4.115707883121457,2.86
mvc-1200005692,191,999,444,2319,0.0,0.23,-86.17895959999998,-98.64992431,183.75335097294663,178.20207653217813,1.3853999999999995,2.886,4.624620362151215,5.221646735914354,2.0000476000000003,3.0000001,12,14,4.624620362151215,5.221646735914354,2.32
mvc-1200008349,165,785,621,2950,0.0,0.17,-108.92389701,-126.87132199,234.1345256207597,227.12239675867875,0.5783,1.6486000000000005,4.258319027135297,4.745187279965577,4.995511799999999,2.99838185,18,20,4.258319027135297,4.745187279965577,3.76
mvc-1200540570,217,612,561,1580,0.0,0.02,-64.4849291,-71.23128048,141.0561631729534,145.35510735923737,2.3412,2.6932,2.6155955328701217,2.815898794905086,0.0,0.9998577,9,10,2.6155955328701217,2.815898794905086,2.58
mvc-1200001233,212,688,850,2762,0.0,0.12,-282.87237203,-321.40565851,535.0119819105581,519.7784615464141,0.0,3.8787,2.8415546687078432,3.235423406114364,3.978855425,4.999981075,40,44,2.8415546687078432,3.235423406114364,4.02
mvc-1200772325,71,200,359,1014,0.0,0.06,-208.515594,-220.24553073,451.8390394628077,444.74852186866235,0.0,0.17690000000000006,2.6914868818827653,2.8251431697279554,1.9693833666666667,8.0057295,33,34,2.6914868818827653,2.8251431697279554,5.07
mvc-1200565256,231,800,782,2711,0.0,0.19,-556.77069921,-586.09383013,931.0999852066848,889.8519518819812,2.4041,3.5914,3.1411656534956736,3.4681914136877436,9.99999985,3.999944425,76,80,3.1411656534956736,3.4681914136877436,3.39
mvc-1200008763,132,398,344,1032,0.01,0.01,-265.23376913,-278.81733934,464.7967010256205,448.9128148298426,0.0,0.16809999999999992,2.7198170981400143,2.9958619422631605,0.66474325,0.99924055,34,36,2.7198170981400143,2.9958619422631605,2.6
mvc-1200007974,157,615,616,2411,0.01,0.14,-246.95893109,-284.66455628,599.4253243836351,579.2427154805844,0.5503,1.4546,3.510166346336619,3.9111759987909327,3.003527125,5.0007730000000015,40,44,3.510166346336619,3.9111759987909327,3.92
mvc-1200010592,155,652,757,3191,0.01,0.0,-184.95256959,-230.49115719,549.4528556953699,543.9675092297852,0.0,3.9409,3.8963235855808165,4.232391985211126,2.000292825,3.00036245,36,40,3.8963235855808165,4.232391985211126,4.89
mvc-1200009917,268,1137,1034,4384,0.01,0.24,-218.20571375,-274.03175484,447.14902209829313,464.09429943514516,0.0,1.3814000000000002,3.9146159900997017,4.293466053109915,2.83641075,9.99023355,36,42,3.9146159900997017,4.293466053109915,3.86
mvc-1200007990,157,623,587,2335,0.01,0.12,-238.53144097,-274.86364861,620.2536296700207,570.3663950066102,0.0,1.7611,3.4020062706542014,3.982605502163069,4.9106472000000005,4.0004171,40,44,3.4020062706542014,3.982605502163069,3.75
mvc-1200001224,215,694,587,1894,0.01,0.11,-292.84610426,-321.11998838,472.6410356664005,512.8623300612551,1.4377000000000002,2.801,3.1603690883844737,3.227294397491092,0.999610225,3.00104,40,44,3.1603690883844737,3.227294397491092,2.73
mvc-1200001258,214,679,699,2218,0.01,0.11,-287.35335057,-320.04911402,474.1159130112702,526.0182639067995,0.0,2.8126,3.165312312292665,3.1598951147288594,1.9977097,3.9999769,40,44,3.165312312292665,3.1598951147288594,3.26
mvc-1200006952,212,690,809,2638,0.01,0.09,-142.01587829,-160.62023753,268.3760231644029,255.05467547200286,0.2191,3.7258,2.8323428022504307,3.296750779747972,3.00021455,5.0004870000000015,20,22,2.8323428022504307,3.296750779747972,3.82
mvc-1200002205,137,396,490,1422,0.01,0.07,-243.22545077,-260.8326655,439.55719501325103,456.1627486371544,0.002500000000000057,2.3741,2.779550260006159,2.8553189016692366,1.99867845,4.0012319,34,36,2.779550260006159,2.8553189016692366,3.59
mvc-1200006885,228,820,987,3552,0.01,0.28,-472.85758811,-554.83093171,1011.2255995802913,879.9633237867798,0.006500000000000007,3.7430000000000003,2.7700453038448267,3.5501660691254253,3.748853325,1.9897535875,72,80,2.7700453038448267,3.5501660691254253,4.33
mvc-1200008356,165,774,702,3286,0.01,0.22,-204.01352652,-244.25466996,470.70406092243036,463.8143477005931,0.0,2.5052,4.232906448649299,4.6438491414309775,0.908296775,1.999101675,36,40,4.232906448649299,4.6438491414309775,4.24
mvc-1200016575,66,320,297,1433,0.01,0.17,-120.09570377,-130.64477793,281.68788121661095,279.0808153714044,0.0,3.1885000000000003,4.626079982121788,4.813910508616496,0.5128145000000001,0.0,19,20,4.626079982121788,4.813910508616496,4.48
mvc-1200007992,155,644,722,2992,0.01,0.26,-215.59105832,-259.13017719,604.5982342111572,554.5756304643502,0.4824,2.6194000000000006,3.5213901309477147,4.130119923752441,1.999184325,1.9997473,40,44,3.5213901309477147,4.130119923752441,4.64
mvc-1200005948,291,1141,381,1492,0.01,0.18,-105.53608265,-113.95687536,150.2147379102473,155.8350097689974,1.712,0.0,3.5314851446885878,3.922096318944905,3.25e-07,0.9508166,12,14,3.5314851446885878,3.922096318944905,1.31
mvc-1200008596,167,738,556,2459,0.01,0.12,-226.34489105,-259.34841379,478.21463684916085,481.87307272343736,0.0632,1.5062000000000002,4.126863933485827,4.430553321189518,4.00516615,4.0002366,36,40,4.126863933485827,4.430553321189518,3.33
mvc-1200002201,136,391,584,1684,0.01,0.06,-241.14872508,-261.58801328,452.6072752106663,458.63415857360604,0.02050000000000001,4.0913,2.7209941425831117,2.8612359610421843,3.0000001,5.00125415,34,36,2.7209941425831117,2.8612359610421843,4.3
mvc-1200010040,127,500,255,1006,0.02,0.03,-380.6774076,-403.16719991,757.2199205991186,717.6451868422134,1.6082,2.6039999999999996,3.489602689559722,3.906992380617964,4.001915225,5.9835809,52,56,3.489602689559722,3.906992380617964,2.01
mvc-1200566620,141,552,539,2117,0.02,0.12,-302.76960379,-339.82019281,637.0399605349947,644.9955394350154,0.1935000000000001,0.17790000000000014,3.721982857833895,3.9263673366695966,0.0,1.9995537,48,52,3.721982857833895,3.9263673366695966,3.83
mvc-1200010032,260,1309,868,4371,0.02,0.08,-202.54864734,-247.94615929,387.7932545138231,452.2680254528668,0.4857,0.0,4.672473053876776,4.541797838433056,1.3333339750000002,7.665806483333332,36,42,4.672473053876776,4.541797838433056,3.34
mvc-1200010106,282,1131,696,2792,0.02,0.16,-274.03177909,-313.61614016,449.36588332313033,472.3026176349362,0.8606000000000003,1.1481000000000003,3.677865487806322,4.011969468565531,0.6666667166666667,4.005194933333333,36,42,3.677865487806322,4.011969468565531,2.47
mvc-1200006880,235,794,632,2140,0.02,0.15,-547.68959088,-603.37723085,1007.1848384388036,900.2854607967688,1.6727999999999998,2.3232,2.6928241915836884,3.37120506932973,1.989129375,3.968523425,72,80,2.6928241915836884,3.37120506932973,2.7
mvc-1200003035,202,1053,793,4137,0.02,0.19,-252.94868193,-327.74837604,619.0958481698385,678.3438678031863,0.0,1.854,5.172656445348312,5.1968411709509335,6.690637599999999,9.9948698,52,60,5.172656445348312,5.1968411709509335,3.93
mvc-1200006446,203,768,748,2832,0.02,0.18,-287.05899673,-340.58528976,635.9561903530489,698.2311485119243,0.7251,1.8856,3.7625337835595967,3.7737689945314803,10.9709379,14.93805275,46,52,3.7625337835595967,3.7737689945314803,3.69
mvc-1200010048,270,1124,811,3368,0.02,0.09,-253.13413665,-298.72635591,419.88042936579524,477.310546630439,0.02080000000000015,0.0,4.125803872925799,4.136721310235611,3.0000000750000004,7.98276485,36,42,4.125803872925799,4.136721310235611,3.0
mvc-1200005115,236,773,423,1388,0.02,0.07,-140.36851474,-150.75638432,214.0249148252041,230.41426515892655,1.4068,1.9800000000000004,3.1516915504618455,3.277832289838379,0.9999043,2.9999998,18,20,3.1516915504618455,3.277832289838379,1.8
mvc-1200006955,209,725,893,3100,0.02,0.15,-127.14830373,-147.74102548,268.9449436044849,246.48962366228318,0.0,3.4955000000000003,2.872724485259764,3.4619044596496003,0.02978145,1.99994315,20,22,2.872724485259764,3.4619044596496003,4.28
mvc-1200010190,270,1131,849,3548,0.02,0.15,-251.19960305,-298.44118608,429.91739288883565,475.39753575296913,0.0,0.0,4.029481780215112,4.153367574190279,2.99033045,7.97744375,36,42,4.029481780215112,4.153367574190279,3.14
mvc-1200005884,249,1087,898,3920,0.02,0.17,-56.60259175,-74.27501159,140.2492689960823,166.43737685550786,0.0,0.5301999999999998,4.5249681971154905,4.297966587345283,0.9975871,2e-07,12,14,4.5249681971154905,4.297966587345283,3.61
mvc-1200009736,291,1145,358,1408,0.03,0.17,-316.85347407,-341.34068125,459.97296588968453,465.52240119139435,1.8458,0.0,3.4598627840047023,3.938800259322688,0.0,0.5245643166666667,36,42,3.4598627840047023,3.938800259322688,1.23
mvc-1200009980,270,1136,890,3735,0.03,0.21,-83.07830102,-91.04669988,145.78398523765566,155.81845032864163,0.0,1.6146999999999996,3.9609844634605422,4.262595595202889,3.0,9.999993,12,14,3.9609844634605422,4.262595595202889,3.29
mvc-1200009977,268,1143,1051,4482,0.03,0.29,-72.24049356,-91.04669988,143.98049671613163,155.81845032864163,0.0,1.6146999999999996,4.052439396970321,4.262595595202889,4.00464465,9.999993,12,14,4.052439396970321,4.262595595202889,3.92
mvc-1200006454,200,812,801,3257,0.03,0.23,-261.02787146,-317.57161607,639.8752075173736,664.8930924124373,0.10560000000000004,2.0777,3.801696389799712,4.022853756593347,12.88073725,9.0188558,46,52,3.801696389799712,4.022853756593347,4.01
mvc-1200014334,315,977,1180,3659,0.03,0.04,-62.48009796,-80.65373285,196.76499722032366,182.2796166372632,3.2564,2.3599,2.463124071718125,3.101692961009609,0.0006775,2.00000015,12,14,2.463124071718125,3.101692961009609,3.75
mvc-1200006553,202,782,755,2922,0.03,0.23,-273.68542789,-325.97475218,687.8909890499887,686.5744140296497,0.0,2.023,3.4916038942368,3.8510017419122207,12.01166605,12.07426485,46,52,3.4916038942368,3.8510017419122207,3.74
mvc-1200005134,231,781,709,2399,0.03,0.15,-130.45750295,-145.96496348,216.7235695378429,229.0966313207291,0.0,3.1217,3.187587872797399,3.3677676546123063,3.96134545,4.00000005,18,20,3.187587872797399,3.3677676546123063,3.07
mvc-1200019003,260,837,666,2146,0.03,0.01,-104.00685122,-117.46012245,225.52378165354568,212.86165055490548,2.4243,2.3266,2.678376873434728,3.216908645308912,0.0003749,2.0000001,14,16,2.678376873434728,3.216908645308912,2.56
mvc-1200010236,261,1255,931,4486,0.03,0.2,-160.57598967,-213.01403728,386.383864407164,433.67430008627883,0.0,0.0,4.677149930819804,4.725508688149942,0.3457106333333333,2.3331666,36,42,4.677149930819804,4.725508688149942,3.57
mvc-1200005721,211,703,724,2413,0.03,0.09,-137.9978392,-154.91198918,265.9968129653008,253.2170626430265,0.0,3.9277,2.8690004115797043,3.3325707193767484,3.99978815,3.9999995,20,22,2.8690004115797043,3.3325707193767484,3.43
mvc-1200014364,222,885,731,2909,0.03,0.0,-107.23414557,-139.90454354,412.082625337426,402.353280486952,3.7362,4.4268,3.4937186130765565,3.979434048102764,2.5e-08,0.0,24,28,3.4937186130765565,3.979434048102764,3.29
mvc-1200005116,232,753,687,2234,0.03,0.11,-135.73869125,-150.75897971,203.29359992854882,236.26545281954955,0.8004000000000002,3.3188,3.3833497654618245,3.252833400740652,2.9999997000000005,5.00000015,18,20,3.3833497654618245,3.252833400740652,2.96
mvc-1200002997,152,543,371,1323,0.03,0.08,-175.47185718,-188.35588072,337.90611427405037,328.94223330618394,1.7375,2.4523,3.2286724963756965,3.5620448261429805,1.0005523,3.0063639,24,26,3.2286724963756965,3.5620448261429805,2.44
mvc-1200010122,261,1260,905,4376,0.03,0.16,-162.23900917,-213.3560701,380.5603049453897,433.9221357272592,0.0,0.0,4.7487224526509255,4.722809702829169,0.3333136083333333,2.3668674833333334,36,42,4.7487224526509255,4.722809702829169,3.47
mvc-1200005111,228,812,926,3299,0.03,0.24,-119.1167967,-138.48173761,201.87889097068592,219.24016785054604,0.0,4.4533000000000005,3.4688380614937584,3.562321590987227,0.00338465,1.9999999,18,20,3.4688380614937584,3.562321590987227,4.06
mvc-1200009460,291,1141,356,1394,0.03,0.17,-316.87993441,-341.36717419,464.1833568252693,467.31249214985695,1.7347,0.0,3.428479980873257,3.923712259643999,0.0,0.7666175833333333,36,42,3.428479980873257,3.923712259643999,1.22
mvc-1200010154,282,1133,688,2765,0.03,0.16,-274.02475644,-313.03768159,445.88596024203423,472.5979423959389,0.9116000000000002,1.0283999999999995,3.706569439357605,4.009462403218509,1.0001905,3.998174116666666,36,42,3.706569439357605,4.009462403218509,2.44
mvc-1200033325,268,1150,1069,4588,0.03,0.31,-287.78932782,-364.03506607,576.6465610405961,622.1915959124624,0.0,0.8680000000000003,4.047347381972726,4.27000971652889,4.00096360625,10.0001403125,48,56,4.047347381972726,4.27000971652889,3.99
mvc-1200013559,107,365,114,389,0.03,0.0,-19.05689597,-79.95251911,71.4197318505146,243.6667912579616,0.0,0.0,2.768382518612777,3.4113304715500394,2.9947962,11.7199911,3,13,2.768382518612777,3.4113304715500394,1.07
mvc-1200005112,228,805,795,2808,0.03,0.19,-126.00606439,-143.19295238,204.25684332226643,223.61339354558484,0.20620000000000016,2.9149,3.4323528520575697,3.496214377268432,2.9874666000000003,3.0,18,20,3.4323528520575697,3.496214377268432,3.49
mvc-1200008351,169,763,349,1571,0.03,0.06,-123.14423827,-134.53570766,238.59734953698558,234.2137679236584,1.6478000000000002,0.057500000000000114,4.067431864423102,4.488195866225369,1.00965665,2.9985369,18,20,4.067431864423102,4.488195866225369,2.06
mvc-1200011656,138,665,421,2027,0.03,0.01,-34.14802486,-75.98607441,66.42255688940827,133.84175322856572,1.2174,0.0,4.5465316228036565,4.8142219939182445,0.4974906,2.0000001,3,13,4.5465316228036565,4.8142219939182445,3.05
mvc-1200004964,270,1139,921,3880,0.03,0.25,-330.54813378,-397.40888399,562.2490182369869,625.000767194339,0.0,0.0,4.108130609873805,4.2122630104065975,3.0000000875,7.999961175,48,56,4.108130609873805,4.2122630104065975,3.41
mvc-1200006041,291,1269,330,1437,0.03,0.15,-105.9138846,-227.19782691,144.73735427969672,281.10412995503447,2.6333,0.0,3.665129282508531,4.348565908835958,2.5e-08,2.1725e-05,12,14,3.665129282508531,4.348565908835958,1.13
mvc-1200009196,131,397,350,1059,0.03,0.01,-259.00498151,-272.86567055,460.20748897913217,447.5411848746113,1.3491,1.4562,2.769126317332269,3.0278587037292977,6.45e-06,1.99969735,34,36,2.769126317332269,3.0278587037292977,2.67
mvc-1200000415,259,1158,848,3794,0.03,0.25,-173.15916141,-205.72618971,304.7778926396533,307.2221519055615,0.665,1.1570999999999998,3.986062882445904,4.479824915531718,9.55e-06,3.99998085,22,26,3.986062882445904,4.479824915531718,3.28
mvc-1200008338,169,734,340,1472,0.04,0.05,-246.41556638,-268.92564658,459.22600064434425,484.92474801656266,1.5087,0.16330000000000044,4.226583254919993,4.335506774226867,0.999246025,3.00250415,36,40,4.226583254919993,4.335506774226867,2.01
mvc-1200008658,154,444,514,1486,0.04,0.21,-456.88996501,-489.67267137,917.779088548986,804.7728961011084,0.01499999999999996,3.5557000000000003,2.3472581613366668,2.8774603028859964,2.00000025,3.989594575,60,64,2.3472581613366668,2.8774603028859964,3.34
mvc-1200016583,352,1218,1486,5143,0.04,0.35,-49.3195746,-69.44489944,155.23325988380168,147.77457837966026,1.5511,3.4272,2.7382265241595296,3.422663342544116,2.0,3.9999804,10,12,2.7382265241595296,3.422663342544116,4.22
mvc-1200009921,279,1166,960,4013,0.04,0.19,-260.37661380000003,-311.24925313,439.83263839865646,456.05164622878823,0.0,1.1486999999999998,3.805360451249004,4.201011335836314,2.000000025,5.997949566666668,36,42,3.805360451249004,4.201011335836314,3.44
mvc-1200010135,260,1296,866,4315,0.04,0.1,-201.95034794,-248.14427898,388.3805059656208,448.6605549846626,0.14439999999999995,0.0,4.665408032480936,4.578316318590646,1.6666629000000002,6.664543516666666,36,42,4.665408032480936,4.578316318590646,3.33
mvc-1200005586,208,718,801,2759,0.04,0.09,-133.30944614,-151.91213062,261.82648095687847,248.0346626894392,0.0,2.9546,2.9538689126138418,3.443550575031665,5.024426999999998,3.00000015,20,22,2.9538689126138418,3.443550575031665,3.84
mvc-1200008271,158,547,559,1937,0.04,0.08,-353.30814549,-387.89963709,683.3456393614557,651.4448103904775,0.0,1.9340000000000002,3.067425550377045,3.4654500939714086,2.601570275,1.3475e-05,52,56,3.067425550377045,3.4654500939714086,3.54
mvc-1200005570,215,705,531,1741,0.04,0.09,-146.60702902,-159.72562433,251.86485408994042,252.44225234990702,1.1998999999999995,2.5961,2.9653206764781705,3.2782898050614806,0.99991055,2.9999999,20,22,2.9653206764781705,3.2782898050614806,2.47
mvc-1200010531,109,369,420,1426,0.04,0.1,-260.68417843,-279.33857197,501.0909054316037,483.076430181173,0.0492,1.943,3.1047340544402258,3.387606388878141,15.00000075,15.00053005,38,40,3.1047340544402258,3.387606388878141,3.86
mvc-1200010041,160,553,581,2002,0.04,0.07,-378.05848679,-413.4098765,679.110864632378,650.9206547466655,0.02039999999999997,2.0132,3.031363929756052,3.4106611437685497,3.996581125,5.99271405,52,56,3.031363929756052,3.4106611437685497,3.62
mvc-1200010538,87,330,166,625,0.04,0.04,-278.36722577,-289.13433429,549.7406989499061,541.5561376260479,0.2740999999999998,1.4068999999999998,3.556640210650935,3.759441610200784,7.00040925,9.000552699999998,38,40,3.556640210650935,3.759441610200784,1.9
mvc-1200014034,313,1004,1523,4885,0.04,0.05,-56.83348159,-79.49220335,184.00338522483537,177.39333825247027,1.1817000000000002,2.9398,2.652989288602551,3.2068724699957856,1.0,3.0,12,14,2.652989288602551,3.2068724699957856,4.87
mvc-1200009561,291,1148,353,1390,0.04,0.18,-105.50131054,-113.60687208,149.4818557802085,154.77179941540294,2.439,0.0,3.5487993688232224,3.94903929841434,0.0,0.8925405000000001,12,14,3.5487993688232224,3.94903929841434,1.21
mvc-1200007429,103,775,360,2718,0.04,0.16,-293.34157256,-363.09372261,823.7639883899514,915.3520119724948,0.0,0.4382999999999999,8.030245350138674,7.579490794330795,1.25e-07,0.0,56,64,8.030245350138674,7.579490794330795,3.51
mvc-1200008200,103,689,345,2313,0.06,0.14,-137.60855355,-363.09372261,270.68664159625257,915.3520119724948,2.3912000000000004,0.4382999999999999,3.590589227617774,7.579490794330795,2e-07,0.0,20,64,3.590589227617774,7.579490794330795,3.36
mvc-1200003147,206,960,623,2907,0.04,0.05,-328.4398819,-389.60253048,647.1116220284763,740.8814208447658,0.1575000000000002,0.7005999999999997,4.852348322250234,4.674008696894656,17.0163456,25.0035259,52,60,4.852348322250234,4.674008696894656,3.03
mvc-1200010532,112,364,273,888,0.05,0.03,-286.06320088,-298.9681456,498.59773633764655,488.638692765098,0.1209,0.0,3.0222746104637066,3.249063378747941,3.37113505,6.001468599999999,38,40,3.0222746104637066,3.249063378747941,2.44
mvc-1200005074,282,1136,648,2612,0.05,0.14,-366.47951388,-416.02448793,587.8669975802796,626.9871198590347,0.7595999999999998,1.5331,3.7484834278829617,4.029564291104768,1.000000025,3.9999999875,48,56,3.7484834278829617,4.029564291104768,2.3
mvc-1200010057,168,562,459,1531,0.05,0.21,-354.46647636,-382.71937169,609.1688557786672,639.5743447026027,0.5295999999999998,2.2474,3.2049597538766728,3.305009478667304,2.99999995,7.98134205,48,52,3.2049597538766728,3.305009478667304,2.73
mvc-1200008165,159,550,636,2197,0.05,0.13,-363.51230142,-401.91558954,711.0726036279848,658.0606162872126,0.0,2.9911,2.919097929257441,3.399577660326881,2.922283325,1.997992975,52,56,2.919097929257441,3.399577660326881,4.0
mvc-1200010148,158,538,544,1857,0.05,0.05,-370.63985993,-404.71948999,659.228843922675,665.0386002391863,0.012700000000000045,0.0,3.182072378808644,3.3970231204874075,5.987663825,7.985607225,52,56,3.182072378808644,3.3970231204874075,3.45
mvc-1200005960,282,1644,851,4965,0.05,0.18,-55.20901025,-70.48482586,109.73899652308909,108.58671157768492,0.9157,1.6677999999999995,5.021194274132671,5.8178354841627336,0.0,4.0000015,8,10,5.021194274132671,5.8178354841627336,3.02
mvc-1200000859,98,375,364,1396,0.05,0.06,-269.88812549,-288.10782768,507.5416094357924,477.88019671199976,0.0,3.8913,3.4285559670150176,3.8102721744949215,3.9261998,6.00072585,42,44,3.4285559670150176,3.8102721744949215,3.72
mvc-1200008438,169,727,444,1910,0.05,0.11,-239.98317254,-267.37923201,475.6742963334767,489.7451514760565,0.8290000000000001,0.8222000000000005,4.095158719839594,4.3071367660196795,2.000000075,3.9999998,36,40,4.095158719839594,4.3071367660196795,2.63
mvc-1200004503,274,1218,1077,4789,0.05,0.32,-423.36841535,-536.81416861,849.6750641212668,876.609864498802,0.8313999999999999,3.4139000000000004,4.017344283176032,4.446390846901684,6.9025e-05,5.999999675,68,80,4.017344283176032,4.446390846901684,3.93
mvc-1200010158,157,539,626,2153,0.05,0.15,-350.66564337,-139.23402313,709.6466383341048,461.8615450505082,0.0,4.6913,2.972975640373848,4.721046565231643,8.853998425,0.0,52,28,2.972975640373848,4.721046565231643,3.99
mvc-1200003430,163,771,764,3605,0.08,0.0,-95.45267625,-139.23402313,448.8008158754045,461.8615450505082,1.9048,4.6913,4.498726793680793,4.721046565231643,0.0,0.0,24,28,4.498726793680793,4.721046565231643,4.68
mvc-1200677217,122,604,100,498,0.05,0.07,-114.11753234,-222.41417667,294.550536053812,559.3259279415918,1.2532999999999994,0.0,4.965371952314503,5.085384023327856,0.0012767999999999998,0.0001111,16,30,4.965371952314503,5.085384023327856,0.82
mvc-1200006508,200,826,885,3657,0.05,0.33,-240.0077932,-302.5154501,669.1362351741235,656.7506824608628,0.0,2.3203,3.631879436261831,4.069091379968246,9.999144,5.999077400000001,46,52,3.631879436261831,4.069091379968246,4.43
mvc-1200005119,235,753,555,1782,0.05,0.11,-137.48590309,-150.14562769999995,210.5651189604684,236.49702688242448,0.5258999999999996,2.1949,3.2201103769393837,3.208335163121105,2.00015015,4.00000035,18,20,3.2201103769393837,3.208335163121105,2.37
mvc-1200009996,282,1132,715,2871,0.05,0.22,-90.73763686,-103.98231734,144.73031946449512,157.0412294652056,0.0,1.4609000000000003,3.806406470984084,4.022008930028093,0.999999975,2.01486895,12,14,3.806406470984084,4.022008930028093,2.54
mvc-1200011476,111,376,110,373,0.05,0.0,-19.89829938,-83.16996809999998,65.86697753153406,236.56869260662998,0.0,0.0,2.901009357076987,3.4014740710880025,0.5778506,1.4164456,3,13,2.901009357076987,3.4014740710880025,0.99
mvc-1200007648,180,662,650,2385,0.05,0.14,-542.70184793,-613.08533941,1067.160449973941,1085.5837583213452,0.5663,1.9566,3.3960401608874986,3.6358272007156565,1.000000025,3.0006465625,80,88,3.3960401608874986,3.6358272007156565,3.6
mvc-1200008398,169,763,440,1991,0.05,0.1,-120.12164839,-133.74284994,228.2514795821373,233.2518414626922,0.6371,0.6151999999999997,4.267139354364222,4.5217206746892735,2.00000015,3.9999998,18,20,4.267139354364222,4.5217206746892735,2.61
mvc-1200009206,185,639,485,1671,0.05,0.07,-299.59444578,-326.93667114,608.2232480483448,558.3890421377256,1.4381,2.3876,2.8919936759770732,3.4392068029393403,0.99965655,2.999635225,40,44,2.8919936759770732,3.4392068029393403,2.62
mvc-1200675435,85,524,67,412,0.05,0.06,-210.00560155,-213.11382411,667.8749219675069,678.8743923326085,0.0,1.1651999999999996,6.184814035955317,6.144054982958959,0.0004480000000000001,0.001897175,31,32,6.184814035955317,6.144054982958959,0.79
mvc-1200008414,157,555,602,2124,0.05,0.1,-345.00044874,-382.20811687,680.775974022519,654.8594516499444,0.0,0.4411000000000001,3.0892933535472205,3.458076830937644,1.464749775,4.00000075,52,56,3.0892933535472205,3.458076830937644,3.83
mvc-1200009144,147,771,509,2677,0.05,0.13,-170.46720512,-204.56227004,557.1998549276813,464.98771570216485,0.0,0.6785999999999999,4.064608440566997,5.217851476413238,0.78297785,1.005761825,28,32,4.064608440566997,5.217851476413238,3.47
mvc-1200010539,109,372,370,1257,0.05,0.04,-274.30486949,-291.00721142,477.56541579345793,482.82302747887604,0.0,0.06959999999999987,3.2387558692537044,3.3706689686818017,10.006030099999998,12.0010874,38,40,3.2387558692537044,3.3706689686818017,3.38
mvc-1200000898,99,357,230,826,0.05,0.04,-299.01368881,-383.40315427,512.5326824024492,615.7663469504022,0.8609,1.9825,3.3397978234413874,3.4100428615190146,14.00056285,5.94799805,42,52,3.3397978234413874,3.4100428615190146,2.31
mvc-1200010049,170,574,361,1221,0.07,0.17,-359.85743555,-383.40315427,623.1799031904677,615.7663469504022,1.5976,1.9825,3.1104212770491486,3.4100428615190146,1.9987776,5.94799805,48,52,3.1104212770491486,3.4100428615190146,2.13
mvc-1200019139,231,1100,688,3280,0.05,0.33,-166.25060865,-180.01692137,317.24006807566064,324.132717551482,1.23,1.6410000000000005,4.6074682736375285,4.758521025495174,3.9983209,6.00027975,24,26,4.6074682736375285,4.758521025495174,2.98
mvc-1200016768,216,705,198,646,0.05,0.02,-83.49309837,-86.53010024,246.22215554871883,253.45619650371742,0.0,0.0,3.185176261132771,3.2535024890339383,0.0018241,0.047591900000000006,13,14,3.185176261132771,3.2535024890339383,0.92
mvc-1200003736,315,989,1154,3624,0.05,0.03,-125.08676486,-160.77294667,412.7837583605015,359.95008071637056,3.3147,2.4842,2.3482348387441068,3.1414100684968447,0.00022975,2.0000002,24,28,2.3482348387441068,3.1414100684968447,3.66
mvc-1200005456,261,1260,1011,4888,0.05,0.33,-208.50638282,-283.16433351,528.862754099284,565.0873902588554,0.0,0.0,4.556129167537211,4.835433027910479,1.4887058125,0.223756025,48,56,4.556129167537211,4.835433027910479,3.88
mvc-1200010188,161,588,620,2262,0.05,0.14,-316.60318151,-353.93625301,620.5927003833845,607.6035502363948,0.0,2.1684,3.2944573814616227,3.63058084053293,3.5895592125,6.0011044999999985,48,52,3.2944573814616227,3.63058084053293,3.84
mvc-1200015644,319,1590,667,3327,0.06,0.0,-112.45629245,-135.57087444,225.63891124253414,223.9444574614021,1.8343,1.5122999999999998,4.237123803357059,4.990065929408939,0.000322875,2.00000005,16,20,4.237123803357059,4.990065929408939,2.09
mvc-1200006963,261,1375,982,5185,0.06,0.3,-52.16122735,-141.49917767,120.59844056207102,259.13936293065757,0.0,0.0508999999999995,4.995021097175016,5.27214815922152,0.5407314000000001,2.001128425,12,28,4.995021097175016,5.27214815922152,3.77
mvc-1200006921,270,1242,713,3274,0.06,0.03,-511.22933478,-197.87715076,784.3507075436992,287.15850939602456,0.8253999999999999,0.9448,4.417269685567612,4.583997212316125,3.000007420833333,8.000780575,24,28,4.417269685567612,4.583997212316125,2.64
mvc-1200007825,147,811,617,3399,0.06,0.35,-344.11832539999995,-423.73164843,1075.0454920155262,882.3339349578465,0.0,2.9565,4.20036999792901,5.483710702161313,0.4522312125,0.0,56,64,4.20036999792901,5.483710702161313,4.19
mvc-1200008342,131,510,529,2052,0.06,0.15,-329.27797247,-367.92326785,724.561850742543,710.1711582931482,0.0041999999999999815,3.0102,3.51418009523355,3.8127124813426128,2.461330725,1.99891365,52,56,3.51418009523355,3.8127124813426128,4.03
mvc-1200019574,116,434,549,2050,0.06,0.23,-517.29515249,-561.41154416,789.8873449373358,819.5482678463869,0.9051999999999998,2.7117,3.6709394582954418,3.735065215440419,4.00001125,10.000008125,76,80,3.6709394582954418,3.735065215440419,4.72
mvc-1200007942,322,1263,1305,5115,0.06,0.38,-142.91687577,-181.66536098,298.5041362364687,282.23773035048197,0.0,0.8362000000000003,3.1595253212322367,3.913612049773888,1.9998523,6.0000895,22,26,3.1595253212322367,3.913612049773888,4.05
mvc-1200009987,260,1281,858,4228,0.06,0.11,-67.10436786,-82.5835967,129.93835805251754,149.80394308978927,0.0,0.0,4.64823874783938,4.570662823303273,1.998929175,7.00162985,12,14,4.64823874783938,4.570662823303273,3.3
mvc-1200000843,151,860,599,3413,0.06,0.25,-67.10436786,-109.26093399,129.93835805251754,210.4220524445965,0.0,0.0,4.64823874783938,5.6041264950900915,1.998929175,6.058735,12,22,4.64823874783938,5.6041264950900915,3.97
mvc-1200012636,261,1393,883,4719,0.07,0.18,-90.78021456,-109.26093399,205.3536980583826,210.4220524445965,0.0,0.0,5.3493704126491535,5.6041264950900915,2.465276275,6.058735,20,22,5.3493704126491535,5.6041264950900915,3.39
mvc-1200008885,154,540,473,1659,0.06,0.09,-203.7627297,-219.24768464,335.47343271803084,330.0993148144771,1.7896,1.7264,3.2057576652478432,3.5024772220658,0.0,1.99897705,28,30,3.2057576652478432,3.5024772220658,3.07
mvc-1200007972,159,623,536,2107,0.06,0.12,-203.7627297,-284.0032048,335.47343271803084,571.6007596300658,1.7896,1.2009999999999998,3.2057576652478432,3.929279851922503,0.0,4.0027556,28,44,3.2057576652478432,3.929279851922503,3.38
mvc-1200009179,131,718,398,2185,0.07,0.19,-250.53385407,-284.0032048,575.7021498492276,571.6007596300658,0.0,1.2009999999999998,3.6208684355879917,3.929279851922503,0.0018447,4.0027556,40,44,3.6208684355879917,3.929279851922503,3.04
mvc-1200010166,164,571,533,1850,0.06,0.18,-332.56422726,-365.06745694,618.4458061461705,625.128210970531,0.9477,3.1724999999999994,3.2395589651725296,3.4631763904589423,4.9962205625,8.00349775,48,52,3.2395589651725296,3.4631763904589423,3.24
mvc-1200008656,152,436,528,1510,0.06,0.18,-454.83240687,-488.61191202,866.8019025383719,813.2323853900048,0.0,3.0860000000000003,2.5078455730646434,2.8715567178915853,2.992870525,4.99208545,60,64,2.5078455730646434,2.8715567178915853,3.46
mvc-1200016779,204,671,216,708,0.06,0.01,-76.08106193,-82.52554178,219.96432416216518,246.80162553660136,0.0,0.0,3.5954400858788897,3.5315300269813186,2.89357865,5.08229885,12,14,3.5954400858788897,3.5315300269813186,1.06
mvc-1200000865,100,343,269,924,0.06,0.02,-76.08106193,-82.52554178,219.96432416216518,246.80162553660136,0.0,0.0,3.5954400858788897,3.5315300269813186,2.89357865,5.08229885,12,14,3.5954400858788897,3.5315300269813186,2.69
mvc-1200019581,355,1314,1415,5236,0.06,0.39,-551.88517901,-586.71624363,799.0201087372498,813.1064399642073,0.8582999999999998,3.4551,3.564989918654152,3.7017739498552453,4.00000165,5.999975225,76,80,3.564989918654152,3.7017739498552453,3.99
mvc-1200004650,291,1145,338,1327,0.06,0.18,-551.88517901,-586.71624363,799.0201087372498,813.1064399642073,0.8582999999999998,3.4551,3.564989918654152,3.7017739498552453,4.00000165,5.999975225,76,80,3.564989918654152,3.7017739498552453,1.16
mvc-1200006707,169,648,393,1505,0.06,0.11,-137.60855355,-150.10474798,270.68664159625257,276.7835092718454,2.3912000000000004,3.3807,3.590589227617774,3.803128823964995,2e-07,0.0,20,22,3.590589227617774,3.803128823964995,2.32
mvc-1200014220,249,878,825,2911,0.06,0.05,-60.78803072,-77.23240814,207.91919808688,202.673514255495,2.0994,3.7721,3.04974306818386,3.526947951083,1.0,3.0,12,14,3.04974306818386,3.526947951083,3.31
mvc-1200008664,152,445,525,1534,0.06,0.19,-60.78803072,-77.23240814,207.91919808688,202.673514255495,2.0994,3.7721,3.04974306818386,3.526947951083,1.0,3.0,12,14,3.04974306818386,3.526947951083,3.45
mvc-1200000867,98,364,302,1124,0.06,0.03,-286.90136179,-302.43789911,511.8322135994844,490.341303461483,0.02000000000000001,2.3986,3.4044827601601897,3.7183136259531735,10.9883721,8.999411300000002,42,44,3.4044827601601897,3.7183136259531735,3.09
mvc-1200000857,102,348,130,444,0.07,0.02,-286.90136179,-302.43789911,511.8322135994844,490.341303461483,0.02000000000000001,2.3986,3.4044827601601897,3.7183136259531735,10.9883721,8.999411300000002,42,44,3.4044827601601897,3.7183136259531735,1.28
mvc-1200008321,87,451,236,1219,0.07,0.03,-265.88534029,-334.02427595,516.7725387987845,553.7406533850524,0.0,0.7330000000000001,4.675051132819674,4.946021638679434,2.1411476125,2.9990753125,48,56,4.675051132819674,4.946021638679434,2.7
mvc-1200003750,249,877,819,2886,0.07,0.05,-339.83661145,-377.84179865,669.4133976194366,638.5535242178745,0.0,0.026899999999999924,3.1709218211871986,3.5769830855964417,2.99607325,4.98356205,52,56,3.1709218211871986,3.5769830855964417,3.29
mvc-1200012895,261,1250,811,3891,0.07,0.09,-143.58650963,-156.19725085,260.1207504895234,255.92275685433148,0.0,0.5634000000000001,4.536256296716367,4.926069141114564,24.0000017,39.9683888,22,24,4.536256296716367,4.926069141114564,3.11
mvc-1200008645,151,450,502,1500,0.07,0.16,-311.97322275,-326.00506439,530.8247774705319,518.7257351030995,0.0,3.4299,3.2076862352467352,3.4381138510509186,13.0015577,15.0000742,42,44,3.2076862352467352,3.4381138510509186,3.33
mvc-1200004981,282,1687,865,5178,0.07,0.23,-421.88366758,-453.40095506,599.2865007723302,621.9570672712795,2.0948,0.0,3.5407513084954894,3.930817417087989,0.0,0.5504411125,48,56,3.5407513084954894,3.930817417087989,3.07
mvc-1200011618,260,1299,779,3890,0.07,0.02,-73.61576566,-90.22237967,241.31138666007772,258.90399091205603,0.0,0.0,6.853206378837736,6.699300118817352,0.036046100000000005,0.00014755,14,16,6.853206378837736,6.699300118817352,3.0
mvc-1200002315,137,781,513,2935,0.07,0.2,-445.55439721,-479.43490223,848.4968924987983,801.5543704627237,1.0807,3.771,2.5690482428585297,2.920908602696765,3.98619755,4.009869825,60,64,2.5690482428585297,2.920908602696765,3.76
mvc-1200000880,101,338,161,534,0.07,0.04,-314.95200546,-324.48885081,518.9218930733498,527.9233454397712,0.013399999999999856,2.0229,3.2247782704889705,3.3226923240856405,10.0080584,12.00104955,42,44,3.2247782704889705,3.3226923240856405,1.58
mvc-1200008078,128,483,370,1395,0.07,0.17,-235.86582287,-253.68360243,541.0062794903631,553.2832389585449,2.4279,1.1707,3.6310613347947567,3.7693265231851374,10.00000945,18.0003164,34,37,3.6310613347947567,3.7693265231851374,2.89
mvc-1200008311,85,436,265,1358,0.07,0.07,-109.88063038,-117.62790489,198.7506868537849,202.39090928692315,0.0,0.0,5.063150261221192,5.1714970653400725,17.020145,19.0093426,19,20,5.063150261221192,5.1714970653400725,3.11
mvc-1200010150,279,1162,922,3843,0.08,0.19,-260.41562063,-309.61648646,438.4118692155124,458.55958346818153,0.0,0.9102,3.817692550901243,4.178035318864708,1.99992535,5.996975900000002,36,42,3.817692550901243,4.178035318864708,3.31
mvc-1200000838,156,777,402,2001,0.08,0.25,-129.40518463,-142.88246476,238.12087379725398,230.70923886425945,0.6582000000000003,0.7306999999999997,4.4543510377524225,4.947321440886308,10.00022765,17.9916307,20,22,4.4543510377524225,4.947321440886308,2.58
mvc-1200000321,172,814,128,606,0.08,0.13,-177.73033104,-184.0063511,229.72422410892983,217.8415304375961,0.0,0.0,4.155816485281323,4.753044647982587,5.555e-05,0.00570005,20,22,4.155816485281323,4.753044647982587,0.75
mvc-1200008926,112,393,211,740,0.08,0.0,-249.80678604,-260.50663562,470.51947535086333,454.2031957723787,2.1986,1.213,3.2082974589910878,3.5012638720079745,0.0,0.0,34,36,3.2082974589910878,3.5012638720079745,1.88
mvc-1200008320,83,496,244,1452,0.08,0.06,-102.83195728,-274.02475644,185.0908847290807,445.88596024203423,0.0,0.9116000000000002,5.5476360546178425,3.706569439357605,8.7541328,1.0001905,19,36,5.5476360546178425,3.706569439357605,2.93
mvc-1200008322,86,450,232,1222,0.08,0.05,-119.96403595,-127.02948675,192.56464602849488,199.08988278338487,0.0,0.0,5.1945176643355495,5.226985129229209,12.8690289,14.8233046,19,20,5.1945176643355495,5.226985129229209,2.72
mvc-1200007843,131,806,409,2518,0.08,0.22,-348.41707787,-119.96403595,1217.0853293933749,192.56464602849488,0.006299999999999972,0.0,4.201318375557934,5.1945176643355495,0.0,12.8690289,56,19,4.201318375557934,5.1945176643355495,3.12
mvc-1200000078,198,755,281,1072,0.08,0.1,-64.42994418,-73.27964897,201.7310218579186,235.63517972631882,0.0,0.7116999999999996,4.05195468307417,3.8115011625856,0.00017795,1.5e-06,12,14,4.05195468307417,3.8115011625856,1.42
mvc-1200006914,261,1254,939,4519,0.08,0.27,-52.85688322,-64.42994418,131.40669942132914,201.7310218579186,0.0,0.0,4.584178413632504,4.05195468307417,0.99999995,0.00017795,12,12,4.584178413632504,4.05195468307417,3.6
mvc-1200003281,288,991,692,2382,0.08,0.01,-103.04904908,-52.85688322,183.66956434011016,131.40669942132914,1.9767,0.0,2.9276666830639817,4.584178413632504,0.0,0.99999995,14,12,2.9276666830639817,4.584178413632504,2.4
mvc-1200012117,260,1445,768,4271,0.08,0.03,-136.29871955,-166.31303385,236.6150721946684,246.3337484062167,0.3537000000000001,1.9705,5.105207416655419,5.559151499904339,1.0000000125,0.0,24,28,5.105207416655419,5.559151499904339,2.95
mvc-1200008280,155,554,645,2297,0.08,0.18,-329.31504521,-368.41715224,688.9768639385193,646.8712961484221,0.0,0.21689999999999987,3.089627240134119,3.5403013022082983,6.132588575,6.007113075,52,56,3.089627240134119,3.5403013022082983,4.15
mvc-1200010447,144,518,408,1469,0.09,0.13,-194.35301762,-208.78503398,362.1896723426658,343.9065579642822,0.0,2.3925,3.188771502725138,3.593007693125708,2.0000003,3.99954285,26,28,3.188771502725138,3.593007693125708,2.83
mvc-1200001904,156,746,113,540,0.09,0.14,-195.18239301,-194.35301762,251.48680764559296,362.1896723426658,0.0,0.0,4.217892692245943,3.188771502725138,0.0275093,2.0000003,22,26,4.217892692245943,3.188771502725138,0.72
mvc-1200012394,291,1161,279,1114,0.09,0.15,-211.73948713,-225.79047733,331.42593993978494,306.7203591457297,2.6518,0.0,3.2012045619585976,3.9853886444318696,4.725e-06,0.452761925,24,28,3.2012045619585976,3.9853886444318696,0.96
mvc-1200008653,154,442,318,911,0.09,0.16,-463.78620262,-486.60494563,858.2474509731445,805.9986321016568,2.3436000000000003,1.8762,2.5019120483022443,2.8643935008465555,0.982112975,2.94229585,60,64,2.5019120483022443,2.8643935008465555,2.06
mvc-1200008341,84,474,277,1572,0.09,0.1,-89.38837768,-97.85065359,192.8628336676634,188.3168188493689,0.0,0.0,5.3158200062248255,5.658461721824835,8.9319922,3.0181741,19,20,5.3158200062248255,5.658461721824835,3.32
mvc-1200005026,209,1566,332,2483,0.09,0.0,-120.13544092,-139.19077285,223.11307310929908,227.32518277715084,1.8967,2.5393,6.901906315005304,7.484182407498403,0.0,1.99999995,16,20,6.901906315005304,7.484182407498403,1.59
mvc-1200009041,153,553,584,2111,0.09,0.13,-195.57555575,-120.13544092,331.0943445455527,223.11307310929908,0.5163,1.8967,3.2693139104955136,6.901906315005304,0.999818675,0.0,28,16,3.2693139104955136,6.901906315005304,3.82
mvc-1200000786,158,744,438,2064,0.09,0.22,-146.70470213,-160.99581083,239.28965546965625,240.5450092251689,0.0,0.0,4.382244129070177,4.694940436308831,7.98693045,17.9311413,20,22,4.382244129070177,4.694940436308831,2.78
mvc-1200015888,217,894,537,2209,0.09,0.1,-127.62292695,-140.62162205,202.76423344209263,199.17779798077274,1.722,0.9187000000000004,3.6391612466933734,4.109948757297611,1.44e-05,0.99999985,18,20,3.6391612466933734,4.109948757297611,2.47
mvc-1200000457,74,288,102,399,0.09,0.03,-288.06833515,-296.81911057,687.4069130231712,625.6076129412743,2.8992,1.9404,3.401324911536149,3.8663421133740736,0.0,0.0,42,44,3.401324911536149,3.8663421133740736,1.39
mvc-1200002276,143,673,394,1860,0.09,0.22,-162.27386985,-176.52514434,267.4637462258682,265.19420367973544,0.0,0.0,4.361039958157391,4.702738106938416,36.82376420000001,40.7590938,22,24,4.361039958157391,4.702738106938416,2.76
mvc-1200003394,345,1296,1646,6178,0.09,0.32,-47.19650962,-69.4576844,151.48544570417428,137.69505143480168,0.20120000000000005,4.0688,2.8704688868051362,3.7441655023902882,2.99999965,5.0000284000000015,10,12,2.8704688868051362,3.7441655023902882,4.77
mvc-1200006406,270,1258,829,3853,0.09,0.2,-332.34360702,-98.54268922,524.3441760444779,142.22599341832225,0.0371999999999999,0.0,4.4051073850297335,4.6276133318772565,3.00001724375,8.0017832,12,14,4.4051073850297335,4.6276133318772565,3.06
mvc-1200008859,103,673,352,2304,0.1,0.2,-145.57504317,-179.39132848,461.88654411968537,527.0818297129637,0.0,0.5458000000000003,7.160878598431295,6.5814279275154615,2.5e-08,0.0,28,32,7.160878598431295,6.5814279275154615,3.43
mvc-1200011960,130,456,300,1052,0.1,0.09,-110.05714515,-116.26154992,203.1428409593724,195.09143742755074,0.9716999999999998,2.1854000000000005,3.172137789913436,3.5099258734976075,2.0000134,1.99999985,15,16,3.172137789913436,3.5099258734976075,2.31
mvc-1200011960,260,912,578,2027,0.1,0.0,-110.05714515,-116.26154992,203.1428409593724,195.09143742755074,0.9716999999999998,2.1854000000000005,3.172137789913436,3.5099258734976075,2.0000134,1.99999985,15,16,3.172137789913436,3.5099258734976075,2.22
mvc-1200006601,282,1243,614,2709,0.1,0.15,-91.45102887,-206.70406879,139.41954527545462,287.98963151069887,0.6111,1.3749000000000002,3.9514002392477776,4.3864164413029085,1.00043625,3.99998445,12,28,3.9514002392477776,4.3864164413029085,2.18
mvc-1200010450,140,553,409,1616,0.1,0.05,-293.66279121,-323.92040678,648.5711340067984,637.7101773144077,0.0,0.0,3.6774091901137616,3.9931918051425632,0.9371710625,2.75e-07,48,52,3.6774091901137616,3.9931918051425632,2.92
mvc-1200000314,143,837,478,2796,0.1,0.17,-96.87536208,-113.29554385,214.7943387512717,212.11676103653463,0.0,0.0,5.414371985996982,5.863257797934315,0.35879340000000004,0.0784462,20,22,5.414371985996982,5.863257797934315,3.34
mvc-1200007833,147,827,481,2714,0.1,0.15,-340.42407737,-405.39751563,1155.2826990816964,865.0426256231914,0.03400000000000003,0.8390000000000004,3.920770622155058,5.609519732377716,6.54125e-05,0.9820688875,56,64,3.920770622155058,5.609519732377716,3.28
mvc-1200010170,100,481,335,1609,0.1,0.19,-244.15726373,-340.42407737,728.5764715994886,1155.2826990816964,0.0,0.03400000000000003,4.652095423021522,3.920770622155058,0.4699920125,6.54125e-05,48,56,4.652095423021522,3.920770622155058,3.34
mvc-1200032432,164,588,239,860,0.1,0.02,-89.27528417,-93.79091586,149.28458677253843,151.28776459623546,3.3680000000000003,0.0,3.3680632442827663,3.5902396500030207,0.0,1.00001175,13,14,3.3680632442827663,3.5902396500030207,1.46
mvc-1200015870,163,748,750,3435,0.1,0.01,-47.70271516,-69.25665301,226.0600873781465,237.98748144013769,1.8064,4.2701,4.465698210642345,4.58105999458158,0.0,0.0,12,14,4.465698210642345,4.58105999458158,4.59
mvc-1200003248,291,1043,1037,3723,0.1,0.23,-97.79633272,-115.13191875,189.2902679833432,171.27639770003157,0.6922999999999999,0.5706000000000002,2.808562401020372,3.575228931098513,3.5e-07,2.0013694,14,16,2.808562401020372,3.575228931098513,3.57
mvc-1200003716,354,1215,1174,4024,0.1,0.35,-52.88287698,-69.31845376,162.78631758498992,146.51408845022706,2.209,2.5083,2.589661262423436,3.4282042686116085,0.9999999,3.0000002,10,12,2.589661262423436,3.4282042686116085,3.31
mvc-1200001926,129,765,430,2541,0.1,0.17,-106.89559514,-52.88287698,232.1254964777663,162.78631758498992,0.0,2.209,5.579157448402455,2.589661262423436,3.1892977000000005,0.9999999,22,10,5.579157448402455,2.589661262423436,3.32
mvc-1200003244,286,1011,909,3209,0.11,0.05,-98.95228098,-114.77628168,178.58722376245498,176.7186982593875,1.265,1.5456000000000003,3.0305957041724763,3.5194039001809267,0.9999765,2.99976255,14,16,3.0305957041724763,3.5194039001809267,3.17
mvc-1200005565,232,897,812,3141,0.11,0.17,-176.31087468,-210.70022340000003,359.5460987791279,396.93589450698823,0.6869000000000001,1.6569999999999998,3.822485500096698,3.869131957884232,0.999999925,3.00000045,28,32,3.822485500096698,3.869131957884232,3.5
mvc-1200014224,177,871,448,2209,0.11,0.02,-64.13349425,-77.46362041,211.56170770754449,204.37854213852387,3.1906000000000003,3.3849,4.377081780885939,4.925867894643552,1.0,2.99999995,12,14,4.377081780885939,4.925867894643552,2.54
mvc-1200007826,162,561,432,1496,0.11,0.03,-227.62960049,-248.33926516,492.00124491145624,475.5899175949354,1.8149,0.004599999999999938,3.1028450232767706,3.4645011539635586,10.0053519,14.0000001,34,37,3.1028450232767706,3.4645011539635586,2.66
mvc-1200019573,238,862,611,2214,0.11,0.2,-562.035737,-227.62960049,817.485440520494,492.00124491145624,1.7748000000000004,1.8149,3.4673265799973696,3.1028450232767706,2.00000005,10.0053519,76,34,3.4673265799973696,3.1028450232767706,2.57
mvc-1200014048,211,663,236,742,0.11,0.07,-78.73715746,-86.37204606,206.10438212097057,268.35654164165,0.0,0.0,3.7084261125356814,3.1489512800037,0.055634125,4.0000004,12,14,3.7084261125356814,3.1489512800037,1.12
mvc-1200007987,90,477,192,1017,0.11,0.12,-243.48398638,-78.73715746,549.0745150698222,206.10438212097057,2.5124,0.0,5.172695499577967,3.7084261125356814,9.9999194,0.055634125,34,12,5.172695499577967,3.7084261125356814,2.13
mvc-1200015495,322,1277,1218,4825,0.11,0.34,-71.93686155,-90.20172914,148.19594068427915,139.3679905977587,0.0,0.16400000000000015,3.182041871649352,3.9627786038347437,2.0000032,6.0000005,11,13,3.182041871649352,3.9627786038347437,3.78
mvc-1200008325,88,447,194,988,0.11,0.08,-128.2648774,-134.19265668,193.32821015832263,199.53092282711862,0.0,0.0,5.036692671667779,5.082391071668238,1.7644409,1.2371972,19,20,5.036692671667779,5.082391071668238,2.21
mvc-1200019541,117,433,320,1186,0.11,0.11,-545.80547221,-574.09272415,795.0138626782845,824.5226368858853,1.3375000000000004,0.0,3.632113204832265,3.697919035483424,5.999999725,8.000003275,76,80,3.632113204832265,3.697919035483424,2.74
mvc-1200011289,104,390,145,545,0.11,0.12,-16.04528197,-68.56790517,63.34796528374919,227.99792821660492,0.0,0.0,3.2258532498920762,3.7621585722955735,0.06020219999999999,1.4742257,3,13,3.2258532498920762,3.7621585722955735,1.4
mvc-1200003748,177,869,445,2187,0.11,0.02,-128.30290663,-154.80265182,418.12806667722253,409.48353792280716,2.9973,3.6712,4.4293744914027045,4.917129045925127,1.0,2.999999325,24,28,4.4293744914027045,4.917129045925127,2.52
mvc-1200012111,282,1240,544,2393,0.11,0.09,-184.62810584,-206.31963678,277.4839825458888,287.03824334967436,0.7570000000000001,1.4861000000000004,3.9706971155795823,4.400955217122043,0.9999998625,4.00000055,24,28,3.9706971155795823,4.400955217122043,1.93
mvc-1200006623,176,645,529,1934,0.11,0.05,-379.24308616,-424.45499143,1039.2675212381168,852.3084105963686,0.0,0.3327,2.6798323464647607,3.5517884026618773,0.0007585333333333332,1.0001054833333334,60,66,2.6798323464647607,3.5517884026618773,3.0
mvc-1200009993,279,1164,892,3725,0.12,0.19,-86.70076696,-102.68302061,140.8484023491907,153.6100847781205,0.6214999999999999,1.0611000000000002,3.961047716114116,4.157448686396056,2.000000025,6.0000098,12,14,3.961047716114116,4.157448686396056,3.2
mvc-1200005221,165,884,314,1684,0.12,0.26,-216.98466062,-86.70076696,559.4646612013678,140.8484023491907,0.0,0.6214999999999999,5.367799543245362,3.961047716114116,0.017323124999999998,2.000000025,36,12,5.367799543245362,3.961047716114116,1.91
mvc-1200015844,222,792,661,2353,0.12,0.0,-53.60326552,-68.67604187,207.2549482342,224.81371158598427,3.6793,3.2384,3.47326022981112,3.561033560720411,0.0,0.0,12,14,3.47326022981112,3.561033560720411,2.97
mvc-1200006401,279,1288,878,4057,0.12,0.18,-86.78472488,-102.6167622,135.68140329443713,139.10995612932612,0.0,2.0718,4.111891747116518,4.5908004211019495,1.999780875,6.00086845,12,14,4.111891747116518,4.5908004211019495,3.15
mvc-1200012366,156,579,173,644,0.12,0.15,-26.46582758,-109.68154749,54.22230058568951,153.74406473895922,2.6271,0.0,2.4458622638345497,3.7129271805045168,0.0,1.4218387,3,13,2.4458622638345497,3.7129271805045168,1.11
mvc-1200012952,104,383,111,408,0.12,0.07,-14.67837314,-62.43421921,68.63919623851669,232.17798143009944,0.4748999999999999,0.0,2.971378773387913,3.687565888012972,0.0,0.0001262,3,13,2.971378773387913,3.687565888012972,1.06
mvc-1200010121,77,473,263,1620,0.12,0.17,-243.23800745,-277.30891271,671.313394145839,757.6549345552572,0.016300000000000203,0.19530000000000008,6.659318819139322,6.113505387994888,1e-07,8.15e-06,48,52,6.659318819139322,6.113505387994888,3.43
mvc-1200008651,151,465,580,1786,0.12,0.23,-424.33053989,-460.65315147,852.5397021940117,783.6062295732982,0.0,3.1467,2.579057564935242,3.011954837450833,1.98088445,1.999487425,60,64,2.579057564935242,3.011954837450833,3.84
mvc-1200006193,205,787,699,2684,0.12,0.24,-291.80697454,-424.33053989,634.4846567749095,852.5397021940117,0.6809999999999999,0.0,3.725063070752054,2.579057564935242,7.91779685,1.98088445,46,60,3.725063070752054,2.579057564935242,3.41
mvc-1200003987,431,1839,1288,5492,0.12,0.06,-105.39598927,-135.67973166,257.26920063294705,193.58509559552087,1.5649000000000002,0.0,2.5816450398098305,4.264870488292853,0.00052125,2.000000025,16,20,2.5816450398098305,4.264870488292853,2.99
mvc-1200011138,291,1268,182,793,0.12,0.07,-213.58693258,-225.1156982,289.96282316517085,280.74769762042354,2.4317,0.0,3.658959515242071,4.354086771561577,3.09125e-05,0.6044446,24,28,3.658959515242071,4.354086771561577,0.63
mvc-1200016579,343,1336,1488,5793,0.12,0.24,-43.51385886,-64.01013342,150.14283860535775,130.89495951681982,1.6229,3.5839999999999996,2.916198542233124,3.961689065158024,3.9999996,4.0028057,10,12,2.916198542233124,3.961689065158024,4.34
mvc-1200002344,150,697,236,1096,0.12,0.22,-171.67817495,-180.78744529,266.0457738418313,256.11204772481534,0.0,0.0,4.159781595812437,4.636295429886085,18.8497538,22.086633,22,24,4.159781595812437,4.636295429886085,1.57
mvc-1200008070,171,769,206,929,0.13,0.03,-130.82501367,-138.81412371,241.56221915143848,231.04851076833395,3.2401,1.5801999999999996,3.975240048257164,4.505489375323613,0.0,0.0,18,20,3.975240048257164,4.505489375323613,1.21
mvc-1200009128,149,596,497,1990,0.13,0.19,-43.39888306,-130.82501367,70.3279849113921,241.56221915143848,0.3367,3.2401,3.966466856305527,3.975240048257164,1.9998314,0.0,3,18,3.966466856305527,3.975240048257164,3.34
mvc-1200005088,165,874,292,1553,0.13,0.22,-290.888972,-332.06522478,690.4935154208281,814.6508598158663,1.0477999999999996,1.3005000000000004,5.7989328613817275,5.3114787714831015,0.0002287125,2.6e-06,48,56,5.7989328613817275,5.3114787714831015,1.78
mvc-1200010233,114,358,77,241,0.13,0.03,-306.00621952,-311.86982487,507.1972791025262,500.73482356259314,0.0,0.0,2.9106372934596334,3.1094025123995386,0.1181923,2.1850467,38,40,2.9106372934596334,3.1094025123995386,0.67
mvc-1200007838,90,435,209,1015,0.13,0.06,-141.89252523,-148.15149325,202.51240541489847,204.3073168704031,0.0,0.0,4.707432457108221,4.8636186251452855,0.0103418,2.9794066000000003,19,20,4.707432457108221,4.8636186251452855,2.33
mvc-1200012027,282,1125,582,2321,0.13,0.16,-182.81679151,-205.70517721,328.3289186252265,316.59033819347576,0.8183,1.2110000000000003,3.3557959308852685,3.9901484732338814,0.99999995,4.00000025,24,28,3.3557959308852685,3.9901484732338814,2.06
mvc-1200009678,83,447,273,1479,0.13,0.15,-335.44539759,-369.35448681,916.5644425035164,762.3883478361148,0.0,2.4445,4.521297639006669,5.647382029877157,7.1e-06,0.0,52,56,4.521297639006669,5.647382029877157,3.31
mvc-1200009760,164,529,180,579,0.13,0.06,-417.09242643,-432.58457851,697.0113618516472,680.564144142832,1.9456,0.0,2.8748167318655717,3.1815039764509,0.0,1.91065555,52,56,2.8748167318655717,3.1815039764509,1.09
mvc-1200015669,95,666,263,1837,0.13,0.12,-98.40610875,-112.70085699,254.27967678893464,267.4690673370646,0.17490000000000006,0.0,7.030097002979858,6.9852174498089,0.0,2.5e-08,18,20,7.030097002979858,6.9852174498089,2.76
mvc-1200000811,165,763,271,1252,0.13,0.25,-155.95410327,-165.32177948,242.8088478871182,233.33384985208568,0.4411999999999998,0.0,4.100074377483211,4.6125032405921695,4.002297775,9.90344015,20,22,4.100074377483211,4.6125032405921695,1.64
mvc-1200014313,231,1107,586,2809,0.13,0.26,-75.62979208,-88.9688912,165.03192949829804,160.861593090905,1.2604000000000002,1.3001999999999998,4.183901716016286,4.7941597552375015,0.0,6.0,11,13,4.183901716016286,4.7941597552375015,2.54
mvc-1200009937,115,428,184,687,0.13,0.06,-351.96954558,-371.25574297,762.4394336822792,842.6109188247816,2.2294,1.6000999999999994,3.862445110970561,3.6865390646000313,0.0,0.0,52,56,3.862445110970561,3.6865390646000313,1.6
mvc-1200005121,106,807,302,2305,0.13,0.17,-195.14371564,-238.98397455,719.8168373241199,661.9439673971697,0.4568999999999999,1.5534,6.670953198297343,7.620011798237866,2.5e-08,0.00012751666666666666,36,42,6.670953198297343,7.620011798237866,2.86
mvc-1200010551,107,385,430,1545,0.13,0.18,-247.11376391,-247.11376391,465.44043334716605,465.44043334716605,0.0,0.0,3.5769390846317184,3.5769390846317184,4.65156715,4.65156715,40,40,3.5769390846317184,3.5769390846317184,4.02
mvc-1200002285,136,780,442,2529,0.14,0.28,-126.08163002,-141.96114557,247.08682425640202,238.5437665689264,0.0,0.0,4.9623326183027485,5.478432025668441,31.0000843,27.961332,22,24,4.9623326183027485,5.478432025668441,3.24
mvc-1200004648,106,804,271,2058,0.14,0.09,-264.44790483,-318.04573645,784.912424077775,885.5259947873079,0.05100000000000016,1.4665,8.15694300975045,7.594764198198872,3.09375e-06,0.0002278125,48,56,8.15694300975045,7.594764198198872,2.56
mvc-1200001710,138,394,210,599,0.14,0.04,-253.34630004,-262.67080594,454.2487248879477,453.8832705845964,1.9457,0.20530000000000026,2.6594642670368107,2.839446039200788,0.0,2.01002095,34,36,2.6594642670368107,2.839446039200788,1.52
mvc-1200003366,219,1003,543,2487,0.14,0.16,-164.47263359,-190.68875204,325.986300447409,357.3378886636265,0.9893,1.1145,4.496969039133031,4.55419914145804,0.0,0.0,22,26,4.496969039133031,4.55419914145804,2.48
mvc-1200006602,260,1342,852,4399,0.14,0.2,-65.77924912,-163.5897663,126.05256376641287,272.4174593387889,0.0,0.18739999999999926,4.791528967626383,5.026868065847539,2.002630425,8.009731525,12,14,4.791528967626383,5.026868065847539,3.28
mvc-1200010077,84,509,294,1790,0.14,0.21,-363.45483554,-398.02880957,686.3370786647757,703.0220603525545,0.26060000000000005,0.3933000000000002,5.97096863300991,6.0588920519958425,0.0,1.998644025,48,52,5.97096863300991,6.0588920519958425,3.52
mvc-1200012846,151,587,316,1231,0.14,0.14,-45.78260876,-97.35629877,74.01732535996938,151.75402802144342,1.0677,0.0,3.7214423912106875,3.8961853838957112,0.49999975,5.9999997,3,13,3.7214423912106875,3.8961853838957112,2.1
mvc-1200010248,56,277,169,831,0.14,0.12,-248.77998166,-263.95809773,654.8571142990547,648.2505161778453,0.0,2.8387,4.7055728521759015,4.878047271722873,0.0009266,0.0,38,40,4.7055728521759015,4.878047271722873,3.0
mvc-1200000835,151,825,462,2532,0.15,0.24,-113.81973397,-129.45262511,226.1861272426044,221.5552479586874,0.15380000000000016,0.3072999999999997,4.870760738622604,5.336895974358752,8.0010903,13.98596635,20,22,4.870760738622604,5.336895974358752,3.07
mvc-1200007852,61,383,118,743,0.15,0.06,-109.72798424,-115.11409840000002,228.050368662654,229.50799035761585,0.0,0.4779999999999998,6.243637085131389,6.37983513404349,0.9063522,1.0022768,19,20,6.243637085131389,6.37983513404349,1.94
mvc-1200003078,209,1002,548,2634,0.15,0.13,-337.31538496,-392.04189713,646.4217685203821,712.4300681435468,0.3494999999999999,0.2551999999999994,4.781953515076758,4.79209709386927,12.00221835,13.99525585,52,60,4.781953515076758,4.79209709386927,2.63
mvc-1200009043,122,497,236,959,0.15,0.07,-201.40015088,-213.41455888,368.3043973989644,358.0810730654283,0.8644000000000001,0.5431999999999997,3.7315155672709817,4.063471946916132,1.00000085,3.99842325,28,30,3.7315155672709817,4.063471946916132,1.93
mvc-1200009098,87,489,116,652,0.15,0.07,-207.80612004,-216.3133321,368.6752724735736,363.4168349521285,1.6519,1.2356999999999996,5.311392613110376,5.610356278226818,1.000015475,4.002877,28,30,5.311392613110376,5.610356278226818,1.33
mvc-1200005864,195,763,489,1917,0.16,0.16,-179.73865375,-206.20866603,400.3863081304746,466.5128356497634,1.7921999999999998,1.148,4.161585852071632,3.917747725423604,1.0,3.000000075,28,32,4.161585852071632,3.917747725423604,2.51
mvc-1200008440,156,442,148,421,0.16,0.18,-476.89289019,-490.79566754,826.3721242720845,808.6999358070508,2.2489,0.0,2.57370531559728,2.8295735328403,0.0,1.9801634,60,64,2.57370531559728,2.8295735328403,0.95
mvc-1200005032,279,1164,837,3495,0.16,0.18,-347.50129868,-408.2040384,563.5675039484057,611.5516350988078,0.0,0.8556999999999997,3.9598254940878213,4.1770866662783215,1.99999996875,6.0000000375,48,56,3.9598254940878213,4.1770866662783215,3.0
mvc-1200014232,337,1384,1847,7581,0.16,0.26,-30.65079809,-55.75512374,151.35013927464917,128.66793477740157,0.9929,4.2164,2.9554388784476138,4.103779931796172,2.00000005,2.0000001,10,12,2.9554388784476138,4.103779931796172,5.48
mvc-1200008632,109,449,204,837,0.16,0.05,-185.24399299,-196.00705816,355.76622022453887,398.52110031630247,2.2165,0.0,4.3450838684576425,4.081472388496403,0.0,0.0,28,30,4.3450838684576425,4.081472388496403,1.86
mvc-1200010153,90,493,101,556,0.16,0.04,-388.47245882,-403.9098098,764.5180938460402,723.4422204289032,2.8369,1.8542000000000003,4.983646240825483,5.489761611581235,3.999473725,5.97312265,52,56,4.983646240825483,5.489761611581235,1.13
mvc-1200006043,191,1085,458,2600,0.16,0.45,-175.87658073,-192.51165584,334.11959785217243,332.9569297144575,1.2937000000000003,1.8999000000000008,5.086738365457915,5.589361315022984,2.00004115,6.003039625,24,28,5.086738365457915,5.589361315022984,2.4
mvc-1200015602,138,727,239,1256,0.16,0.14,-108.34997234,-118.43385167,214.4722887074159,244.89314483843518,1.5252,2.055400000000001,5.633731443148125,5.263512297004927,0.0,0.0,18,20,5.633731443148125,5.263512297004927,1.73
mvc-1200010460,83,490,206,1218,0.16,0.19,-314.53153952,-339.7157991,747.1962487353255,732.9538828532334,0.3387000000000001,1.3334999999999997,5.536051607228028,5.8638813433441825,0.9997047875,0.0,48,52,5.536051607228028,5.8638813433441825,2.48
mvc-1200002347,102,367,128,460,0.17,0.03,-246.29015622,-254.57205974,482.79262575698573,492.62423439764524,3.0322,1.8898,3.437573636001953,3.5328225514946183,1.9998166,4.0042817,34,36,3.437573636001953,3.5328225514946183,1.25
mvc-1200004871,239,783,57,188,0.17,0.04,-148.11304219999997,-152.29633763,217.1479323563651,228.450558440014,3.3233000000000006,0.0,3.0593423288770207,3.2613125085268067,0.0,1.9962551,18,20,3.0593423288770207,3.2613125085268067,0.24
mvc-1200006370,165,895,205,1116,0.17,0.09,-148.73612494,-165.20286953,341.74496391067964,401.7678822770158,1.7606000000000002,1.5423,5.858353392138605,5.384951036353618,0.0,0.0,24,28,5.858353392138605,5.384951036353618,1.25
mvc-1200003898,224,1207,365,1963,0.17,0.14,-515.94233415,-574.09395165,863.2860813266024,884.9890686786575,3.0754,2.8024,4.954416686559972,5.380170164265344,5e-08,6.000000125,68,80,4.954416686559972,5.380170164265344,1.63
mvc-1200010249,78,289,138,514,0.17,0.09,-252.69726944,-262.96403305,598.930277051552,621.8190224290523,0.9878,2.2432,3.694053662281212,3.687888764112927,0.0,0.0,38,40,3.694053662281212,3.687888764112927,1.78
mvc-1200010263,79,304,100,385,0.17,0.09,-256.11656295,-266.96691915,563.0139774941857,558.0018448792604,0.0,0.0,3.875734539794656,4.055204373357243,2.805e-05,0.0,38,40,3.875734539794656,4.055204373357243,1.27
mvc-1200009719,106,795,281,2114,0.17,0.16,-195.78613124,-237.21273473,668.5690751444222,672.8345099051883,0.4042999999999997,1.388,7.182301143824715,7.496673798806173,0.0,0.0,36,42,7.182301143824715,7.496673798806173,2.66
mvc-1200006718,191,1067,415,2314,0.17,0.38,-85.712878,-192.6877095,168.43080818808573,333.9451794146343,0.0,1.3356000000000003,5.045332844179272,5.5728206221660495,2.0013015,6.010696725,12,14,5.045332844179272,5.5728206221660495,2.17
mvc-1200005073,207,950,484,2223,0.18,0.36,-295.58899503,-333.20389535,596.2168864958134,561.9130799103411,0.6315,1.9233,3.9215328984116335,4.591885534319277,5.8e-06,0.0,40,46,3.9215328984116335,4.591885534319277,2.34
mvc-1200009654,85,697,95,780,0.18,0.11,-140.25120162,-147.7575989,252.85100973519783,255.32808357425083,1.6166,1.9081,7.940924729054463,8.180023166545446,2.99997215,4.9960385999999986,18,20,7.940924729054463,8.180023166545446,1.12
mvc-1200004866,478,1816,1079,4098,0.18,0.15,-81.58851487,-98.2199428,154.5391292233297,196.08026952074883,0.0,1.7102999999999997,4.036722879119424,3.7990045840781694,8.6080452,3.999999925,13,16,4.036722879119424,3.7990045840781694,2.26
mvc-1200013666,306,1431,391,1826,0.18,0.07,-74.57808911,-91.16544913,186.65689507934718,248.8771263779304,2.0868999999999995,0.6333000000000002,5.3629488686216105,4.670855078862288,0.0,0.0,12,16,5.3629488686216105,4.670855078862288,1.28
mvc-1200006430,239,803,48,160,0.18,0.05,-608.24489496,-608.24489496,891.1149724202411,891.1149724202411,0.17510000000000048,0.17510000000000048,3.344343600452913,3.344343600452913,1.888237625,1.888237625,80,80,3.344343600452913,3.344343600452913,0.2
mvc-1200011190,199,731,203,747,0.18,0.07,-58.76966202,-66.02340004,212.1631864534625,239.7369359980013,0.08729999999999992,0.0,3.8452109272081016,3.739644881604802,0.0,0.1162887,12,14,3.8452109272081016,3.739644881604802,1.02
mvc-1200008669,112,427,201,770,0.18,0.21,-460.42631909,-480.9961092,944.7130240600965,833.7872283825435,3.5973000000000006,2.217,3.2073149742576343,3.827630989388007,0.06428350000000001,3.9510123,60,64,3.2073149742576343,3.827630989388007,1.8
mvc-1200002805,148,1149,296,2293,0.18,0.28,-190.71365819,-212.71316177,317.16360078526736,309.5831714677288,1.7106,0.6292,7.054760122326408,7.748970065681447,0.0,3.00284525,22,26,7.054760122326408,7.748970065681447,1.99
mvc-1200006625,206,780,526,1995,0.18,0.18,-298.8952562,-338.33168379,599.7236863350139,690.5542320583417,0.0,0.02059999999999995,3.9234537349373455,3.7580604459541593,0.571013,5.0066988,46,52,3.9234537349373455,3.7580604459541593,2.56
mvc-1200004682,106,790,223,1667,0.19,0.0,-67.14171318,-78.77401874,178.9186875726425,225.67983444372467,1.1596000000000002,1.3967,8.946083270714832,7.450113053257885,8.1e-06,0.0,12,14,8.946083270714832,7.450113053257885,2.11
mvc-1200003395,196,1153,339,1993,0.19,0.19,-181.35156311,-202.19828695,325.3493997320866,309.8484803579284,2.3898,0.3799999999999999,5.0798548664103205,5.8550080183896425,0.0,1.99838655,22,26,5.0798548664103205,5.8550080183896425,1.73
mvc-1200000794,163,773,290,1372,0.19,0.29,-153.02260889,-163.34926224,232.47599209057475,231.54378644561038,0.5851000000000002,0.0,4.342573022454449,4.708667812216877,5.983242025,13.97569135,20,22,4.342573022454449,4.708667812216877,1.77
mvc-1200000899,218,693,265,843,0.19,0.14,-307.48191376,-323.3410469,555.3732813932289,514.6688811746811,2.4134,0.07259999999999955,2.6528082269500373,3.176287658282099,0.0,2.0070492,40,44,2.6528082269500373,3.176287658282099,1.22
mvc-1200002307,148,701,262,1241,0.19,0.28,-168.40479329,-178.70364845,256.623991650082,256.6967159774776,0.6852999999999998,0.0,4.373921341873982,4.687134200638348,27.9255531,31.8484598,22,24,4.373921341873982,4.687134200638348,1.77
mvc-1200009157,100,506,170,860,0.2,0.23,-43.11437296,-90.98769632,83.20464588545337,177.4741201875066,0.7749000000000001,0.0,5.106622830249772,5.015654614598115,1.0000018,9.9988222,3,13,5.106622830249772,5.015654614598115,1.7
mvc-1200000484,48,353,138,1020,0.2,0.29,-71.67757475,-79.01421991,282.0140843006621,252.8679575180662,0.0,0.6147999999999998,6.484280127330003,7.391279394075142,3.3799999999999995e-05,0.0,13,14,6.484280127330003,7.391279394075142,2.89
mvc-1200003728,482,1716,945,3363,0.2,0.0,-91.38145442,-107.56221096,151.42988194402463,207.52364195425176,0.0,0.7912000000000003,4.0798255534748735,3.560489296826244,14.000000699999998,4.9999997,13,16,4.0798255534748735,3.560489296826244,1.96
mvc-1200003728,361,1287,687,2445,0.2,0.12,-91.38145442,-107.56221096,151.42988194402463,207.52364195425176,0.0,0.7912000000000003,4.0798255534748735,3.560489296826244,14.000000699999998,4.9999997,13,16,4.0798255534748735,3.560489296826244,1.9
mvc-1200007725,87,588,283,1902,0.2,0.22,-422.4311614,-486.96321244,1284.2565898238793,1219.5630298624667,0.0,0.0,6.091458685770579,6.679335934524847,1.94474545,0.0004166125,80,88,6.091458685770579,6.679335934524847,3.24
mvc-1200008339,257,852,812,2689,0.21,0.24,-96.43030722,-110.46473852,234.99156376016583,209.4887197083777,0.6394000000000001,0.0,2.60027419409988,3.302141054535604,2.00075585,3.99999385,14,16,2.60027419409988,3.302141054535604,3.16
mvc-1200007718,122,593,447,2170,0.21,0.33,-457.96344355,-523.61936155,1142.9365938831406,1202.0378285965212,0.7201,0.6067,4.8171262690824665,4.848886584570328,3.970640325,2.9988072875,80,88,4.8171262690824665,4.848886584570328,3.66
mvc-1200005754,106,854,244,1970,0.21,0.08,-132.30076304,-157.11645336,439.60033443908935,416.6687627134349,0.41510000000000025,2.1528,7.282166787949303,8.070392747932573,0.0,0.0,24,28,7.282166787949303,8.070392747932573,2.31
mvc-1200009831,162,796,305,1505,0.21,0.17,-211.78720552,-243.9243751,670.8119556725304,671.6682664035164,1.8265,1.7496,4.567405001973921,4.922111785373034,0.0,0.0,36,42,4.567405001973921,4.922111785373034,1.89
mvc-1200000483,111,470,54,229,0.21,0.22,-109.73155495,-112.26604991,230.6686959781641,189.1353521143808,0.0,0.0,3.2883437302702405,4.2238394495042995,2.0203264,1.8450696,13,14,3.2883437302702405,4.2238394495042995,0.49
mvc-1200012619,465,1860,1060,4239,0.21,0.0,-68.46303379,-74.96378221,129.6433621357834,128.61252871883707,0.5127,0.2708999999999997,4.6588155442756065,5.009962237086207,1.00000005,4e-07,12,13,4.6588155442756065,5.009962237086207,2.28
mvc-1200012953,106,393,109,404,0.21,0.2,-17.62607528,-74.15546896,64.05929239965502,226.71971803823425,0.0,0.0,3.109980829652012,3.692894883196727,1.8576532,6.0332274,3,13,3.109980829652012,3.692894883196727,1.03
mvc-1200002863,349,1382,776,3074,0.21,0.11,-74.96378221,-93.13292285,128.61252871883707,195.29050233274518,0.2708999999999997,1.0034,5.009962237086207,3.919402669644305,4e-07,2.99959305,13,16,5.009962237086207,3.919402669644305,2.22
mvc-1200007881,60,372,49,301,0.22,0.03,-108.97148847,-112.11538404,228.2100087666275,238.0570781243898,0.0,0.0,6.328041101934415,6.235822637206187,1.6207165,0.166498,19,20,6.328041101934415,6.235822637206187,0.81
mvc-1200006176,191,991,341,1767,0.22,0.31,-341.23269916,-382.51951972,701.9794570905949,718.7941460849906,0.8441000000000001,0.9345999999999997,4.842247048339691,5.178162879180621,2.00000001875,5.2500951375,48,56,4.842247048339691,5.178162879180621,1.78
mvc-1200014378,268,1288,873,4197,0.22,0.29,-147.30125679,-176.79346423,279.07272306662725,276.3265120451973,0.0,1.6624,4.181506747605045,4.807291454636607,4.0004409125,8.000004625,24,28,4.181506747605045,4.807291454636607,3.26
mvc-1200002354,257,948,40,148,0.22,0.14,-112.10227938,-117.37188333,161.95813667283412,178.14448573635295,0.0,0.24409999999999954,3.7738142135605752,3.884031088877716,1.75291165,2.5e-07,14,16,3.7738142135605752,3.884031088877716,0.16
mvc-1200010086,103,506,377,1859,0.22,0.26,-258.14845574,-292.31038112,684.150782635463,705.4181995024127,0.3338000000000001,0.2359999999999997,4.840785056391578,4.92369560754049,2.4125e-06,0.025785875,48,52,4.840785056391578,4.92369560754049,3.67
mvc-1200006912,191,1003,330,1730,0.22,0.29,-85.52874977,-95.6088885,175.91301836567283,177.21745835207417,0.6663999999999999,1.2385000000000002,4.8307367835422985,5.250658145704736,2.000308725,5.9952625,12,14,4.8307367835422985,5.250658145704736,1.72
mvc-1200007980,147,1125,315,2408,0.22,0.37,-158.36542946,-181.2060152,335.7601483579748,325.1340605645228,1.6341,0.0,6.7212355211994455,7.437426386571183,1.99996555,6.00317085,22,26,6.7212355211994455,7.437426386571183,2.14
mvc-1200000287,224,951,593,2520,0.22,0.22,-71.89201845,-85.31775221,152.4509578493518,190.37803572680423,0.0,0.0,4.692278059133292,4.181475474865857,1.0352998,0.007883825,14,16,4.692278059133292,4.181475474865857,2.65
mvc-1200005367,218,702,174,563,0.24,0.1,-160.62392992,-160.62392992,253.46310094768452,253.46310094768452,0.22970000000000024,0.22970000000000024,3.2248015771621317,3.2248015771621317,2.00000015,2.00000015,22,22,3.2248015771621317,3.2248015771621317,0.8
mvc-1200012657,358,1355,645,2436,0.24,0.15,-89.58710781,-97.15729443,167.32792384888398,197.0976180208215,1.8052,1.4854000000000005,3.969397484558809,3.7793954601618536,9.99999995,3.999999925,14,16,3.969397484558809,3.7793954601618536,1.8
mvc-1200014055,186,530,272,776,0.24,0.29,-82.84498846,-91.90099244,382.12814489914393,336.10476039768287,0.3285,0.0,2.297182426378619,2.851899094458598,0.0018251,3.99999935,14,16,2.297182426378619,2.851899094458598,1.46
mvc-1200004902,466,1889,1311,5313,0.24,0.16,-69.08131571,-82.95180628,147.18437305298036,188.47643821885362,0.0,1.942,4.6411894378383485,4.052651713822258,2.00104635,1.99999965,14,16,4.6411894378383485,4.052651713822258,2.81
mvc-1200009171,183,650,462,1638,0.25,0.15,-279.23155593,-69.08131571,628.0713476936462,147.18437305298036,0.24039999999999995,0.0,2.8340605683309734,4.6411894378383485,4.0006474,2.00104635,40,14,2.8340605683309734,4.6411894378383485,2.52
mvc-1200011394,257,928,641,2314,0.25,0.09,-94.08275459,-121.24423876,188.5234588363249,200.9524737469768,0.0,0.9376000000000002,3.2412014019286577,3.8440935318774963,2.0000018,6.00000005,14,18,3.2412014019286577,3.8440935318774963,2.49
mvc-1200011755,187,528,227,641,0.25,0.24,-84.66992894,-92.79471958,391.32093278805013,337.35961271250096,0.5896,0.0,2.225317299016804,2.820527437426064,0.00014580000000000002,1.99774205,14,16,2.225317299016804,2.820527437426064,1.22
mvc-1200011658,143,604,431,1824,0.25,0.25,-80.29736132,-36.36999375,147.29431100050357,76.28946895156066,0.0,0.0,4.2352731372827765,3.824068022142601,11.9999995,3.999768,13,3,4.2352731372827765,3.824068022142601,3.02
mvc-1200002780,157,824,302,1579,0.26,0.15,-298.22837028,-341.77249687,778.175940580622,873.6927247025225,0.3612000000000002,1.4229000000000005,5.395912394402415,5.1755546153619925,0.0,0.0,52,60,5.395912394402415,5.1755546153619925,1.92
mvc-1200003347,495,1707,793,2737,0.26,0.07,-101.63453854,-107.40816256,155.671892860213,208.55423075886242,2.1137999999999995,1.0150000000000006,4.102385044880542,3.44919805891694,6.0,3.999999825,14,16,4.102385044880542,3.44919805891694,1.6
mvc-1200008387,47,389,49,408,0.26,0.17,-129.33552651,-133.02425274,220.633803242552,229.7331839052971,0.0,0.0,8.414247238986944,8.256651211128299,2.9999536,5.0001191,19,20,8.414247238986944,8.256651211128299,1.05
mvc-1200002867,213,947,413,1836,0.26,0.13,-380.79727706,-423.72222086,690.5052874454988,771.9431782361592,1.0388999999999995,0.11859999999999984,4.377364787284279,4.33382771680076,0.0,0.000174,52,60,4.377364787284279,4.33382771680076,1.94
mvc-1200558132,217,615,651,1840,0.26,0.41,-61.03816712,-68.61587291,141.56171651794364,144.72309826188544,0.0,0.0,2.6062545676479574,2.828195889681083,2.0128433,0.9831679,9,10,2.6062545676479574,2.828195889681083,2.99
mvc-1200009750,165,882,258,1384,0.26,0.3,-215.48263348,-118.55076643,535.8733096750419,189.35668002776225,0.0,0.0,5.604112200847855,3.933827728364672,0.038341,1.99850965,36,18,5.604112200847855,3.933827728364672,1.57
mvc-1200002129,239,945,713,2820,0.27,0.19,-103.41992872,-118.55076643,187.47121416895482,189.35668002776225,1.4176,0.0,3.542825274024792,3.933827728364672,0.0,1.99850965,16,18,3.542825274024792,3.933827728364672,2.99
mvc-1200006076,106,862,246,2006,0.27,0.17,-65.06611761,-77.62961906,224.0061411512177,206.4431544730329,0.0,0.9699999999999998,7.145435698708615,8.144325660679149,1.25e-07,0.0,12,14,7.145435698708615,8.144325660679149,2.33
mvc-1200010451,142,530,384,1430,0.27,0.22,-181.57761791,-195.40663391,381.90651571181655,339.11831136331546,0.1837,0.5161000000000002,3.060826912946412,3.685051801628852,6.00347195,7.9999382,26,28,3.060826912946412,3.685051801628852,2.7
mvc-1200002838,250,991,78,310,0.28,0.14,-106.80825303,-106.80825303,182.8771255354956,182.8771255354956,0.4565000000000001,0.4565000000000001,3.8951838724509376,3.8951838724509376,2.4978221,2.4978221,16,16,3.8951838724509376,3.8951838724509376,0.31
mvc-1200002838,375,1486,277,1099,0.28,0.09,-102.74725984,-106.80825303,162.9300313865643,182.8771255354956,1.4286999999999996,0.4565000000000001,3.876640923201425,3.8951838724509376,4.00000005,2.4978221,14,16,3.876640923201425,3.8951838724509376,0.74
mvc-1200000425,104,357,9,30,0.28,0.15,-327.95446195,-331.45105794,526.4968888250719,500.2391346905447,0.014199999999999768,0.07580000000000009,3.1002440641313567,3.42433755839122,4.03354635,1.9942428,42,44,3.1002440641313567,3.42433755839122,0.08
mvc-1200012664,350,1397,921,3679,0.28,0.16,-69.11302971,-82.24477058,149.79119573071702,191.19372473967326,0.0,2.8628,4.560418616701578,3.9950545521448015,2.0000002,1.000000075,14,16,4.560418616701578,3.9950545521448015,2.63
mvc-1200006187,208,818,421,1653,0.28,0.19,-320.75715006,-354.54182643,684.8403075842656,652.5475071353716,1.1405999999999998,0.2096,3.3910915401615305,3.9300013463721855,0.0,2.00282215,46,52,3.3910915401615305,3.9300013463721855,2.02
mvc-1200006654,162,771,312,1490,0.28,0.27,-69.35689467,-80.28501477,214.19305899340856,233.404543158266,1.5413,1.6484,4.768081493273956,4.721453783191198,0.0,0.0,12,14,4.768081493273956,4.721453783191198,1.93
mvc-1200005993,165,876,186,988,0.29,0.19,-73.10184539,-80.80326718,185.11466825136569,203.22645890635243,2.0896000000000003,0.19620000000000007,5.407628653861806,5.322880656593453,0.0,0.0,12,14,5.407628653861806,5.322880656593453,1.13
mvc-1200016013,147,1176,251,2003,0.3,0.31,-79.82599469,-89.82962918,168.10937281308247,151.41997315402833,1.7018,0.7349000000000006,6.712067857917779,7.984946076947852,0.0,0.0,11,13,6.712067857917779,7.984946076947852,1.7
mvc-1200000485,69,381,106,587,0.3,0.29,-75.9871441,-80.59967861,243.44844776033523,233.95493860402507,0.0,0.0,5.131792035701117,5.512541066167941,1.84e-05,5.1e-06,13,14,5.131792035701117,5.512541066167941,1.54
mvc-1200004843,118,997,161,1362,0.3,0.26,-89.51773301,-98.13334506,188.80101169354145,185.65700182767898,0.0,1.1872000000000005,7.5933651103208035,8.156728821501618,1.99999905,5.99215775,12,14,7.5933651103208035,8.156728821501618,1.37
mvc-1200003950,465,1608,777,2685,0.31,0.06,-103.38866819,-123.11951646,203.79937295317,221.39702332651933,1.6227999999999998,1.2300000000000004,2.9638839042414458,3.457477770738888,0.0,4.0000057,14,18,2.9638839042414458,3.457477770738888,1.67
mvc-1200012610,500,1963,485,1906,0.32,0.08,-97.96786545,-106.48310423,157.67043869147287,181.3294457657307,0.6118999999999999,0.0,3.7499852910374667,3.9284299746129383,5.9999998,2.50000005,13,16,3.7499852910374667,3.9284299746129383,0.97
mvc-1200006890,149,737,143,708,0.33,0.21,-550.34670801,-578.44933569,1094.4230244563546,963.4633274599832,2.9590000000000005,1.1501,4.0785209591587614,4.9680172747079165,1.9828941625,3.9363348,72,80,4.0785209591587614,4.9680172747079165,0.96
mvc-1200006307,162,901,220,1225,0.34,0.16,-141.53696422,-158.87622765,392.5261437239634,398.9675689274988,1.0866999999999996,1.1304999999999996,5.203678669069292,5.524302470353758,0.0,0.0,24,28,5.203678669069292,5.524302470353758,1.36
mvc-1200008358,181,739,232,947,0.34,0.12,-99.17204466,-107.45110302,276.6003594124331,241.50588955364304,1.5101999999999998,0.0,3.26436576971264,4.072958840500965,1.99921715,3.99489385,14,16,3.26436576971264,4.072958840500965,1.28
mvc-1200010203,118,963,164,1347,0.34,0.32,-266.49891432,-292.89378297,569.7317347675963,555.4816136499911,1.7347,0.7439,7.549000314534769,8.178599149866379,2.0000000083333336,5.966946366666666,36,42,7.549000314534769,8.178599149866379,1.4
mvc-1200001387,140,666,145,688,0.34,0.2,-289.67154189,-308.8828014,587.9132157257479,582.1555453460325,2.7679,1.6418,4.042182835638878,4.3594711674732185,1.999730725,4.01001835,40,44,4.042182835638878,4.3594711674732185,1.03
mvc-1200006762,106,761,227,1635,0.34,0.18,-130.08399616,-153.47275205,539.0719869835706,472.1425234840146,0.6223,0.4626999999999999,5.9384331457039865,7.122172635666852,0.0,0.0,24,28,5.9384331457039865,7.122172635666852,2.15
mvc-1200008117,154,669,221,958,0.35,0.04,-83.03656953,-91.96218185,200.5997257232417,268.41710860112283,0.3842000000000003,0.0,5.356065235551196,4.30354095520172,0.0,2.15e-06,14,16,5.356065235551196,4.30354095520172,1.43
mvc-1200009603,162,868,302,1622,0.35,0.34,-68.83946138,-79.27558873,227.36781668779344,206.13662967425168,0.0,0.5551000000000004,4.491796488403528,5.346011356885293,1.7e-06,0.0,12,14,4.491796488403528,5.346011356885293,1.87
mvc-1200009231,126,558,171,754,0.36,0.22,-281.72429411,-299.06429119,724.2078001631967,632.9088309868448,0.9078,0.9613999999999998,3.666957160965253,4.450999016575079,4.000364275,6.000000075,40,44,3.666957160965253,4.450999016575079,1.35
mvc-1200010457,118,971,159,1311,0.37,0.34,-265.79706362,-291.57656222,550.5074039371752,552.6995512935068,1.6055,0.6503000000000005,7.812619801661831,8.219766856209485,1.998152666666667,5.9675605833333325,36,42,7.812619801661831,8.219766856209485,1.35
mvc-1200005801,209,1299,166,1033,0.4,0.0,-120.15260301,-33.2211394,230.44245631580543,68.50749793785285,1.131,1.1672000000000002,6.682386366091229,6.208601922907399,7.575e-06,2.0,4,5,6.682386366091229,6.208601922907399,0.79
mvc-1200006035,165,959,180,1049,0.4,0.31,-71.73540027,-79.32479971,170.7063877001791,186.2245268174923,0.4051999999999998,0.0,5.864053464972695,5.808849164539787,0.0,0.0,12,14,5.864053464972695,5.808849164539787,1.09
mvc-1200008374,114,763,177,1188,0.44,0.43,-102.78655407,-110.69719963,272.67780642014986,234.18453339169812,2.3903000000000003,0.35329999999999995,5.452479947448679,6.693392819980858,2.0000688,0.0027695,14,16,5.452479947448679,6.693392819980858,1.56
mvc-1200003752,196,1260,494,3172,0.44,0.33,-71.04027518,-97.48024869,260.4173075052384,282.5016625371321,0.0,1.8327,6.35041023266765,6.4254288753972695,0.11872065,5e-08,14,18,6.35041023266765,6.4254288753972695,2.52
mvc-1200007794,191,1036,60,326,0.45,0.09,-91.66489369,-95.9150506,186.00506457805298,188.3868704190413,0.14590000000000014,1.3003,4.785616412700829,4.939347891854762,9.9948861,5.99531485,13,14,4.785616412700829,4.939347891854762,0.31
mvc-1200006075,162,925,205,1176,0.47,0.28,-69.26262052,-77.58730368,196.11261564512063,192.79548958000325,0.0,0.3266,5.207670894677693,5.715946808243734,5.75e-07,0.0,12,14,5.207670894677693,5.715946808243734,1.27
mvc-1200003351,189,1053,245,1370,0.48,0.0,-54.89634545,-69.26262052,164.86262008252083,196.11261564512063,3.444,0.0,5.2342229881179545,5.207670894677693,2.0,5.75e-07,10,12,5.2342229881179545,5.207670894677693,1.3
mvc-1200008751,84,436,110,572,0.49,0.39,-16.99858852,-72.21136414,46.76395073260128,204.52071031257648,0.0,0.0,5.459814368625512,5.190913723695024,2.81e-05,4e-06,3,13,5.459814368625512,5.190913723695024,1.31
mvc-1200013651,327,1435,473,2079,0.49,1.05,-29.86212491,-34.38938323,56.350560187999456,62.02786826390415,0.0,0.0,4.1167816069047625,4.3906450231245495,1.69446565,2.8846611,4,5,4.1167816069047625,4.3906450231245495,1.45
mvc-1200009989,118,1033,187,1641,0.51,0.59,-95.14280814,-95.14280814,172.07830052072066,172.07830052072066,0.6947999999999999,0.6947999999999999,8.800376416659565,8.800376416659565,2.9998689,2.9998689,14,14,8.800376416659565,8.800376416659565,1.59
mvc-1200000931,52,426,157,1282,0.76,1.03,-88.99838208,-93.08007766,233.87903936871865,209.1140855175433,0.0,0.0,7.104834465791536,8.139247324673873,9.9996804,11.9835897,13,14,7.104834465791536,8.139247324673873,3.01
