,Battid,Discharged_ID,Charged_ID,Reduced_Cell_Formula,Type,Spacegroup,Average_Voltage,Capacity_Grav,Capacity_Vol,Specific_E_Wh/kg,E Density Wh/l,Stability Charge,Stability Discharge,Ge_vol,Se_vol,Ni_vol,Ti_vol,N_vol,Cu_vol,Fe_vol,Co_vol,O_vol,Pr_vol,P_vol,Ta_vol,Sn_vol,Ba_vol,Sb_vol,Sr_vol,La_vol,Mg_vol,W_vol,Mo_vol,Nb_vol,Te_vol,Cr_vol,Bi_vol,Si_vol,As_vol,Mn_vol,F_vol,V_vol,S_vol
0,mvc-1200540570,mvc-12771,mp-540570,Mg0.5 –1VO3,intercalation,Ccmm,2.58,217,612,561,1580,0.02,0.0,0.0,0.0,0.0,0.0,0.0,0.0,0.0,0.0,41.27567892601311,0.0,0.0,0.0,0.0,0.0,0.0,0.0,0.0,13.75855964200437,0.0,0.0,0.0,0.0,0.0,0.0,0.0,0.0,0.0,0.0,13.75855964200437,0.0
1,mvc-1200001234,mp-1048259,mp-32334,Mg0 –1NiP2O7,intercalation,P21/c,4.44,209,732,926,3250,0.16,0.0,0.0,0.0,7.773016910314057,0.0,0.0,0.0,0.0,0.0,54.4111183721984,0.0,15.546033820628114,0.0,0.0,0.0,0.0,0.0,0.0,0.0,0.0,0.0,0.0,0.0,0.0,0.0,0.0,0.0,0.0,0.0,0.0,0.0
2,mvc-1200000091,mvc-91,mvc-14769,Mg0 –0.5CrS2,intercalation,Fd3m,1.65,209,670,345,1107,0.07,0.0,0.0,0.0,0.0,0.0,0.0,0.0,0.0,0.0,0.0,0.0,0.0,0.0,0.0,0.0,0.0,0.0,0.0,0.0,0.0,0.0,0.0,0.0,18.31495995564029,0.0,0.0,0.0,0.0,0.0,0.0,36.62991991128058
3,mvc-1200011622,mp-18900,mp-776137,Mg0 –0.5VO2,intercalation,Fd3m,2.36,282,1129,665,2664,0.1,0.0,0.0,0.0,0.0,0.0,0.0,0.0,0.0,0.0,55.129512601712875,0.0,0.0,0.0,0.0,0.0,0.0,0.0,0.0,0.0,0.0,0.0,0.0,0.0,0.0,0.0,0.0,0.0,0.0,0.0,27.564756300856438,0.0
4,mvc-1200010960,mp-566152,mvc-11632,Mg0 –1VBiO5,intercalation,P21/c,4.2,147,762,618,3203,0.29,0.0,0.0,0.0,0.0,0.0,0.0,0.0,0.0,0.0,40.832929117892235,0.0,0.0,0.0,0.0,0.0,0.0,0.0,0.0,0.0,0.0,0.0,0.0,0.0,0.0,8.166585823578448,0.0,0.0,0.0,0.0,8.166585823578448,0.0
5,mvc-1200002206,mp-1045790,mvc-2213,MgFe(PO3)4,intercalation,C2/c,4.03,135,400,546,1614,0.06,0.0,0.0,0.0,0.0,0.0,0.0,0.0,4.349676214930786,0.0,52.196114579169425,0.0,17.398704859723143,0.0,0.0,0.0,0.0,0.0,0.0,0.0,0.0,0.0,0.0,0.0,0.0,0.0,0.0,0.0,0.0,0.0,0.0,0.0
6,mvc-1200554955,mp-554955,mvc-11142,Mg0 –1CrF6,intercalation,R3,5.2,282,837,1466,4353,0.0,0.0,0.0,0.0,0.0,0.0,0.0,0.0,0.0,0.0,0.0,0.0,0.0,0.0,0.0,0.0,0.0,0.0,0.0,0.0,0.0,0.0,0.0,0.0,8.66780522395469,0.0,0.0,0.0,0.0,52.006831343728145,0.0,0.0
7,mvc-1200002204,mp-1045786,mp-32343,MgNi(PO3)4,intercalation,C2/c,4.98,134,411,670,2050,0.1,0.0,0.0,0.0,4.4662231984595415,0.0,0.0,0.0,0.0,0.0,53.59467838151449,0.0,17.864892793838166,0.0,0.0,0.0,0.0,0.0,0.0,0.0,0.0,0.0,0.0,0.0,0.0,0.0,0.0,0.0,0.0,0.0,0.0,0.0
8,mvc-1200016516,mp-555257,mvc-11923,Mg1.5 –2BiPO6,intercalation,Ccmm,4.39,70,349,306,1533,0.16,0.0,0.0,0.0,0.0,0.0,0.0,0.0,0.0,0.0,46.54487523221063,0.0,7.757479205368438,0.0,0.0,0.0,0.0,0.0,0.0,11.636218808052657,0.0,0.0,0.0,0.0,0.0,7.757479205368438,0.0,0.0,0.0,0.0,0.0,0.0
9,mvc-1200001236,mp-1048269,mp-690058,Mg0 –1FeP2O7,intercalation,P21/c,3.68,211,701,777,2580,0.11,0.0,0.0,0.0,0.0,0.0,0.0,0.0,7.846255081217128,0.0,54.9237855685199,0.0,15.692510162434257,0.0,0.0,0.0,0.0,0.0,0.0,0.0,0.0,0.0,0.0,0.0,0.0,0.0,0.0,0.0,0.0,0.0,0.0,0.0
10,mvc-1200012383,mp-770397,mp-25595,Mg0 –0.5NiO2,intercalation,I41/amd,3.39,261,1238,885,4201,0.1,0.0,0.0,0.0,32.401993333771934,0.0,0.0,0.0,0.0,0.0,64.80398666754387,0.0,0.0,0.0,0.0,0.0,0.0,0.0,0.0,0.0,0.0,0.0,0.0,0.0,0.0,0.0,0.0,0.0,0.0,0.0,0.0,0.0
11,mvc-1200002239,mp-1045828,mp-32527,MgV(PO3)4,intercalation,C2/c,3.15,137,395,432,1243,0.03,0.0,0.0,0.0,0.0,0.0,0.0,0.0,0.0,0.0,54.59065838966228,0.0,18.196886129887428,0.0,0.0,0.0,0.0,0.0,0.0,0.0,0.0,0.0,0.0,0.0,0.0,0.0,0.0,0.0,0.0,0.0,4.549221532471857,0.0
12,mvc-1200008347,mp-1043162,mp-1043316,MgNi(GeO3)2,intercalation,C2/c,4.26,165,797,705,3399,0.22,0.0,17.63690015752798,0.0,8.81845007876399,0.0,0.0,0.0,0.0,0.0,52.91070047258394,0.0,0.0,0.0,0.0,0.0,0.0,0.0,0.0,0.0,0.0,0.0,0.0,0.0,0.0,0.0,0.0,0.0,0.0,0.0,0.0,0.0
13,mvc-1200006876,mp-1041845,mp-1042331,MgMn(SiO3)2,intercalation,Pcab,3.54,232,789,819,2791,0.21,0.0,0.0,0.0,0.0,0.0,0.0,0.0,0.0,0.0,47.34744773746098,0.0,0.0,0.0,0.0,0.0,0.0,0.0,0.0,0.0,0.0,0.0,0.0,0.0,0.0,0.0,15.78248257915366,0.0,7.89124128957683,0.0,0.0,0.0
14,mvc-1200013940,mvc-13940,mp-558836,Mg0 –1MoF6,intercalation,R3,3.67,229,755,839,2767,0.01,0.0,0.0,0.0,0.0,0.0,0.0,0.0,0.0,0.0,0.0,0.0,0.0,0.0,0.0,0.0,0.0,0.0,0.0,0.0,0.0,6.987022473205965,0.0,0.0,0.0,0.0,0.0,0.0,0.0,41.92213483923579,0.0,0.0
15,mvc-1200019202,mp-19202,mvc-11581,Mg0 –0.5CrO2,intercalation,Fd3m,3.53,279,1163,983,4102,0.17,0.0,0.0,0.0,0.0,0.0,0.0,0.0,0.0,0.0,57.586964085268164,0.0,0.0,0.0,0.0,0.0,0.0,0.0,0.0,0.0,0.0,0.0,0.0,0.0,28.793482042634082,0.0,0.0,0.0,0.0,0.0,0.0,0.0
16,mvc-1200006878,mp-1041840,mp-1042286,MgCo(SiO3)2,intercalation,Pcab,3.45,228,812,786,2801,0.15,0.0,0.0,0.0,0.0,0.0,0.0,0.0,0.0,7.861699692003618,47.170198152021705,0.0,0.0,0.0,0.0,0.0,0.0,0.0,0.0,0.0,0.0,0.0,0.0,0.0,0.0,0.0,15.723399384007235,0.0,0.0,0.0,0.0,0.0
17,mvc-1200008631,mp-1043493,mp-1043501,MgFe(GeO3)2,intercalation,C2/c,3.32,167,766,554,2547,0.11,0.0,16.722138011823226,0.0,0.0,0.0,0.0,0.0,8.361069005911613,0.0,50.16641403546968,0.0,0.0,0.0,0.0,0.0,0.0,0.0,0.0,0.0,0.0,0.0,0.0,0.0,0.0,0.0,0.0,0.0,0.0,0.0,0.0,0.0
18,mvc-1200002646,mp-2646,mp-80,Mg0 –1.5Sb,intercalation,P3m1,0.4,508,2001,204,803,0.28,0.0,0.0,0.0,0.0,0.0,0.0,0.0,0.0,0.0,0.0,0.0,0.0,0.0,0.0,0.0,36.48427400681984,0.0,0.0,0.0,0.0,0.0,0.0,0.0,0.0,0.0,0.0,0.0,0.0,0.0,0.0,0.0
19,mvc-1200019067,mp-19067,mvc-14468,MgV3(FeO6)2,intercalation,P1,4.22,109,367,459,1548,0.11,0.0,0.0,0.0,0.0,0.0,0.0,0.0,8.120721520729688,0.0,48.72432912437813,0.0,0.0,0.0,0.0,0.0,0.0,0.0,0.0,2.030180380182422,0.0,0.0,0.0,0.0,0.0,0.0,0.0,0.0,0.0,0.0,12.181082281094533,0.0
20,mvc-1200009197,mp-1044303,mp-1044382,MgTiCr(PO4)3,intercalation,R3c,3.89,131,401,510,1561,0.05,0.0,0.0,0.0,0.0,4.301424076717471,0.0,0.0,0.0,0.0,51.61708892060966,0.0,12.904272230152415,0.0,0.0,0.0,0.0,0.0,0.0,0.0,0.0,0.0,0.0,0.0,4.301424076717471,0.0,0.0,0.0,0.0,0.0,0.0,0.0
21,mvc-1200002198,mp-1045773,mp-1045799,MgCo(PO3)4,intercalation,C2/c,4.55,134,405,611,1842,0.06,0.0,0.0,0.0,0.0,0.0,0.0,0.0,0.0,4.3833249458328005,52.599899349993606,0.0,17.533299783331202,0.0,0.0,0.0,0.0,0.0,0.0,0.0,0.0,0.0,0.0,0.0,0.0,0.0,0.0,0.0,0.0,0.0,0.0,0.0
22,mvc-1200001216,mp-1048235,mp-689964,Mg0 –1CoP2O7,intercalation,P21/c,4.15,208,716,865,2973,0.12,0.0,0.0,0.0,0.0,0.0,0.0,0.0,0.0,7.410269520550248,51.87188664385173,0.0,14.820539041100496,0.0,0.0,0.0,0.0,0.0,0.0,0.0,0.0,0.0,0.0,0.0,0.0,0.0,0.0,0.0,0.0,0.0,0.0,0.0
23,mvc-1200002343,mp-2343,mp-55,Mg0 –2Sn,intercalation,Fm3m,0.16,641,2248,101,355,0.05,0.0,0.0,0.0,0.0,0.0,0.0,0.0,0.0,0.0,0.0,0.0,0.0,0.0,35.94103243943757,0.0,0.0,0.0,0.0,0.0,0.0,0.0,0.0,0.0,0.0,0.0,0.0,0.0,0.0,0.0,0.0,0.0
24,mvc-1200012825,mp-769657,mp-540000,Mg0 –0.5CoO2,intercalation,Fd3m,3.35,260,1309,872,4389,0.06,0.0,0.0,0.0,0.0,0.0,0.0,0.0,0.0,31.6176016376343,63.2352032752686,0.0,0.0,0.0,0.0,0.0,0.0,0.0,0.0,0.0,0.0,0.0,0.0,0.0,0.0,0.0,0.0,0.0,0.0,0.0,0.0,0.0
25,mvc-1200032006,mp-32006,mp-25545,Mg0 –0.5MnO2,intercalation,I41/amd,2.86,270,1113,775,3189,0.03,0.0,0.0,0.0,0.0,0.0,0.0,0.0,0.0,0.0,57.042073429678176,0.0,0.0,0.0,0.0,0.0,0.0,0.0,0.0,0.0,0.0,0.0,0.0,0.0,0.0,0.0,0.0,0.0,28.521036714839088,0.0,0.0,0.0
26,mvc-1200005692,mvc-5692,mp-714969,Mg0 –0.5MoO2,intercalation,R3m,2.32,191,999,444,2319,0.23,0.0,0.0,0.0,0.0,0.0,0.0,0.0,0.0,0.0,43.53662100658949,0.0,0.0,0.0,0.0,0.0,0.0,0.0,0.0,0.0,0.0,21.768310503294746,0.0,0.0,0.0,0.0,0.0,0.0,0.0,0.0,0.0,0.0
27,mvc-1200008349,mp-1043189,mp-1043245,MgCo(GeO3)2,intercalation,C2/c,3.76,165,785,621,2950,0.17,0.0,17.084195461539984,0.0,0.0,0.0,0.0,0.0,0.0,8.542097730769992,51.252586384619946,0.0,0.0,0.0,0.0,0.0,0.0,0.0,0.0,0.0,0.0,0.0,0.0,0.0,0.0,0.0,0.0,0.0,0.0,0.0,0.0,0.0
28,mvc-1200540570,mp-540570,mvc-12771,Mg0.5 –1VO3,intercalation,Ccmm,2.58,217,612,561,1580,0.02,0.0,0.0,0.0,0.0,0.0,0.0,0.0,0.0,0.0,42.53624843491036,0.0,0.0,0.0,0.0,0.0,0.0,0.0,0.0,7.089374739151727,0.0,0.0,0.0,0.0,0.0,0.0,0.0,0.0,0.0,0.0,14.178749478303454,0.0
29,mvc-1200001233,mp-1048275,mp-697788,Mg0 –1MnP2O7,intercalation,P21/c,4.02,212,688,850,2762,0.12,0.0,0.0,0.0,0.0,0.0,0.0,0.0,0.0,0.0,52.33527649233277,0.0,14.952936140666504,0.0,0.0,0.0,0.0,0.0,0.0,0.0,0.0,0.0,0.0,0.0,0.0,0.0,0.0,0.0,7.476468070333252,0.0,0.0,0.0
30,mvc-1200772325,mp-772325,mp-765763,MgCr(SO4)2,intercalation,R3,5.07,71,200,359,1014,0.06,0.0,0.0,0.0,0.0,0.0,0.0,0.0,0.0,0.0,53.11626022517587,0.0,0.0,0.0,0.0,0.0,0.0,0.0,0.0,0.0,0.0,0.0,0.0,0.0,6.639532528146984,0.0,0.0,0.0,0.0,0.0,0.0,13.279065056293968
31,mvc-1200565256,mp-565256,mvc-13593,MgFe(SiO3)2,intercalation,Pcab,3.39,231,800,782,2711,0.19,0.0,0.0,0.0,0.0,0.0,0.0,0.0,8.591988107726333,0.0,51.551928646358,0.0,0.0,0.0,0.0,0.0,0.0,0.0,0.0,4.295994053863167,0.0,0.0,0.0,0.0,0.0,0.0,17.183976215452667,0.0,0.0,0.0,0.0,0.0
32,mvc-1200008763,mp-1043685,mp-774537,MgTi2(PO4)3,intercalation,R3c,2.6,132,398,344,1032,0.01,0.01,0.0,0.0,0.0,8.60591306085779,0.0,0.0,0.0,0.0,51.63547836514673,0.0,12.908869591286683,0.0,0.0,0.0,0.0,0.0,0.0,0.0,0.0,0.0,0.0,0.0,0.0,0.0,0.0,0.0,0.0,0.0,0.0,0.0
33,mvc-1200007974,mp-1042773,mp-1042875,Mg0 –1MnAs2O7,intercalation,P21/c,3.92,157,615,616,2411,0.14,0.01,0.0,0.0,0.0,0.0,0.0,0.0,0.0,0.0,46.7114065105462,0.0,0.0,0.0,0.0,0.0,0.0,0.0,0.0,0.0,0.0,0.0,0.0,0.0,0.0,0.0,0.0,13.346116145870342,6.673058072935171,0.0,0.0,0.0
34,mvc-1200010592,mp-1047859,mp-1048114,Mg0 –1BaCrF7,intercalation,P21/c,4.89,155,652,757,3191,0.0,0.01,0.0,0.0,0.0,0.0,0.0,0.0,0.0,0.0,0.0,0.0,0.0,0.0,0.0,7.279969443306885,0.0,0.0,0.0,0.0,0.0,0.0,0.0,0.0,7.279969443306885,0.0,0.0,0.0,0.0,50.9597861031482,0.0,0.0
35,mvc-1200009917,mp-1048838,mvc-12204,Mg0 –0.5FeO2,intercalation,P3m1,3.86,268,1137,1034,4384,0.24,0.01,0.0,0.0,0.0,0.0,0.0,0.0,26.836690693605355,0.0,53.67338138721071,0.0,0.0,0.0,0.0,0.0,0.0,0.0,0.0,0.0,0.0,0.0,0.0,0.0,0.0,0.0,0.0,0.0,0.0,0.0,0.0,0.0
36,mvc-1200007990,mp-1042809,mp-1042861,Mg0 –1FeAs2O7,intercalation,P21/c,3.75,157,623,587,2335,0.12,0.01,0.0,0.0,0.0,0.0,0.0,0.0,6.448974755904334,0.0,45.142823291330345,0.0,0.0,0.0,0.0,0.0,0.0,0.0,0.0,0.0,0.0,0.0,0.0,0.0,0.0,0.0,0.0,12.897949511808669,0.0,0.0,0.0,0.0
37,mvc-1200001224,mp-1048245,mp-32442,Mg0 –1VP2O7,intercalation,P21/c,2.73,215,694,587,1894,0.11,0.01,0.0,0.0,0.0,0.0,0.0,0.0,0.0,0.0,59.028708033705,0.0,16.865345152487144,0.0,0.0,0.0,0.0,0.0,0.0,0.0,0.0,0.0,0.0,0.0,0.0,0.0,0.0,0.0,0.0,0.0,8.432672576243572,0.0
38,mvc-1200001258,mp-1048266,mp-540430,Mg0 –1CrP2O7,intercalation,P21/c,3.26,214,679,699,2218,0.11,0.01,0.0,0.0,0.0,0.0,0.0,0.0,0.0,0.0,58.43152968988826,0.0,16.694722768539503,0.0,0.0,0.0,0.0,0.0,0.0,0.0,0.0,0.0,0.0,0.0,8.347361384269751,0.0,0.0,0.0,0.0,0.0,0.0,0.0
39,mvc-1200006952,mp-1042026,mp-694636,Mg0 –1MnP2O7,intercalation,P1,3.82,212,690,809,2638,0.09,0.01,0.0,0.0,0.0,0.0,0.0,0.0,0.0,0.0,52.165613883561505,0.0,14.904461109589,0.0,0.0,0.0,0.0,0.0,0.0,0.0,0.0,0.0,0.0,0.0,0.0,0.0,0.0,0.0,7.4522305547945,0.0,0.0,0.0
40,mvc-1200002205,mp-1045788,mp-687212,MgCr(PO3)4,intercalation,C2/c,3.59,137,396,490,1422,0.07,0.01,0.0,0.0,0.0,0.0,0.0,0.0,0.0,0.0,54.60040302440389,0.0,18.200134341467965,0.0,0.0,0.0,0.0,0.0,0.0,0.0,0.0,0.0,0.0,0.0,4.550033585366991,0.0,0.0,0.0,0.0,0.0,0.0,0.0
41,mvc-1200006885,mp-1041887,mvc-7342,Mg0 –1Si2NiO6,intercalation,Pcab,4.33,228,820,987,3552,0.28,0.01,0.0,0.0,7.911192125001975,0.0,0.0,0.0,0.0,0.0,47.46715275001185,0.0,0.0,0.0,0.0,0.0,0.0,0.0,0.0,0.0,0.0,0.0,0.0,0.0,0.0,0.0,15.82238425000395,0.0,0.0,0.0,0.0,0.0
42,mvc-1200008356,mp-1043243,mp-1043444,MgNi(GeO3)2,intercalation,P21/c,4.24,165,774,702,3286,0.22,0.01,16.995816828778878,0.0,8.497908414389439,0.0,0.0,0.0,0.0,0.0,50.987450486336634,0.0,0.0,0.0,0.0,0.0,0.0,0.0,0.0,0.0,0.0,0.0,0.0,0.0,0.0,0.0,0.0,0.0,0.0,0.0,0.0,0.0
43,mvc-1200016575,mp-25139,mvc-13124,Mg1.5 –2VBiO6,intercalation,Ccmm,4.48,66,320,297,1433,0.17,0.01,0.0,0.0,0.0,0.0,0.0,0.0,0.0,0.0,42.60034172635314,0.0,0.0,0.0,0.0,0.0,0.0,0.0,0.0,10.650085431588286,0.0,0.0,0.0,0.0,0.0,7.100056954392191,0.0,0.0,0.0,0.0,7.100056954392191,0.0
44,mvc-1200007992,mp-1042817,mp-1042747,Mg0 –1NiAs2O7,intercalation,P21/c,4.64,155,644,722,2992,0.26,0.01,0.0,0.0,6.615963748585796,0.0,0.0,0.0,0.0,0.0,46.311746240100575,0.0,0.0,0.0,0.0,0.0,0.0,0.0,0.0,0.0,0.0,0.0,0.0,0.0,0.0,0.0,0.0,13.231927497171592,0.0,0.0,0.0,0.0
45,mvc-1200005948,mp-27872,mp-25262,Mg0 –0.5TiO2,intercalation,Fd3m,1.31,291,1141,381,1492,0.18,0.01,0.0,0.0,0.0,26.628545611749388,0.0,0.0,0.0,0.0,53.257091223498776,0.0,0.0,0.0,0.0,0.0,0.0,0.0,0.0,0.0,0.0,0.0,0.0,0.0,0.0,0.0,0.0,0.0,0.0,0.0,0.0,0.0
46,mvc-1200008596,mp-1043530,mp-1044639,MgFe(GeO3)2,intercalation,P21/c,3.33,167,738,556,2459,0.12,0.01,16.728889882396828,0.0,0.0,0.0,0.0,0.0,8.364444941198414,0.0,50.186669647190485,0.0,0.0,0.0,0.0,0.0,0.0,0.0,0.0,0.0,0.0,0.0,0.0,0.0,0.0,0.0,0.0,0.0,0.0,0.0,0.0,0.0
47,mvc-1200002201,mp-1045783,mp-31998,MgMn(PO3)4,intercalation,C2/c,4.3,136,391,584,1684,0.06,0.01,0.0,0.0,0.0,0.0,0.0,0.0,0.0,0.0,53.02610301354344,0.0,17.675367671181146,0.0,0.0,0.0,0.0,0.0,0.0,0.0,0.0,0.0,0.0,0.0,0.0,0.0,0.0,0.0,4.4188419177952865,0.0,0.0,0.0
48,mvc-1200010040,mp-1040870,mp-1040930,Mg0 –1Mo2P2O9,intercalation,Pmcn,2.01,127,500,255,1006,0.03,0.02,0.0,0.0,0.0,0.0,0.0,0.0,0.0,0.0,47.54233086144446,0.0,10.564962413654325,0.0,0.0,0.0,0.0,0.0,0.0,0.0,0.0,10.564962413654325,0.0,0.0,0.0,0.0,0.0,0.0,0.0,0.0,0.0,0.0
49,mvc-1200566620,mp-566620,mvc-12122,Mg0 –0.5VCuO4,intercalation,P21/c,3.83,141,552,539,2117,0.12,0.02,0.0,0.0,0.0,0.0,0.0,12.55808190318468,0.0,0.0,50.23232761273872,0.0,0.0,0.0,0.0,0.0,0.0,0.0,0.0,0.0,0.0,0.0,0.0,0.0,0.0,0.0,0.0,0.0,0.0,0.0,12.55808190318468,0.0
50,mvc-1200010032,mp-1040938,mvc-13203,Mg0 –0.5CoO2,intercalation,P3m1,3.34,260,1309,868,4371,0.08,0.02,0.0,0.0,0.0,0.0,0.0,0.0,0.0,30.944323709406486,61.88864741881297,0.0,0.0,0.0,0.0,0.0,0.0,0.0,0.0,0.0,0.0,0.0,0.0,0.0,0.0,0.0,0.0,0.0,0.0,0.0,0.0,0.0
51,mvc-1200010106,mp-1040943,mvc-5548,Mg0 –0.5VO2,intercalation,P3m1,2.47,282,1131,696,2792,0.16,0.02,0.0,0.0,0.0,0.0,0.0,0.0,0.0,0.0,53.40859395581231,0.0,0.0,0.0,0.0,0.0,0.0,0.0,0.0,0.0,0.0,0.0,0.0,0.0,0.0,0.0,0.0,0.0,0.0,0.0,26.704296977906154,0.0
52,mvc-1200010142,mvc-15456,mvc-15135,Mg0 –0.5FeO2,intercalation,P3m1,3.87,268,1134,1038,4392,0.26,0.02,0.0,0.0,0.0,0.0,0.0,0.0,27.15653060527912,0.0,54.31306121055824,0.0,0.0,0.0,0.0,0.0,0.0,0.0,0.0,0.0,0.0,0.0,0.0,0.0,0.0,0.0,0.0,0.0,0.0,0.0,0.0,0.0
53,mvc-1200006880,mp-1041862,mp-1042355,MgCr(SiO3)2,intercalation,Pcab,2.7,235,794,632,2140,0.15,0.02,0.0,0.0,0.0,0.0,0.0,0.0,0.0,0.0,47.65758793033744,0.0,0.0,0.0,0.0,0.0,0.0,0.0,0.0,0.0,0.0,0.0,0.0,0.0,7.942931321722908,0.0,15.885862643445815,0.0,0.0,0.0,0.0,0.0
54,mvc-1200003035,mp-1046508,mp-1046640,MgNi5(TeO6)3,intercalation,C2/c,3.93,202,1053,793,4137,0.19,0.02,0.0,0.0,16.15258772863983,0.0,0.0,0.0,0.0,0.0,58.14931582310338,0.0,0.0,0.0,0.0,0.0,0.0,0.0,0.0,0.0,0.0,0.0,0.0,9.691552637183896,0.0,0.0,0.0,0.0,0.0,0.0,0.0,0.0
55,mvc-1200006446,mp-1041475,mp-1041708,MgMn3(AsO4)4,intercalation,P21/c,3.69,203,768,748,2832,0.18,0.02,0.0,0.0,0.0,0.0,0.0,0.0,0.0,0.0,50.317931463542024,0.0,0.0,0.0,0.0,0.0,0.0,0.0,0.0,0.0,0.0,0.0,0.0,0.0,0.0,0.0,0.0,12.579482865885506,9.43461214941413,0.0,0.0,0.0
56,mvc-1200010048,mp-1040921,mvc-5444,Mg0 –0.5MnO2,intercalation,Cm,3.0,270,1124,811,3368,0.09,0.02,0.0,0.0,0.0,0.0,0.0,0.0,0.0,0.0,57.15912988907483,0.0,0.0,0.0,0.0,0.0,0.0,0.0,0.0,0.0,0.0,0.0,0.0,0.0,0.0,0.0,0.0,0.0,28.579564944537417,0.0,0.0,0.0
57,mvc-1200005115,mvc-5115,mp-25633,MgV(SiO3)2,intercalation,C2/c,1.8,236,773,423,1388,0.07,0.02,0.0,0.0,0.0,0.0,0.0,0.0,0.0,0.0,56.20044814200066,0.0,0.0,0.0,0.0,0.0,0.0,0.0,0.0,0.0,0.0,0.0,0.0,0.0,0.0,0.0,18.733482714000218,0.0,0.0,0.0,9.366741357000109,0.0
58,mvc-1200006955,mp-1042060,mp-540273,Mg0 –1NiP2O7,intercalation,P1,4.28,209,725,893,3100,0.15,0.02,0.0,0.0,7.436466264044119,0.0,0.0,0.0,0.0,0.0,52.05526384830883,0.0,14.872932528088239,0.0,0.0,0.0,0.0,0.0,0.0,0.0,0.0,0.0,0.0,0.0,0.0,0.0,0.0,0.0,0.0,0.0,0.0,0.0
59,mvc-1200010190,mp-1041097,mp-1041066,Mg0 –0.5MnO2,intercalation,Cm,3.14,270,1131,849,3548,0.15,0.02,0.0,0.0,0.0,0.0,0.0,0.0,0.0,0.0,55.82467794273611,0.0,0.0,0.0,0.0,0.0,0.0,0.0,0.0,0.0,0.0,0.0,0.0,0.0,0.0,0.0,0.0,0.0,27.912338971368055,0.0,0.0,0.0
60,mvc-1200005884,mp-1047145,mp-504100,Mg0 –0.5CuO2,intercalation,I41/amd,3.61,249,1087,898,3920,0.17,0.02,0.0,0.0,0.0,0.0,0.0,28.520647762604277,0.0,0.0,57.041295525208554,0.0,0.0,0.0,0.0,0.0,0.0,0.0,0.0,0.0,0.0,0.0,0.0,0.0,0.0,0.0,0.0,0.0,0.0,0.0,0.0,0.0
61,mvc-1200009736,mp-1044907,mp-1044853,Mg0 –0.5TiO2,intercalation,P3m1,1.23,291,1145,358,1408,0.17,0.03,0.0,0.0,0.0,26.08848973719461,0.0,0.0,0.0,0.0,52.17697947438922,0.0,0.0,0.0,0.0,0.0,0.0,0.0,0.0,0.0,0.0,0.0,0.0,0.0,0.0,0.0,0.0,0.0,0.0,0.0,0.0,0.0
62,mvc-1200009980,mp-763405,mvc-11093,Mg0 –0.5MnO2,intercalation,R3m,3.29,270,1136,890,3735,0.21,0.03,0.0,0.0,0.0,0.0,0.0,0.0,0.0,0.0,54.87571208153266,0.0,0.0,0.0,0.0,0.0,0.0,0.0,0.0,0.0,0.0,0.0,0.0,0.0,0.0,0.0,0.0,0.0,27.43785604076633,0.0,0.0,0.0
63,mvc-1200009977,mvc-9977,mvc-12125,Mg0 –0.5FeO2,intercalation,R3m,3.92,268,1143,1051,4482,0.29,0.03,0.0,0.0,0.0,0.0,0.0,0.0,27.781540494934532,0.0,55.563080989869064,0.0,0.0,0.0,0.0,0.0,0.0,0.0,0.0,0.0,0.0,0.0,0.0,0.0,0.0,0.0,0.0,0.0,0.0,0.0,0.0,0.0
64,mvc-1200006454,mp-1041473,mp-1047608,MgCo3(AsO4)4,intercalation,P21/c,4.01,200,812,801,3257,0.23,0.03,0.0,0.0,0.0,0.0,0.0,0.0,0.0,9.376828371393168,50.009751314096896,0.0,0.0,0.0,0.0,0.0,0.0,0.0,0.0,0.0,0.0,0.0,0.0,0.0,0.0,0.0,0.0,12.502437828524224,0.0,0.0,0.0,0.0
65,mvc-1200014334,mvc-14334,mp-766786,Mg0 –1VF5,intercalation,C2/c,3.75,315,977,1180,3659,0.04,0.03,0.0,0.0,0.0,0.0,0.0,0.0,0.0,0.0,0.0,0.0,0.0,0.0,0.0,0.0,0.0,0.0,0.0,0.0,0.0,0.0,0.0,0.0,0.0,0.0,0.0,0.0,0.0,50.822047321773894,10.16440946435478,0.0
66,mvc-1200006553,mp-1041600,mvc-6284,MgFe3(AsO4)4,intercalation,P21/c,3.74,202,782,755,2922,0.23,0.03,0.0,0.0,0.0,0.0,0.0,0.0,8.722312249338076,0.0,46.5189986631364,0.0,0.0,0.0,0.0,0.0,0.0,0.0,0.0,0.0,0.0,0.0,0.0,0.0,0.0,0.0,0.0,11.6297496657841,0.0,0.0,0.0,0.0
67,mvc-1200005134,mvc-5134,mp-25523,MgFe(SiO3)2,intercalation,C2/c,3.07,231,781,709,2399,0.15,0.03,0.0,0.0,0.0,0.0,0.0,0.0,9.248022137434418,0.0,55.48813282460652,0.0,0.0,0.0,0.0,0.0,0.0,0.0,0.0,0.0,0.0,0.0,0.0,0.0,0.0,0.0,18.496044274868837,0.0,0.0,0.0,0.0,0.0
68,mvc-1200019003,mp-19003,mp-510748,Mg0 –1V2O5,intercalation,Cmcm,2.56,260,837,666,2146,0.01,0.03,0.0,0.0,0.0,0.0,0.0,0.0,0.0,0.0,44.341221695910576,0.0,0.0,0.0,0.0,0.0,0.0,0.0,0.0,0.0,0.0,0.0,0.0,0.0,0.0,0.0,0.0,0.0,0.0,0.0,17.736488678364232,0.0
69,mvc-1200010236,mp-1041166,mp-1041256,Mg0 –0.5NiO2,intercalation,Cm,3.57,261,1255,931,4486,0.2,0.03,0.0,0.0,31.057197531816776,0.0,0.0,0.0,0.0,0.0,62.11439506363355,0.0,0.0,0.0,0.0,0.0,0.0,0.0,0.0,0.0,0.0,0.0,0.0,0.0,0.0,0.0,0.0,0.0,0.0,0.0,0.0,0.0
70,mvc-1200005721,mvc-5721,mp-540321,Mg0 –1FeP2O7,intercalation,P1,3.43,211,703,724,2413,0.09,0.03,0.0,0.0,0.0,0.0,0.0,0.0,7.4889675272423295,0.0,52.42277269069631,0.0,14.977935054484659,0.0,0.0,0.0,0.0,0.0,0.0,0.0,0.0,0.0,0.0,0.0,0.0,0.0,0.0,0.0,0.0,0.0,0.0,0.0
71,mvc-1200014364,mvc-14364,mvc-3453,Mg0 –1SbF5,intercalation,P21/c,3.29,222,885,731,2909,0.0,0.03,0.0,0.0,0.0,0.0,0.0,0.0,0.0,0.0,0.0,0.0,0.0,0.0,0.0,0.0,9.706791196849602,0.0,0.0,0.0,0.0,0.0,0.0,0.0,0.0,0.0,0.0,0.0,0.0,48.53395598424802,0.0,0.0
72,mvc-1200005116,mvc-5116,mvc-11572,MgMn(SiO3)2,intercalation,C2/c,2.96,232,753,687,2234,0.11,0.03,0.0,0.0,0.0,0.0,0.0,0.0,0.0,0.0,58.89284995934047,0.0,0.0,0.0,0.0,0.0,0.0,0.0,0.0,0.0,0.0,0.0,0.0,0.0,0.0,0.0,19.630949986446822,0.0,9.815474993223411,0.0,0.0,0.0
73,mvc-1200002997,mp-1046410,mp-1046421,MgSrV(PO4)2,intercalation,P1,2.44,152,543,371,1323,0.08,0.03,0.0,0.0,0.0,0.0,0.0,0.0,0.0,0.0,47.35043056079061,0.0,11.837607640197653,0.0,0.0,0.0,0.0,5.918803820098827,0.0,0.0,0.0,0.0,0.0,0.0,0.0,0.0,0.0,0.0,0.0,0.0,5.918803820098827,0.0
74,mvc-1200010122,mp-1041000,mvc-5627,Mg0 –0.5NiO2,intercalation,P3m1,3.47,261,1260,905,4376,0.16,0.03,0.0,0.0,31.53245318563111,0.0,0.0,0.0,0.0,0.0,63.06490637126222,0.0,0.0,0.0,0.0,0.0,0.0,0.0,0.0,0.0,0.0,0.0,0.0,0.0,0.0,0.0,0.0,0.0,0.0,0.0,0.0,0.0
75,mvc-1200005111,mvc-5111,mvc-13125,Mg0 –1Si2NiO6,intercalation,C2/c,4.06,228,812,926,3299,0.24,0.03,0.0,0.0,9.906929795301942,0.0,0.0,0.0,0.0,0.0,59.44157877181165,0.0,0.0,0.0,0.0,0.0,0.0,0.0,0.0,0.0,0.0,0.0,0.0,0.0,0.0,0.0,19.813859590603883,0.0,0.0,0.0,0.0,0.0
76,mvc-1200009460,mp-1044622,mvc-5171,Mg0 –0.5TiO2,intercalation,P3m1,1.22,291,1141,356,1394,0.17,0.03,0.0,0.0,0.0,25.85185320316668,0.0,0.0,0.0,0.0,51.70370640633336,0.0,0.0,0.0,0.0,0.0,0.0,0.0,0.0,0.0,0.0,0.0,0.0,0.0,0.0,0.0,0.0,0.0,0.0,0.0,0.0,0.0
77,mvc-1200010154,mp-1041014,mp-1040910,Mg0 –0.5VO2,intercalation,P3m1,2.44,282,1133,688,2765,0.16,0.03,0.0,0.0,0.0,0.0,0.0,0.0,0.0,0.0,53.82542205852907,0.0,0.0,0.0,0.0,0.0,0.0,0.0,0.0,0.0,0.0,0.0,0.0,0.0,0.0,0.0,0.0,0.0,0.0,0.0,26.912711029264536,0.0
78,mvc-1200033325,mp-33325,mvc-13181,Mg0 –0.5FeO2,intercalation,Cm,3.99,268,1150,1069,4588,0.31,0.03,0.0,0.0,0.0,0.0,0.0,0.0,27.746632133081594,0.0,55.49326426616319,0.0,0.0,0.0,0.0,0.0,0.0,0.0,0.0,0.0,0.0,0.0,0.0,0.0,0.0,0.0,0.0,0.0,0.0,0.0,0.0,0.0
79,mvc-1200013559,mvc-13559,mvc-14047,Mg0 –0.25MnS2,intercalation,R3m,1.07,107,365,114,389,0.0,0.03,0.0,0.0,0.0,0.0,0.0,0.0,0.0,0.0,0.0,0.0,0.0,0.0,0.0,0.0,0.0,0.0,0.0,0.0,0.0,0.0,0.0,0.0,0.0,0.0,0.0,0.0,14.001732771736734,0.0,0.0,28.003465543473467
80,mvc-1200005112,mvc-5112,mvc-12012,MgCo(SiO3)2,intercalation,C2/c,3.49,228,805,795,2808,0.19,0.03,0.0,0.0,0.0,0.0,0.0,0.0,0.0,9.791593600829804,58.74956160497883,0.0,0.0,0.0,0.0,0.0,0.0,0.0,0.0,0.0,0.0,0.0,0.0,0.0,0.0,0.0,19.58318720165961,0.0,0.0,0.0,0.0,0.0
81,mvc-1200008351,mp-1043213,mp-1043195,MgV(GeO3)2,intercalation,C2/c,2.06,169,763,349,1571,0.06,0.03,16.764645574488874,0.0,0.0,0.0,0.0,0.0,0.0,0.0,50.29393672346662,0.0,0.0,0.0,0.0,0.0,0.0,0.0,0.0,0.0,0.0,0.0,0.0,0.0,0.0,0.0,0.0,0.0,0.0,0.0,8.382322787244437,0.0
82,mvc-1200011656,mvc-11656,mp-25476,Mg0 –0.25CoO2,intercalation,R3m,3.05,138,665,421,2027,0.01,0.03,0.0,0.0,0.0,0.0,0.0,0.0,0.0,30.11025310768968,60.22050621537936,0.0,0.0,0.0,0.0,0.0,0.0,0.0,0.0,0.0,0.0,0.0,0.0,0.0,0.0,0.0,0.0,0.0,0.0,0.0,0.0,0.0
83,mvc-1200004964,mvc-4964,mvc-6353,Mg0 –0.5MnO2,intercalation,Cm,3.41,270,1139,921,3880,0.25,0.03,0.0,0.0,0.0,0.0,0.0,0.0,0.0,0.0,56.91428346169573,0.0,0.0,0.0,0.0,0.0,0.0,0.0,0.0,0.0,0.0,0.0,0.0,0.0,0.0,0.0,0.0,0.0,28.457141730847866,0.0,0.0,0.0
84,mvc-1200006041,mp-1047312,mvc-11423,Mg0 –0.5TiO2,intercalation,Cmcm,1.13,291,1269,330,1437,0.15,0.03,0.0,0.0,0.0,27.636265841022816,0.0,0.0,0.0,0.0,55.27253168204563,0.0,0.0,0.0,0.0,0.0,0.0,0.0,0.0,0.0,0.0,0.0,0.0,0.0,0.0,0.0,0.0,0.0,0.0,0.0,0.0,0.0
85,mvc-1200009196,mp-1044309,mp-1044267,MgTiV(PO4)3,intercalation,R3c,2.67,131,397,350,1059,0.01,0.03,0.0,0.0,0.0,4.345865827686888,0.0,0.0,0.0,0.0,52.15038993224265,0.0,13.037597483060663,0.0,0.0,0.0,0.0,0.0,0.0,0.0,0.0,0.0,0.0,0.0,0.0,0.0,0.0,0.0,0.0,0.0,4.345865827686888,0.0
86,mvc-1200000415,mp-1046839,mp-1046983,Mg0 –2Nb2CrO8,intercalation,Cc,3.28,259,1158,848,3794,0.25,0.03,0.0,0.0,0.0,0.0,0.0,0.0,0.0,0.0,52.497245982723584,0.0,0.0,0.0,0.0,0.0,0.0,0.0,0.0,0.0,0.0,0.0,13.124311495680896,0.0,6.562155747840448,0.0,0.0,0.0,0.0,0.0,0.0,0.0
87,mvc-1200008338,mp-1043188,mp-775220,MgV(GeO3)2,intercalation,P21/c,2.01,169,734,340,1472,0.05,0.04,17.420616404069296,0.0,0.0,0.0,0.0,0.0,0.0,0.0,52.261849212207885,0.0,0.0,0.0,0.0,0.0,0.0,0.0,0.0,0.0,0.0,0.0,0.0,0.0,0.0,0.0,0.0,0.0,0.0,0.0,8.710308202034648,0.0
88,mvc-1200008658,mp-1043526,mvc-12276,MgCr(Si2O5)2,intercalation,P4/ncc,3.34,154,444,514,1486,0.21,0.04,0.0,0.0,0.0,0.0,0.0,0.0,0.0,0.0,46.837892898649734,0.0,0.0,0.0,0.0,0.0,0.0,0.0,0.0,0.0,0.0,0.0,0.0,0.0,4.683789289864974,0.0,18.735157159459895,0.0,0.0,0.0,0.0,0.0
89,mvc-1200016583,mp-1045314,mvc-13536,Mg0 –1CrF4,intercalation,C2/c,4.22,352,1218,1486,5143,0.35,0.04,0.0,0.0,0.0,0.0,0.0,0.0,0.0,0.0,0.0,0.0,0.0,0.0,0.0,0.0,0.0,0.0,0.0,0.0,0.0,0.0,0.0,0.0,12.88383688841605,0.0,0.0,0.0,0.0,51.5353475536642,0.0,0.0
90,mvc-1200009921,mp-1048837,mvc-5485,Mg0 –0.5CrO2,intercalation,P3m1,3.44,279,1166,960,4013,0.19,0.04,0.0,0.0,0.0,0.0,0.0,0.0,0.0,0.0,54.56620974600531,0.0,0.0,0.0,0.0,0.0,0.0,0.0,0.0,0.0,0.0,0.0,0.0,0.0,27.283104873002657,0.0,0.0,0.0,0.0,0.0,0.0,0.0
91,mvc-1200010135,mp-1041012,mvc-12170,Mg0 –0.5CoO2,intercalation,P3m1,3.33,260,1296,866,4315,0.1,0.04,0.0,0.0,0.0,0.0,0.0,0.0,0.0,30.897534288351313,61.795068576702626,0.0,0.0,0.0,0.0,0.0,0.0,0.0,0.0,0.0,0.0,0.0,0.0,0.0,0.0,0.0,0.0,0.0,0.0,0.0,0.0,0.0
92,mvc-1200015456,mvc-15456,mvc-13694,Mg0 –1La2MoO6,intercalation,R3,2.05,108,683,222,1397,0.14,0.04,0.0,0.0,0.0,0.0,0.0,0.0,0.0,0.0,45.02143118367921,0.0,0.0,0.0,0.0,0.0,0.0,0.0,15.00714372789307,0.0,0.0,7.503571863946535,0.0,0.0,0.0,0.0,0.0,0.0,0.0,0.0,0.0,0.0
93,mvc-1200005586,mvc-5586,mp-540262,Mg0 –1CoP2O7,intercalation,P1,3.84,208,718,801,2759,0.09,0.04,0.0,0.0,0.0,0.0,0.0,0.0,0.0,7.613463037392832,53.294241261749825,0.0,15.226926074785665,0.0,0.0,0.0,0.0,0.0,0.0,0.0,0.0,0.0,0.0,0.0,0.0,0.0,0.0,0.0,0.0,0.0,0.0,0.0
94,mvc-1200008271,mvc-8271,mvc-12312,Mg0 –1VNiP2O9,intercalation,Pmcn,3.54,158,547,559,1937,0.08,0.04,0.0,0.0,5.853553120991234,0.0,0.0,0.0,0.0,0.0,52.681978088921106,0.0,11.707106241982467,0.0,0.0,0.0,0.0,0.0,0.0,0.0,0.0,0.0,0.0,0.0,0.0,0.0,0.0,0.0,0.0,0.0,5.853553120991234,0.0
95,mvc-1200005570,mvc-5570,mp-540363,Mg0 –1VP2O7,intercalation,P1,2.47,215,705,531,1741,0.09,0.04,0.0,0.0,0.0,0.0,0.0,0.0,0.0,0.0,55.33547602761672,0.0,15.810136007890492,0.0,0.0,0.0,0.0,0.0,0.0,0.0,0.0,0.0,0.0,0.0,0.0,0.0,0.0,0.0,0.0,0.0,7.905068003945246,0.0
96,mvc-1200010531,mp-1041464,mvc-11637,Mg0 –1Fe3P3O13,intercalation,P21/m,3.86,109,369,420,1426,0.1,0.04,0.0,0.0,0.0,0.0,0.0,0.0,11.973875268863702,0.0,51.88679283174271,0.0,11.973875268863702,0.0,0.0,0.0,0.0,0.0,0.0,0.0,0.0,0.0,0.0,0.0,0.0,0.0,0.0,0.0,0.0,0.0,0.0,0.0
97,mvc-1200010041,mp-1040886,mp-1040982,Mg0 –1Cr2P2O9,intercalation,Pmcn,3.62,160,553,581,2002,0.07,0.04,0.0,0.0,0.0,0.0,0.0,0.0,0.0,0.0,53.01049044398343,0.0,11.780108987551873,0.0,0.0,0.0,0.0,0.0,0.0,0.0,0.0,0.0,0.0,0.0,11.780108987551873,0.0,0.0,0.0,0.0,0.0,0.0,0.0
98,mvc-1200010538,mp-1041465,mp-1047920,Mg0 –1Mo3P3O13,intercalation,P21/m,1.9,87,330,166,625,0.04,0.04,0.0,0.0,0.0,0.0,0.0,0.0,0.0,0.0,47.295024817453424,0.0,10.914236496335405,0.0,0.0,0.0,0.0,0.0,0.0,0.0,0.0,10.914236496335405,0.0,0.0,0.0,0.0,0.0,0.0,0.0,0.0,0.0,0.0
99,mvc-1200014034,mvc-14034,mvc-14215,Mg0 –1CrF5,intercalation,C2/c,4.87,313,1004,1523,4885,0.05,0.04,0.0,0.0,0.0,0.0,0.0,0.0,0.0,0.0,0.0,0.0,0.0,0.0,0.0,0.0,0.0,0.0,0.0,0.0,0.0,0.0,0.0,0.0,10.869365243232792,0.0,0.0,0.0,0.0,54.34682621616396,0.0,0.0
100,mvc-1200009561,mp-1044648,mp-1118309,Mg0 –0.5TiO2,intercalation,R3m,1.21,291,1148,353,1390,0.18,0.04,0.0,0.0,0.0,26.75910048829888,0.0,0.0,0.0,0.0,53.51820097659776,0.0,0.0,0.0,0.0,0.0,0.0,0.0,0.0,0.0,0.0,0.0,0.0,0.0,0.0,0.0,0.0,0.0,0.0,0.0,0.0,0.0
101,mvc-1200007429,mp-1042428,mp-1042373,Mg0 –1Bi2O5,intercalation,Pcab,3.51,103,775,360,2718,0.16,0.04,0.0,0.0,0.0,0.0,0.0,0.0,0.0,0.0,48.557597277565016,0.0,0.0,0.0,0.0,0.0,0.0,0.0,0.0,0.0,0.0,0.0,0.0,0.0,0.0,19.423038911026005,0.0,0.0,0.0,0.0,0.0,0.0
102,mvc-1200003147,mp-1046588,mp-1046509,MgMn5(TeO6)3,intercalation,C2/c,3.03,206,960,623,2907,0.05,0.04,0.0,0.0,0.0,0.0,0.0,0.0,0.0,0.0,55.63182420855334,0.0,0.0,0.0,0.0,0.0,0.0,0.0,0.0,0.0,0.0,0.0,0.0,9.271970701425557,0.0,0.0,0.0,0.0,15.453284502375928,0.0,0.0,0.0
103,mvc-1200010532,mp-1041461,mp-1047927,Mg0 –1V3P3O13,intercalation,P21/m,2.44,112,364,273,888,0.03,0.05,0.0,0.0,0.0,0.0,0.0,0.0,0.0,0.0,52.14624557058358,0.0,12.03374897782698,0.0,0.0,0.0,0.0,0.0,0.0,0.0,0.0,0.0,0.0,0.0,0.0,0.0,0.0,0.0,0.0,0.0,12.03374897782698,0.0
104,mvc-1200005074,mvc-5074,mvc-5310,Mg0 –0.5VO2,intercalation,Cm,2.3,282,1136,648,2612,0.14,0.05,0.0,0.0,0.0,0.0,0.0,0.0,0.0,0.0,54.434081402281905,0.0,0.0,0.0,0.0,0.0,0.0,0.0,0.0,0.0,0.0,0.0,0.0,0.0,0.0,0.0,0.0,0.0,0.0,0.0,27.217040701140952,0.0
105,mvc-1200010057,mp-1040902,mvc-12174,Mg0 –0.5CrPO4,intercalation,C2/c,2.73,168,562,459,1531,0.21,0.05,0.0,0.0,0.0,0.0,0.0,0.0,0.0,0.0,52.53059097891036,0.0,13.13264774472759,0.0,0.0,0.0,0.0,0.0,0.0,0.0,0.0,0.0,0.0,0.0,13.13264774472759,0.0,0.0,0.0,0.0,0.0,0.0,0.0
106,mvc-1200008165,mvc-8311,mp-1043495,Mg0 –1TiNiP2O9,intercalation,Pmcn,4.0,159,550,636,2197,0.13,0.05,0.0,0.0,5.6253046167036675,5.6253046167036675,0.0,0.0,0.0,0.0,50.627741550333006,0.0,11.250609233407335,0.0,0.0,0.0,0.0,0.0,0.0,0.0,0.0,0.0,0.0,0.0,0.0,0.0,0.0,0.0,0.0,0.0,0.0,0.0
107,mvc-1200010148,mp-1041008,mp-1040954,Mg0 –1Mn2P2O9,intercalation,Pmcn,3.45,158,538,544,1857,0.05,0.05,0.0,0.0,0.0,0.0,0.0,0.0,0.0,0.0,54.60926100530678,0.0,12.135391334512617,0.0,0.0,0.0,0.0,0.0,0.0,0.0,0.0,0.0,0.0,0.0,0.0,0.0,0.0,0.0,12.135391334512617,0.0,0.0,0.0
108,mvc-1200005960,mp-1047222,mvc-5774,Mg0 –2CrWO6,intercalation,R3,3.02,282,1644,851,4965,0.18,0.05,0.0,0.0,0.0,0.0,0.0,0.0,0.0,0.0,54.6751855776046,0.0,0.0,0.0,0.0,0.0,0.0,0.0,0.0,0.0,9.112530929600766,0.0,0.0,0.0,9.112530929600766,0.0,0.0,0.0,0.0,0.0,0.0,0.0
109,mvc-1200000859,mp-1043448,mp-32394,MgNi3(P2O7)2,intercalation,P21/c,3.72,98,375,364,1396,0.06,0.05,0.0,0.0,11.766937592563671,0.0,0.0,0.0,0.0,0.0,54.9123754319638,0.0,15.68925012341823,0.0,0.0,0.0,0.0,0.0,0.0,0.0,0.0,0.0,0.0,0.0,0.0,0.0,0.0,0.0,0.0,0.0,0.0,0.0
110,mvc-1200008438,mvc-8438,mvc-8434,MgCr(GeO3)2,intercalation,P21/c,2.63,169,727,444,1910,0.11,0.05,16.8182305869046,0.0,0.0,0.0,0.0,0.0,0.0,0.0,50.4546917607138,0.0,0.0,0.0,0.0,0.0,0.0,0.0,0.0,0.0,0.0,0.0,0.0,0.0,8.4091152934523,0.0,0.0,0.0,0.0,0.0,0.0,0.0
111,mvc-1200004503,mvc-4503,mvc-4499,MgCr2(GeO4)3,intercalation,Ia3d,3.93,274,1218,1077,4789,0.32,0.05,14.123045981595789,0.0,0.0,0.0,0.0,0.0,0.0,0.0,56.492183926383156,0.0,0.0,0.0,0.0,0.0,0.0,0.0,0.0,0.0,0.0,0.0,0.0,0.0,9.415363987730526,0.0,0.0,0.0,0.0,0.0,0.0,0.0
112,mvc-1200010158,mvc-3430,mp-1041062,Mg0 –1Fe2P2O9,intercalation,Pmcn,3.99,157,539,626,2153,0.15,0.05,0.0,0.0,0.0,0.0,0.0,0.0,11.273216228826218,0.0,50.72947302971799,0.0,11.273216228826218,0.0,0.0,0.0,0.0,0.0,0.0,0.0,0.0,0.0,0.0,0.0,0.0,0.0,0.0,0.0,0.0,0.0,0.0,0.0
113,mvc-1200677217,mp-676282,mp-677217,Mg0 –1Mo3S4,intercalation,P1,0.82,122,604,100,498,0.07,0.05,0.0,0.0,0.0,0.0,0.0,0.0,0.0,0.0,0.0,0.0,0.0,0.0,0.0,0.0,0.0,0.0,0.0,6.790006315366598,0.0,20.37001894609979,0.0,0.0,0.0,0.0,0.0,0.0,0.0,0.0,0.0,27.16002526146639
114,mvc-1200006508,mp-1041507,mvc-6713,MgNi3(AsO4)4,intercalation,P21/c,4.43,200,826,885,3657,0.33,0.05,0.0,0.0,8.966783869414384,0.0,0.0,0.0,0.0,0.0,47.82284730354338,0.0,0.0,0.0,0.0,0.0,0.0,0.0,0.0,0.0,0.0,0.0,0.0,0.0,0.0,0.0,0.0,11.955711825885844,0.0,0.0,0.0,0.0
115,mvc-1200005119,mvc-5119,mp-25502,MgCr(SiO3)2,intercalation,C2/c,2.37,235,753,555,1782,0.11,0.05,0.0,0.0,0.0,0.0,0.0,0.0,0.0,0.0,57.0068242849263,0.0,0.0,0.0,0.0,0.0,0.0,0.0,0.0,0.0,0.0,0.0,0.0,0.0,9.501137380821051,0.0,19.002274761642102,0.0,0.0,0.0,0.0,0.0
116,mvc-1200009996,mp-1048900,mvc-11089,Mg0 –0.5VO2,intercalation,R3m,2.54,282,1132,715,2871,0.22,0.05,0.0,0.0,0.0,0.0,0.0,0.0,0.0,0.0,55.27521827907344,0.0,0.0,0.0,0.0,0.0,0.0,0.0,0.0,0.0,0.0,0.0,0.0,0.0,0.0,0.0,0.0,0.0,0.0,0.0,27.63760913953672,0.0
117,mvc-1200011476,mvc-11476,mvc-11241,Mg0 –0.25VS2,intercalation,R3m,0.99,111,376,110,373,0.0,0.05,0.0,0.0,0.0,0.0,0.0,0.0,0.0,0.0,0.0,0.0,0.0,0.0,0.0,0.0,0.0,0.0,0.0,0.0,0.0,0.0,0.0,0.0,0.0,0.0,0.0,0.0,0.0,0.0,15.182114581183663,30.364229162367327
118,mvc-1200007648,mp-1042542,mvc-11380,Mg0 –1V2CoO7,intercalation,P21/c,3.6,180,662,650,2385,0.14,0.05,0.0,0.0,0.0,0.0,0.0,0.0,0.0,7.49652969260185,52.47570784821295,0.0,0.0,0.0,0.0,0.0,0.0,0.0,0.0,0.0,0.0,0.0,0.0,0.0,0.0,0.0,0.0,0.0,0.0,0.0,14.9930593852037,0.0
119,mvc-1200008398,mvc-8398,mvc-8359,MgCr(GeO3)2,intercalation,C2/c,2.61,169,763,440,1991,0.1,0.05,17.52453043162238,0.0,0.0,0.0,0.0,0.0,0.0,0.0,52.57359129486714,0.0,0.0,0.0,0.0,0.0,0.0,0.0,0.0,0.0,0.0,0.0,0.0,0.0,8.76226521581119,0.0,0.0,0.0,0.0,0.0,0.0,0.0
120,mvc-1200009206,mp-773444,mvc-13330,Mg0 –1V3O7,intercalation,Pcmn,2.62,185,639,485,1671,0.07,0.05,0.0,0.0,0.0,0.0,0.0,0.0,0.0,0.0,46.03572798285148,0.0,0.0,0.0,0.0,0.0,0.0,0.0,0.0,0.0,0.0,0.0,0.0,0.0,0.0,0.0,0.0,0.0,0.0,0.0,19.72959770693635,0.0
121,mvc-1200675435,mp-675435,mp-676910,Mg0 –1Mo3Se4,intercalation,P1,0.79,85,524,67,412,0.06,0.05,0.0,23.956581500118705,0.0,0.0,0.0,0.0,0.0,0.0,0.0,0.0,0.0,0.0,0.0,0.0,0.0,0.0,0.0,4.4918590312722575,0.0,17.96743612508903,0.0,0.0,0.0,0.0,0.0,0.0,0.0,0.0,0.0,0.0
122,mvc-1200008414,mvc-8414,mp-1044071,Mg0 –1CrNiP2O9,intercalation,Pmcn,3.83,157,555,602,2124,0.1,0.05,0.0,0.0,5.875648014375558,0.0,0.0,0.0,0.0,0.0,52.88083212938002,0.0,11.751296028751115,0.0,0.0,0.0,0.0,0.0,0.0,0.0,0.0,0.0,0.0,0.0,5.875648014375558,0.0,0.0,0.0,0.0,0.0,0.0,0.0
123,mvc-1200009144,mp-1044166,mp-1044207,Mg0 –1CrBiO5,intercalation,P21/c,3.47,147,771,509,2677,0.13,0.05,0.0,0.0,0.0,0.0,0.0,0.0,0.0,0.0,35.89376383200206,0.0,0.0,0.0,0.0,0.0,0.0,0.0,0.0,0.0,0.0,0.0,0.0,0.0,7.178752766400412,7.178752766400412,0.0,0.0,0.0,0.0,0.0,0.0
124,mvc-1200010539,mp-1047808,mp-1047928,Mg0 –1Mn3P3O13,intercalation,P21/m,3.38,109,372,370,1257,0.04,0.05,0.0,0.0,0.0,0.0,0.0,0.0,0.0,0.0,54.44280331062484,0.0,12.563723840913426,0.0,0.0,0.0,0.0,0.0,0.0,0.0,0.0,0.0,0.0,0.0,0.0,0.0,0.0,0.0,12.563723840913426,0.0,0.0,0.0
125,mvc-1200000898,mvc-10049,mp-540486,MgFe3(P2O7)2,intercalation,P21/c,2.31,99,357,230,826,0.04,0.05,0.0,0.0,0.0,0.0,0.0,0.0,11.724550986796404,0.0,54.71457127171655,0.0,15.63273464906187,0.0,0.0,0.0,0.0,0.0,0.0,0.0,0.0,0.0,0.0,0.0,0.0,0.0,0.0,0.0,0.0,0.0,0.0,0.0
126,mvc-1200019139,mp-19139,mp-1046644,Mg0 –2Mo3O8,intercalation,P63mc,2.98,231,1100,688,3280,0.33,0.05,0.0,0.0,0.0,0.0,0.0,0.0,0.0,0.0,50.4349910686063,0.0,0.0,0.0,0.0,0.0,0.0,0.0,0.0,6.304373883575788,0.0,18.913121650727362,0.0,0.0,0.0,0.0,0.0,0.0,0.0,0.0,0.0,0.0
127,mvc-1200016768,mp-1045420,mp-38816,Mg0 –0.5TiS2,intercalation,Ibmm,0.92,216,705,198,646,0.02,0.05,0.0,0.0,0.0,16.24473231391981,0.0,0.0,0.0,0.0,0.0,0.0,0.0,0.0,0.0,0.0,0.0,0.0,0.0,4.061183078479952,0.0,0.0,0.0,0.0,0.0,0.0,0.0,0.0,0.0,0.0,0.0,32.48946462783962
128,mvc-1200003736,mvc-3736,mp-765928,Mg0 –1VF5,intercalation,P21/c,3.66,315,989,1154,3624,0.03,0.05,0.0,0.0,0.0,0.0,0.0,0.0,0.0,0.0,0.0,0.0,0.0,0.0,0.0,0.0,0.0,0.0,0.0,0.0,0.0,0.0,0.0,0.0,0.0,0.0,0.0,0.0,0.0,48.451518730863334,9.690303746172667,0.0
129,mvc-1200005456,mvc-5456,mp-1042045,Mg0 –0.5NiO2,intercalation,Cm,3.88,261,1260,1011,4888,0.33,0.05,0.0,0.0,30.253595807195573,0.0,0.0,0.0,0.0,0.0,60.50719161439115,0.0,0.0,0.0,0.0,0.0,0.0,0.0,0.0,0.0,0.0,0.0,0.0,0.0,0.0,0.0,0.0,0.0,0.0,0.0,0.0,0.0
130,mvc-1200010188,mp-1041071,mp-1040936,Mg0 –0.5CoPO4,intercalation,C2/c,3.84,161,588,620,2262,0.14,0.05,0.0,0.0,0.0,0.0,0.0,0.0,0.0,12.890902511514925,51.5636100460597,0.0,12.890902511514925,0.0,0.0,0.0,0.0,0.0,0.0,0.0,0.0,0.0,0.0,0.0,0.0,0.0,0.0,0.0,0.0,0.0,0.0,0.0
131,mvc-1200015644,mvc-15644,mp-715584,Mg0 –1MoO3,intercalation,Pbnm,2.09,319,1590,667,3327,0.0,0.06,0.0,0.0,0.0,0.0,0.0,0.0,0.0,0.0,53.18231653361185,0.0,0.0,0.0,0.0,0.0,0.0,0.0,0.0,0.0,0.0,17.727438844537282,0.0,0.0,0.0,0.0,0.0,0.0,0.0,0.0,0.0,0.0
132,mvc-1200006963,mp-1042090,mp-1047762,Mg0 –0.5NiO2,intercalation,Pcmb,3.77,261,1375,982,5185,0.3,0.06,0.0,0.0,33.167924737312276,0.0,0.0,0.0,0.0,0.0,66.33584947462455,0.0,0.0,0.0,0.0,0.0,0.0,0.0,0.0,0.0,0.0,0.0,0.0,0.0,0.0,0.0,0.0,0.0,0.0,0.0,0.0,0.0
133,mvc-1200006921,mp-1041928,mvc-12283,Mg0 –0.5MnO2,intercalation,Pcmb,2.64,270,1242,713,3274,0.03,0.06,0.0,0.0,0.0,0.0,0.0,0.0,0.0,0.0,61.197114426426054,0.0,0.0,0.0,0.0,0.0,0.0,0.0,0.0,0.0,0.0,0.0,0.0,0.0,0.0,0.0,0.0,0.0,30.598557213213027,0.0,0.0,0.0
134,mvc-1200007825,mp-1042624,mvc-10959,Mg0 –1VBiO5,intercalation,Pcab,4.19,147,811,617,3399,0.35,0.06,0.0,0.0,0.0,0.0,0.0,0.0,0.0,0.0,37.207727763228746,0.0,0.0,0.0,0.0,0.0,0.0,0.0,0.0,0.0,0.0,0.0,0.0,0.0,0.0,7.441545552645749,0.0,0.0,0.0,0.0,7.441545552645749,0.0
135,mvc-1200008342,mp-1043215,mp-1044247,Mg0 –1NiSnP2O9,intercalation,Pmcn,4.03,131,510,529,2052,0.15,0.06,0.0,0.0,5.520577706238237,0.0,0.0,0.0,0.0,0.0,49.68519935614413,0.0,11.041155412476474,0.0,5.520577706238237,0.0,0.0,0.0,0.0,0.0,0.0,0.0,0.0,0.0,0.0,0.0,0.0,0.0,0.0,0.0,0.0,0.0
136,mvc-1200019574,mp-19574,mvc-12287,MgFe2(SiO4)3,intercalation,Ia3d,4.72,116,434,549,2050,0.23,0.06,0.0,0.0,0.0,0.0,0.0,0.0,10.128026548690519,0.0,60.76815929214311,0.0,0.0,0.0,0.0,0.0,0.0,0.0,0.0,10.128026548690519,0.0,0.0,0.0,0.0,0.0,0.0,15.192039823035778,0.0,0.0,0.0,0.0,0.0
137,mvc-1200007942,mp-1042695,mp-1043013,Mg0 –2Cr3O8,intercalation,P63mc,4.05,322,1263,1305,5115,0.38,0.06,0.0,0.0,0.0,0.0,0.0,0.0,0.0,0.0,53.6005973040358,0.0,0.0,0.0,0.0,0.0,0.0,0.0,0.0,0.0,0.0,0.0,0.0,0.0,20.100223989013426,0.0,0.0,0.0,0.0,0.0,0.0,0.0
138,mvc-1200009987,mp-1048911,mp-770908,Mg0 –0.5CoO2,intercalation,R3m,3.3,260,1281,858,4228,0.11,0.06,0.0,0.0,0.0,0.0,0.0,0.0,0.0,30.783827500600776,61.56765500120155,0.0,0.0,0.0,0.0,0.0,0.0,0.0,0.0,0.0,0.0,0.0,0.0,0.0,0.0,0.0,0.0,0.0,0.0,0.0,0.0,0.0
139,mvc-1200008885,mp-1043800,mvc-11633,Mg0 –0.5VPO5,intercalation,F2dd,3.07,154,540,473,1659,0.09,0.06,0.0,0.0,0.0,0.0,0.0,0.0,0.0,0.0,59.61723954698441,0.0,11.92344790939688,0.0,0.0,0.0,0.0,0.0,0.0,0.0,0.0,0.0,0.0,0.0,0.0,0.0,0.0,0.0,0.0,0.0,11.92344790939688,0.0
140,mvc-1200010166,mp-1041045,mp-1048924,Mg0 –0.5FePO4,intercalation,C2/c,3.24,164,571,533,1850,0.18,0.06,0.0,0.0,0.0,0.0,0.0,0.0,12.93565243792629,0.0,51.74260975170516,0.0,12.93565243792629,0.0,0.0,0.0,0.0,0.0,0.0,0.0,0.0,0.0,0.0,0.0,0.0,0.0,0.0,0.0,0.0,0.0,0.0,0.0
141,mvc-1200008656,mp-1043525,mp-1043728,MgMn(Si2O5)2,intercalation,P4/ncc,3.46,152,436,528,1510,0.18,0.06,0.0,0.0,0.0,0.0,0.0,0.0,0.0,0.0,46.14664536713943,0.0,0.0,0.0,0.0,0.0,0.0,0.0,0.0,0.0,0.0,0.0,0.0,0.0,0.0,0.0,18.45865814685577,0.0,4.614664536713943,0.0,0.0,0.0
142,mvc-1200016779,mp-1045474,mvc-34,Mg0 –0.5MnS2,intercalation,Imma,1.06,204,671,216,708,0.01,0.06,0.0,0.0,0.0,0.0,0.0,0.0,0.0,0.0,0.0,0.0,0.0,0.0,0.0,0.0,0.0,0.0,0.0,0.0,0.0,0.0,0.0,0.0,0.0,0.0,0.0,0.0,18.184767076369457,0.0,0.0,36.369534152738915
143,mvc-1200019581,mp-19581,mvc-15182,MgCr2(SiO4)3,intercalation,Ia3d,3.99,355,1314,1415,5236,0.39,0.06,0.0,0.0,0.0,0.0,0.0,0.0,0.0,0.0,60.073581972621355,0.0,0.0,0.0,0.0,0.0,0.0,0.0,0.0,10.012263662103559,0.0,0.0,0.0,0.0,10.012263662103559,0.0,15.018395493155339,0.0,0.0,0.0,0.0,0.0
144,mvc-1200006707,mp-1041677,mvc-5322,Mg0 –1SnP2O7,intercalation,P1,2.32,169,648,393,1505,0.11,0.06,0.0,0.0,0.0,0.0,0.0,0.0,0.0,0.0,51.720321023015046,0.0,14.777234578004299,0.0,7.388617289002149,0.0,0.0,0.0,0.0,0.0,0.0,0.0,0.0,0.0,0.0,0.0,0.0,0.0,0.0,0.0,0.0,0.0
145,mvc-1200014220,mvc-14220,mvc-14217,Mg0 –1MoF5,intercalation,C2/c,3.31,249,878,825,2911,0.05,0.06,0.0,0.0,0.0,0.0,0.0,0.0,0.0,0.0,0.0,0.0,0.0,0.0,0.0,0.0,0.0,0.0,0.0,0.0,0.0,9.619121362541474,0.0,0.0,0.0,0.0,0.0,0.0,0.0,48.09560681270737,0.0,0.0
146,mvc-1200000843,mvc-9987,mp-770908,Mg0 –0.5Ni2O3,intercalation,Cmcm,3.97,151,860,599,3413,0.25,0.06,0.0,0.0,0.0,0.0,0.0,0.0,0.0,30.783827500600776,61.56765500120155,0.0,0.0,0.0,0.0,0.0,0.0,0.0,0.0,0.0,0.0,0.0,0.0,0.0,0.0,0.0,0.0,0.0,0.0,0.0,0.0,0.0
147,mvc-1200007972,mvc-8885,mvc-11633,Mg0 –1CrAs2O7,intercalation,P21/c,3.38,159,623,536,2107,0.12,0.06,0.0,0.0,0.0,0.0,0.0,0.0,0.0,0.0,59.61723954698441,0.0,11.92344790939688,0.0,0.0,0.0,0.0,0.0,0.0,0.0,0.0,0.0,0.0,0.0,0.0,0.0,0.0,0.0,0.0,0.0,11.92344790939688,0.0
148,mvc-1200000867,mp-1043564,mp-540500,MgCo3(P2O7)2,intercalation,P21/c,3.09,98,364,302,1124,0.03,0.06,0.0,0.0,0.0,0.0,0.0,0.0,0.0,11.72259158485691,54.70542739599892,0.0,15.630122113142548,0.0,0.0,0.0,0.0,0.0,0.0,0.0,0.0,0.0,0.0,0.0,0.0,0.0,0.0,0.0,0.0,0.0,0.0,0.0
149,mvc-1200000865,mp-1045474,mvc-34,MgMn3(P2O7)2,intercalation,P21/c,2.69,100,343,269,924,0.02,0.06,0.0,0.0,0.0,0.0,0.0,0.0,0.0,0.0,0.0,0.0,0.0,0.0,0.0,0.0,0.0,0.0,0.0,0.0,0.0,0.0,0.0,0.0,0.0,0.0,0.0,0.0,18.184767076369457,0.0,0.0,36.369534152738915
150,mvc-1200004650,mp-19581,mvc-15182,Mg0 –0.5TiO2,intercalation,Cm,1.16,291,1145,338,1327,0.18,0.06,0.0,0.0,0.0,0.0,0.0,0.0,0.0,0.0,60.073581972621355,0.0,0.0,0.0,0.0,0.0,0.0,0.0,0.0,10.012263662103559,0.0,0.0,0.0,0.0,10.012263662103559,0.0,15.018395493155339,0.0,0.0,0.0,0.0,0.0
151,mvc-1200008200,mp-1042428,mvc-5322,Mg0 –1Bi2O5,intercalation,Cmcm,3.36,103,689,345,2313,0.14,0.06,0.0,0.0,0.0,0.0,0.0,0.0,0.0,0.0,51.720321023015046,0.0,14.777234578004299,0.0,7.388617289002149,0.0,0.0,0.0,0.0,0.0,0.0,0.0,0.0,0.0,0.0,0.0,0.0,0.0,0.0,0.0,0.0,0.0
152,mvc-1200008664,mvc-14220,mvc-14217,MgFe(Si2O5)2,intercalation,P4/ncc,3.45,152,445,525,1534,0.19,0.06,0.0,0.0,0.0,0.0,0.0,0.0,0.0,0.0,0.0,0.0,0.0,0.0,0.0,0.0,0.0,0.0,0.0,0.0,0.0,9.619121362541474,0.0,0.0,0.0,0.0,0.0,0.0,0.0,48.09560681270737,0.0,0.0
153,mvc-1200008321,mvc-5203,mvc-5466,MgCr4(CuO4)3,intercalation,Im3,2.7,87,451,236,1219,0.03,0.07,0.0,0.0,0.0,0.0,0.0,0.0,0.0,30.96139751773829,61.92279503547658,0.0,0.0,0.0,0.0,0.0,0.0,0.0,0.0,0.0,0.0,0.0,0.0,0.0,0.0,0.0,0.0,0.0,0.0,0.0,0.0,0.0
154,mvc-1200003750,mp-1043098,mp-1043595,Mg0 –1MoF5,intercalation,P21/c,3.29,249,877,819,2886,0.05,0.07,0.0,0.0,5.975380854677801,0.0,0.0,0.0,0.0,0.0,53.77842769210021,0.0,11.950761709355602,0.0,0.0,0.0,0.0,0.0,0.0,0.0,0.0,0.0,0.0,0.0,0.0,0.0,0.0,0.0,5.975380854677801,0.0,0.0,0.0
155,mvc-1200012636,mp-1043361,mp-1043875,Mg0 –0.5NiO2,intercalation,Pmnb,3.39,261,1393,883,4719,0.18,0.07,0.0,0.0,38.95717523297572,0.0,0.0,0.0,0.0,0.0,58.435762849463586,0.0,0.0,0.0,0.0,0.0,0.0,0.0,0.0,0.0,0.0,0.0,0.0,0.0,0.0,0.0,0.0,0.0,0.0,0.0,0.0,0.0
156,mvc-1200009179,mp-1042772,mp-1042757,Mg0 –1BiMoO5,intercalation,P21/c,3.04,131,718,398,2185,0.19,0.07,0.0,0.0,0.0,0.0,0.0,0.0,0.0,0.0,48.63626096816385,0.0,0.0,0.0,0.0,0.0,0.0,0.0,0.0,0.0,0.0,0.0,0.0,0.0,6.948037281166265,0.0,0.0,13.89607456233253,0.0,0.0,0.0,0.0
157,mvc-1200000857,mp-1043564,mp-540500,MgV3(P2O7)2,intercalation,P21/c,1.28,102,348,130,444,0.02,0.07,0.0,0.0,0.0,0.0,0.0,0.0,0.0,11.72259158485691,54.70542739599892,0.0,15.630122113142548,0.0,0.0,0.0,0.0,0.0,0.0,0.0,0.0,0.0,0.0,0.0,0.0,0.0,0.0,0.0,0.0,0.0,0.0,0.0
158,mvc-1200012895,mp-1045982,mvc-12205,Mg0 –0.5NiO2,intercalation,Pnmm,3.11,261,1250,811,3891,0.09,0.07,0.0,0.0,0.0,0.0,0.0,0.0,34.59931582952465,0.0,49.9767895315356,0.0,0.0,0.0,0.0,0.0,0.0,0.0,0.0,0.0,0.0,0.0,0.0,0.0,0.0,0.0,0.0,0.0,0.0,0.0,0.0,0.0
159,mvc-1200008645,mp-1043529,mp-694554,MgCo(Si2O5)2,intercalation,P4/ncc,3.33,151,450,502,1500,0.16,0.07,0.0,0.0,0.0,0.0,0.0,0.0,0.0,0.0,52.74810293035801,0.0,15.070886551530858,0.0,0.0,0.0,0.0,0.0,0.0,0.0,0.0,0.0,0.0,0.0,0.0,0.0,0.0,0.0,11.303164913648144,0.0,0.0,0.0
160,mvc-1200004981,mvc-4650,mvc-4715,Mg0 –2CrWO6,intercalation,P21/c,3.07,282,1687,865,5178,0.23,0.07,0.0,0.0,0.0,26.69841549806312,0.0,0.0,0.0,0.0,53.39683099612624,0.0,0.0,0.0,0.0,0.0,0.0,0.0,0.0,0.0,0.0,0.0,0.0,0.0,0.0,0.0,0.0,0.0,0.0,0.0,0.0,0.0
161,mvc-1200011618,mp-1042977,mp-1043373,Mg0 –0.5CoO2,intercalation,Pnmm,3.0,260,1299,779,3890,0.02,0.07,0.0,0.0,0.0,0.0,0.0,0.0,0.0,0.0,41.440232632231556,0.0,0.0,0.0,0.0,0.0,0.0,0.0,0.0,0.0,0.0,0.0,0.0,0.0,0.0,16.57609305289262,0.0,0.0,0.0,0.0,0.0,0.0
162,mvc-1200002315,mp-1043548,mp-1043700,Mg0 –2Ni9O13,intercalation,C2/m,3.76,137,781,513,2935,0.2,0.07,0.0,0.0,0.0,0.0,0.0,0.0,4.714218797219303,0.0,47.14218797219302,0.0,0.0,0.0,0.0,0.0,0.0,0.0,0.0,0.0,0.0,0.0,0.0,0.0,0.0,0.0,18.85687518887721,0.0,0.0,0.0,0.0,0.0
163,mvc-1200006900,mp-1041848,mp-776137,Mg0 –0.5VO2,intercalation,Imma,2.11,282,1131,594,2385,0.1,0.07,0.0,0.0,0.0,0.0,0.0,0.0,0.0,0.0,55.129512601712875,0.0,0.0,0.0,0.0,0.0,0.0,0.0,0.0,0.0,0.0,0.0,0.0,0.0,0.0,0.0,0.0,0.0,0.0,0.0,27.564756300856438,0.0
164,mvc-1200000880,mp-1043704,mp-540180,MgCr3(P2O7)2,intercalation,P21/c,1.58,101,338,161,534,0.04,0.07,0.0,0.0,0.0,0.0,0.0,0.0,0.0,0.0,53.95802407597049,0.0,15.41657830742014,0.0,0.0,0.0,0.0,0.0,0.0,0.0,0.0,0.0,0.0,0.0,11.562433730565106,0.0,0.0,0.0,0.0,0.0,0.0,0.0
165,mvc-1200010049,mp-1040887,mp-1044910,Mg0 –0.5VPO4,intercalation,C2/c,2.13,170,574,361,1221,0.17,0.07,0.0,0.0,0.0,0.0,0.0,0.0,0.0,0.0,51.349537807896176,0.0,12.837384451974044,0.0,0.0,0.0,0.0,0.0,0.0,0.0,0.0,0.0,0.0,0.0,0.0,0.0,0.0,0.0,0.0,0.0,12.837384451974044,0.0
166,mvc-1200008078,mp-1042940,mp-1042928,MgFe2(MoO4)3,intercalation,P1,2.89,128,483,370,1395,0.17,0.07,0.0,0.0,0.0,0.0,0.0,0.0,7.393629522688841,0.0,44.36177713613305,0.0,0.0,0.0,0.0,0.0,0.0,0.0,0.0,0.0,0.0,11.090444284033262,0.0,0.0,0.0,0.0,0.0,0.0,0.0,0.0,0.0,0.0
167,mvc-1200008311,mp-1043062,mp-1043303,MgFe4(CuO4)3,intercalation,Im3,3.11,85,436,265,1358,0.07,0.07,0.0,0.0,0.0,0.0,0.0,15.094287458774986,20.125716611699982,0.0,60.37714983509994,0.0,0.0,0.0,0.0,0.0,0.0,0.0,0.0,0.0,0.0,0.0,0.0,0.0,0.0,0.0,0.0,0.0,0.0,0.0,0.0,0.0
168,mvc-1200010150,mp-1041004,mp-1040967,Mg0 –0.5CrO2,intercalation,P3m1,3.31,279,1162,922,3843,0.19,0.08,0.0,0.0,0.0,0.0,0.0,0.0,0.0,0.0,54.743043437544785,0.0,0.0,0.0,0.0,0.0,0.0,0.0,0.0,0.0,0.0,0.0,0.0,0.0,27.371521718772392,0.0,0.0,0.0,0.0,0.0,0.0,0.0
169,mvc-1200003430,mvc-3430,mvc-3518,Mg0 –1BiF5,intercalation,P21/c,4.68,163,771,764,3605,0.0,0.08,0.0,0.0,0.0,0.0,0.0,0.0,0.0,0.0,0.0,0.0,0.0,0.0,0.0,0.0,0.0,0.0,0.0,0.0,0.0,0.0,0.0,0.0,0.0,8.912639769154241,0.0,0.0,0.0,44.56319884577121,0.0,0.0
170,mvc-1200000838,mp-1043253,mvc-12005,Mg0 –0.5Fe2O3,intercalation,Cmcm,2.58,156,777,402,2001,0.25,0.08,0.0,0.0,0.0,0.0,0.0,0.0,33.59638267920826,0.0,50.39457401881239,0.0,0.0,0.0,0.0,0.0,0.0,0.0,0.0,0.0,0.0,0.0,0.0,0.0,0.0,0.0,0.0,0.0,0.0,0.0,0.0,0.0
171,mvc-1200000321,mp-1046590,mp-1046793,Mg0 –0.5Ti2O3,intercalation,Cmcm,0.75,172,814,128,606,0.13,0.08,0.0,0.0,0.0,34.82436400005682,0.0,0.0,0.0,0.0,52.23654600008523,0.0,0.0,0.0,0.0,0.0,0.0,0.0,0.0,0.0,0.0,0.0,0.0,0.0,0.0,0.0,0.0,0.0,0.0,0.0,0.0,0.0
172,mvc-1200008926,mp-1043837,mp-1043703,MgTiSb(PO4)3,intercalation,R3c,1.88,112,393,211,740,0.0,0.08,0.0,0.0,0.0,4.250621078986397,0.0,0.0,0.0,0.0,51.00745294783676,0.0,12.75186323695919,0.0,0.0,0.0,4.250621078986397,0.0,0.0,0.0,0.0,0.0,0.0,0.0,0.0,0.0,0.0,0.0,0.0,0.0,0.0,0.0
173,mvc-1200008320,mp-1040910,mp-1043067,MgCo4(CuO4)3,intercalation,Im3,2.93,83,496,244,1452,0.06,0.08,0.0,0.0,0.0,0.0,0.0,16.208253606822016,0.0,21.611004809096023,64.83301442728806,0.0,0.0,0.0,0.0,0.0,0.0,0.0,0.0,0.0,0.0,0.0,0.0,0.0,0.0,0.0,0.0,0.0,0.0,0.0,0.0,0.0
174,mvc-1200008322,mp-1043121,mvc-12083,MgMn4(CuO4)3,intercalation,Im3,2.72,86,450,232,1222,0.05,0.08,0.0,0.0,0.0,0.0,0.0,15.579183728024889,0.0,0.0,62.316734912099555,0.0,0.0,0.0,0.0,0.0,0.0,0.0,0.0,0.0,0.0,0.0,0.0,0.0,0.0,0.0,0.0,0.0,20.77224497069985,0.0,0.0,0.0
175,mvc-1200007843,mvc-12083,mp-1042629,Mg0 –1BiMoO5,intercalation,Pcab,3.12,131,806,409,2518,0.22,0.08,0.0,0.0,0.0,0.0,0.0,0.0,0.0,0.0,32.86540313482948,0.0,0.0,0.0,0.0,0.0,0.0,0.0,0.0,0.0,0.0,6.573080626965896,0.0,0.0,0.0,6.573080626965896,0.0,0.0,0.0,0.0,0.0,0.0
176,mvc-1200000078,mvc-78,mvc-11244,Mg0 –0.5CoS2,intercalation,Fd3m,1.42,198,755,281,1072,0.1,0.08,0.0,0.0,0.0,0.0,0.0,0.0,0.0,19.828383176570853,0.0,0.0,0.0,0.0,0.0,0.0,0.0,0.0,0.0,0.0,0.0,0.0,0.0,0.0,0.0,0.0,0.0,0.0,0.0,0.0,0.0,39.656766353141705
177,mvc-1200006914,mvc-11244,mvc-13696,Mg0 –0.5NiO2,intercalation,Ibmm,3.6,261,1254,939,4519,0.27,0.08,0.0,0.0,30.439848330523887,0.0,0.0,0.0,0.0,0.0,60.879696661047774,0.0,0.0,0.0,0.0,0.0,0.0,0.0,0.0,0.0,0.0,0.0,0.0,0.0,0.0,0.0,0.0,0.0,0.0,0.0,0.0,0.0
178,mvc-1200003281,mvc-13696,mp-1046704,Mg0 –1VPO5,intercalation,P1,2.4,288,991,692,2382,0.01,0.08,0.0,0.0,0.0,0.0,0.0,0.0,0.0,0.0,54.445602002313755,0.0,10.889120400462751,0.0,0.0,0.0,0.0,0.0,0.0,0.0,0.0,0.0,0.0,0.0,0.0,0.0,0.0,0.0,0.0,0.0,10.889120400462751,0.0
179,mvc-1200012117,mvc-12117,mvc-5816,Mg0 –0.5CoO2,intercalation,Pmnb,2.95,260,1445,768,4271,0.03,0.08,0.0,0.0,0.0,0.0,0.0,0.0,0.0,33.810187684993394,67.62037536998679,0.0,0.0,0.0,0.0,0.0,0.0,0.0,0.0,0.0,0.0,0.0,0.0,0.0,0.0,0.0,0.0,0.0,0.0,0.0,0.0,0.0
180,mvc-1200008280,mp-1043103,mp-1043619,Mg0 –1FeNiP2O9,intercalation,Pmcn,4.15,155,554,645,2297,0.18,0.08,0.0,0.0,5.805710190519459,0.0,0.0,0.0,5.805710190519459,0.0,52.25139171467513,0.0,11.611420381038918,0.0,0.0,0.0,0.0,0.0,0.0,0.0,0.0,0.0,0.0,0.0,0.0,0.0,0.0,0.0,0.0,0.0,0.0,0.0
181,mvc-1200010447,mp-1041375,mvc-10961,Mg0 –1V4O9,intercalation,P4/n,2.83,144,518,408,1469,0.13,0.09,0.0,0.0,0.0,0.0,0.0,0.0,0.0,0.0,49.697717451673476,0.0,0.0,0.0,0.0,0.0,0.0,0.0,0.0,0.0,0.0,0.0,0.0,0.0,0.0,0.0,0.0,0.0,0.0,0.0,22.08787442296599,0.0
182,mvc-1200001904,mvc-10961,mp-1045643,Mg0 –2Ti9O13,intercalation,C2/m,0.72,156,746,113,540,0.14,0.09,0.0,0.0,0.0,35.7871654750305,0.0,0.0,0.0,0.0,51.69257235282183,0.0,0.0,0.0,0.0,0.0,0.0,0.0,0.0,0.0,0.0,0.0,0.0,0.0,0.0,0.0,0.0,0.0,0.0,0.0,0.0,0.0
183,mvc-1200012394,mvc-12394,mvc-12466,Mg0 –0.5TiO2,intercalation,Pnmm,0.96,291,1161,279,1114,0.15,0.09,0.0,0.0,0.0,24.1381226872389,0.0,0.0,0.0,0.0,48.2762453744778,0.0,0.0,0.0,0.0,0.0,0.0,0.0,0.0,0.0,0.0,0.0,0.0,0.0,0.0,0.0,0.0,0.0,0.0,0.0,0.0,0.0
184,mvc-1200008653,mp-1043519,mp-1043652,MgV(Si2O5)2,intercalation,P4/ncc,2.06,154,442,318,911,0.16,0.09,0.0,0.0,0.0,0.0,0.0,0.0,0.0,0.0,46.60660507018697,0.0,0.0,0.0,0.0,0.0,0.0,0.0,0.0,0.0,0.0,0.0,0.0,0.0,0.0,0.0,18.64264202807479,0.0,0.0,0.0,4.660660507018697,0.0
185,mvc-1200008341,mp-1043183,mp-1043320,MgCu3(NiO3)4,intercalation,Im3,3.32,84,474,277,1572,0.1,0.09,0.0,0.0,20.74012874296301,0.0,0.0,15.555096557222258,0.0,0.0,62.22038622888903,0.0,0.0,0.0,0.0,0.0,0.0,0.0,0.0,0.0,0.0,0.0,0.0,0.0,0.0,0.0,0.0,0.0,0.0,0.0,0.0,0.0
186,mvc-1200005026,mvc-5026,mp-1117059,Mg0 –1WO3,intercalation,Pbnm,1.59,209,1566,332,2483,0.0,0.09,0.0,0.0,0.0,0.0,0.0,0.0,0.0,0.0,53.784387587729626,0.0,0.0,0.0,0.0,0.0,0.0,0.0,0.0,0.0,17.928129195909875,0.0,0.0,0.0,0.0,0.0,0.0,0.0,0.0,0.0,0.0,0.0
187,mvc-1200009041,mp-1117059,mp-1044170,Mg0 –0.5CrPO5,intercalation,Fddd,3.82,153,553,584,2111,0.13,0.09,0.0,0.0,0.0,0.0,0.0,0.0,0.0,0.0,60.40574334620915,0.0,12.08114866924183,0.0,0.0,0.0,0.0,0.0,0.0,0.0,0.0,0.0,0.0,0.0,12.08114866924183,0.0,0.0,0.0,0.0,0.0,0.0,0.0
188,mvc-1200000786,mp-1042648,mp-1043363,Mg0 –0.5Mn2O3,intercalation,Cmcm,2.78,158,744,438,2064,0.22,0.09,0.0,0.0,0.0,0.0,0.0,0.0,0.0,0.0,50.14842775567326,0.0,0.0,0.0,0.0,0.0,0.0,0.0,0.0,0.0,0.0,0.0,0.0,0.0,0.0,0.0,0.0,0.0,33.43228517044884,0.0,0.0,0.0
189,mvc-1200015888,mvc-15888,mp-1045734,Mg0.5 –1VO3,intercalation,Pbnm,2.47,217,894,537,2209,0.1,0.09,0.0,0.0,0.0,0.0,0.0,0.0,0.0,0.0,59.18203519570465,0.0,0.0,0.0,0.0,0.0,0.0,0.0,0.0,9.863672532617441,0.0,0.0,0.0,0.0,0.0,0.0,0.0,0.0,0.0,0.0,19.727345065234882,0.0
190,mvc-1200000457,mp-1046958,mp-1047057,MgSn3(P2O7)2,intercalation,P21/c,1.39,74,288,102,399,0.03,0.09,0.0,0.0,0.0,0.0,0.0,0.0,0.0,0.0,40.73278791575983,0.0,11.637939404502808,0.0,8.728454553377105,0.0,0.0,0.0,0.0,0.0,0.0,0.0,0.0,0.0,0.0,0.0,0.0,0.0,0.0,0.0,0.0,0.0
191,mvc-1200002276,mp-1045866,mp-1045833,Mg0 –2Mn9O13,intercalation,P1,2.76,143,673,394,1860,0.22,0.09,0.0,0.0,0.0,0.0,0.0,0.0,0.0,0.0,48.60471814756434,0.0,0.0,0.0,0.0,0.0,0.0,0.0,0.0,0.0,0.0,0.0,0.0,0.0,0.0,0.0,0.0,0.0,33.64942025600608,0.0,0.0,0.0
192,mvc-1200015888,mvc-15888,mp-1045734,Mg0.5 –1VO3,intercalation,Pbnm,2.47,217,894,537,2209,0.1,0.09,0.0,0.0,0.0,0.0,0.0,0.0,0.0,0.0,59.18203519570465,0.0,0.0,0.0,0.0,0.0,0.0,0.0,0.0,9.863672532617441,0.0,0.0,0.0,0.0,0.0,0.0,0.0,0.0,0.0,0.0,19.727345065234882,0.0
193,mvc-1200003394,mp-1046728,mvc-2979,Mg0 –1MnF4,intercalation,P1,4.77,345,1296,1646,6178,0.32,0.09,0.0,0.0,0.0,0.0,0.0,0.0,0.0,0.0,0.0,0.0,0.0,0.0,0.0,0.0,0.0,0.0,0.0,0.0,0.0,0.0,0.0,0.0,0.0,0.0,0.0,0.0,13.202588477745019,52.810353910980076,0.0,0.0
194,mvc-1200006406,mp-1047659,mvc-14931,Mg0 –0.5MnO2,intercalation,Cmcm,3.06,270,1258,829,3853,0.2,0.09,0.0,0.0,0.0,0.0,0.0,0.0,0.0,0.0,61.02861719834488,0.0,0.0,0.0,0.0,0.0,0.0,0.0,0.0,0.0,0.0,0.0,0.0,0.0,0.0,0.0,0.0,0.0,30.51430859917244,0.0,0.0,0.0
195,mvc-1200008859,mp-1043716,mp-1043783,Mg0 –1Bi2O5,intercalation,P21/c,3.43,103,673,352,2304,0.2,0.1,0.0,0.0,0.0,0.0,0.0,0.0,0.0,0.0,43.300676875353055,0.0,0.0,0.0,0.0,0.0,0.0,0.0,0.0,0.0,0.0,0.0,0.0,0.0,0.0,17.320270750141223,0.0,0.0,0.0,0.0,0.0,0.0
196,mvc-1200011960,mvc-11960,mp-1048695,Mg0.5 –1V2O5,intercalation,Pmnm,2.31,130,456,300,1052,0.09,0.1,0.0,0.0,0.0,0.0,0.0,0.0,0.0,0.0,49.22644555315615,0.0,0.0,0.0,0.0,0.0,0.0,0.0,0.0,4.922644555315614,0.0,0.0,0.0,0.0,0.0,0.0,0.0,0.0,0.0,0.0,19.690578221262456,0.0
197,mvc-1200006601,mp-1041583,mp-1047618,Mg0 –0.5VO2,intercalation,Pcmb,2.18,282,1243,614,2709,0.15,0.1,0.0,0.0,0.0,0.0,0.0,0.0,0.0,0.0,57.38076382471483,0.0,0.0,0.0,0.0,0.0,0.0,0.0,0.0,0.0,0.0,0.0,0.0,0.0,0.0,0.0,0.0,0.0,0.0,0.0,28.690381912357417,0.0
198,mvc-1200010450,mvc-10450,mp-1041470,Mg0 –0.5CrCuO4,intercalation,P21/c,2.92,140,553,409,1616,0.05,0.1,0.0,0.0,0.0,0.0,0.0,12.334807364269997,0.0,0.0,49.33922945707999,0.0,0.0,0.0,0.0,0.0,0.0,0.0,0.0,0.0,0.0,0.0,0.0,0.0,12.334807364269997,0.0,0.0,0.0,0.0,0.0,0.0,0.0
199,mvc-1200000314,mp-1046562,mp-1046820,Mg0 –0.5Cu2O3,intercalation,Cmcm,3.34,143,837,478,2796,0.17,0.1,0.0,0.0,0.0,0.0,0.0,37.244929482354124,0.0,0.0,55.867394223531186,0.0,0.0,0.0,0.0,0.0,0.0,0.0,0.0,0.0,0.0,0.0,0.0,0.0,0.0,0.0,0.0,0.0,0.0,0.0,0.0,0.0
200,mvc-1200007833,mp-1042618,mp-1042644,Mg0 –1CrBiO5,intercalation,Pcab,3.28,147,827,481,2714,0.15,0.1,0.0,0.0,0.0,0.0,0.0,0.0,0.0,0.0,34.623560131035404,0.0,0.0,0.0,0.0,0.0,0.0,0.0,0.0,0.0,0.0,0.0,0.0,0.0,6.9247120262070805,6.9247120262070805,0.0,0.0,0.0,0.0,0.0,0.0
201,mvc-1200010170,mp-1042644,mp-1040999,Mg0 –0.5CuTeO4,intercalation,P21/c,3.34,100,481,335,1609,0.19,0.1,0.0,0.0,0.0,0.0,0.0,10.98031615327504,0.0,0.0,43.92126461310016,0.0,0.0,0.0,0.0,0.0,0.0,0.0,0.0,0.0,0.0,0.0,0.0,10.98031615327504,0.0,0.0,0.0,0.0,0.0,0.0,0.0,0.0
202,mvc-1200032432,mp-32432,mvc-11986,Mg1.5 –2VO4,intercalation,Fd3m,1.46,164,588,239,860,0.02,0.1,0.0,0.0,0.0,0.0,0.0,0.0,0.0,0.0,53.58892148852192,0.0,0.0,0.0,0.0,0.0,0.0,0.0,0.0,20.09584555819572,0.0,0.0,0.0,0.0,0.0,0.0,0.0,0.0,0.0,0.0,13.39723037213048,0.0
203,mvc-1200015870,mvc-15870,mvc-15798,Mg0 –1BiF5,intercalation,Cc,4.59,163,748,750,3435,0.01,0.1,0.0,0.0,0.0,0.0,0.0,0.0,0.0,0.0,0.0,0.0,0.0,0.0,0.0,0.0,0.0,0.0,0.0,0.0,0.0,0.0,0.0,0.0,0.0,8.847205285975406,0.0,0.0,0.0,44.23602642987703,0.0,0.0
204,mvc-1200011960,mvc-11960,mp-1048695,Mg0 –1V2O5,intercalation,Pmnm,2.22,260,912,578,2027,0.0,0.1,0.0,0.0,0.0,0.0,0.0,0.0,0.0,0.0,49.22644555315615,0.0,0.0,0.0,0.0,0.0,0.0,0.0,0.0,4.922644555315614,0.0,0.0,0.0,0.0,0.0,0.0,0.0,0.0,0.0,0.0,19.690578221262456,0.0
205,mvc-1200003248,mp-1046669,mp-1046697,Mg0 –1CrSiO5,intercalation,C2/c,3.57,291,1043,1037,3723,0.23,0.1,0.0,0.0,0.0,0.0,0.0,0.0,0.0,0.0,52.82891775968092,0.0,0.0,0.0,0.0,0.0,0.0,0.0,0.0,0.0,0.0,0.0,0.0,0.0,10.565783551936184,0.0,10.565783551936184,0.0,0.0,0.0,0.0,0.0
206,mvc-1200032432,mp-32432,mvc-11986,Mg1.5 –2VO4,intercalation,Fd3m,1.46,164,588,239,860,0.02,0.1,0.0,0.0,0.0,0.0,0.0,0.0,0.0,0.0,53.58892148852192,0.0,0.0,0.0,0.0,0.0,0.0,0.0,0.0,20.09584555819572,0.0,0.0,0.0,0.0,0.0,0.0,0.0,0.0,0.0,0.0,13.39723037213048,0.0
207,mvc-1200003716,mvc-3716,mvc-13642,Mg0 –1VF4,intercalation,P1,3.31,354,1215,1174,4024,0.35,0.1,0.0,0.0,0.0,0.0,0.0,0.0,0.0,0.0,0.0,0.0,0.0,0.0,0.0,0.0,0.0,0.0,0.0,0.0,0.0,0.0,0.0,0.0,0.0,0.0,0.0,0.0,0.0,49.14417942910491,12.286044857276227,0.0
208,mvc-1200001926,mvc-13642,mp-1045694,Mg0 –2Cu9O13,intercalation,C2/m,3.32,129,765,430,2541,0.17,0.1,0.0,0.0,0.0,0.0,0.0,38.772130319867934,0.0,0.0,56.00418823980924,0.0,0.0,0.0,0.0,0.0,0.0,0.0,0.0,0.0,0.0,0.0,0.0,0.0,0.0,0.0,0.0,0.0,0.0,0.0,0.0,0.0
209,mvc-1200003244,mp-1046666,mp-1046724,Mg0 –1CrPO5,intercalation,C2/c,3.17,286,1011,909,3209,0.05,0.11,0.0,0.0,0.0,0.0,0.0,0.0,0.0,0.0,55.995047066196314,0.0,11.199009413239263,0.0,0.0,0.0,0.0,0.0,0.0,0.0,0.0,0.0,0.0,0.0,11.199009413239263,0.0,0.0,0.0,0.0,0.0,0.0,0.0
210,mvc-1200005565,mvc-5565,mvc-5643,Mg0 –1CrAsO5,intercalation,P212121,3.5,232,897,812,3141,0.17,0.11,0.0,0.0,0.0,0.0,0.0,0.0,0.0,0.0,55.62569046893251,0.0,0.0,0.0,0.0,0.0,0.0,0.0,0.0,0.0,0.0,0.0,0.0,0.0,11.125138093786502,0.0,0.0,11.125138093786502,0.0,0.0,0.0,0.0
211,mvc-1200014224,mvc-14224,mvc-14167,Mg0 –1WF5,intercalation,C2/c,2.54,177,871,448,2209,0.02,0.11,0.0,0.0,0.0,0.0,0.0,0.0,0.0,0.0,0.0,0.0,0.0,0.0,0.0,0.0,0.0,0.0,0.0,0.0,9.453506599430225,0.0,0.0,0.0,0.0,0.0,0.0,0.0,0.0,47.26753299715112,0.0,0.0
212,mvc-1200007826,mvc-7826,mp-1042994,MgCr3(FeO6)2,intercalation,P1,2.66,162,561,432,1496,0.03,0.11,0.0,0.0,0.0,0.0,0.0,0.0,8.130060729256622,0.0,48.78036437553973,0.0,0.0,0.0,0.0,0.0,0.0,0.0,0.0,0.0,0.0,0.0,0.0,0.0,12.195091093884933,0.0,0.0,0.0,0.0,0.0,0.0,0.0
213,mvc-1200019573,mp-1042994,mvc-13578,MgV2(SiO4)3,intercalation,Ia3d,2.57,238,862,611,2214,0.2,0.11,0.0,0.0,0.0,0.0,0.0,0.0,0.0,0.0,58.71664205962903,0.0,0.0,0.0,0.0,0.0,0.0,0.0,0.0,9.78610700993817,0.0,0.0,0.0,0.0,0.0,0.0,14.679160514907258,0.0,0.0,0.0,9.78610700993817,0.0
214,mvc-1200014048,mvc-14048,mvc-12727,Mg0 –0.5VS2,intercalation,I41/amd,1.12,211,663,236,742,0.07,0.11,0.0,0.0,0.0,0.0,0.0,0.0,0.0,0.0,0.0,0.0,0.0,0.0,0.0,0.0,0.0,0.0,0.0,0.0,0.0,0.0,0.0,0.0,0.0,0.0,0.0,0.0,0.0,0.0,19.40764169513022,38.81528339026044
215,mvc-1200007987,mvc-12727,mp-1042860,MgFe2(WO4)3,intercalation,P1,2.13,90,477,192,1017,0.12,0.11,0.0,0.0,0.0,0.0,0.0,0.0,7.2849857172688965,0.0,43.70991430361338,0.0,0.0,0.0,0.0,0.0,0.0,0.0,0.0,0.0,10.927478575903345,0.0,0.0,0.0,0.0,0.0,0.0,0.0,0.0,0.0,0.0,0.0
216,mvc-1200015495,mvc-15495,mvc-13706,Mg0 –2Cr3O8,intercalation,C2/m,3.78,322,1277,1218,4825,0.34,0.11,0.0,0.0,0.0,0.0,0.0,0.0,0.0,0.0,53.982585238575645,0.0,0.0,0.0,0.0,0.0,0.0,0.0,0.0,0.0,0.0,0.0,0.0,0.0,20.243469464465868,0.0,0.0,0.0,0.0,0.0,0.0,0.0
217,mvc-1200008325,mp-1043180,mvc-11840,MgV4(CuO4)3,intercalation,Im3,2.21,88,447,194,988,0.08,0.11,0.0,0.0,0.0,0.0,0.0,15.517652584396265,0.0,0.0,62.07061033758506,0.0,0.0,0.0,0.0,0.0,0.0,0.0,0.0,0.0,0.0,0.0,0.0,0.0,0.0,0.0,0.0,0.0,0.0,0.0,20.690203445861687,0.0
218,mvc-1200019541,mp-19541,mvc-11375,MgMn2(SiO4)3,intercalation,Ia3d,2.74,117,433,320,1186,0.11,0.11,0.0,0.0,0.0,0.0,0.0,0.0,0.0,0.0,60.37630568892859,0.0,0.0,0.0,0.0,0.0,0.0,0.0,0.0,10.062717614821432,0.0,0.0,0.0,0.0,0.0,0.0,15.094076422232147,0.0,10.062717614821432,0.0,0.0,0.0
219,mvc-1200011289,mvc-11289,mvc-11233,Mg0 –0.25CoS2,intercalation,R3m,1.4,104,390,145,545,0.12,0.11,0.0,0.0,0.0,0.0,0.0,0.0,0.0,15.785826672108323,0.0,0.0,0.0,0.0,0.0,0.0,0.0,0.0,0.0,0.0,0.0,0.0,0.0,0.0,0.0,0.0,0.0,0.0,0.0,0.0,0.0,31.571653344216646
220,mvc-1200003748,mvc-3748,mvc-3816,Mg0 –1WF5,intercalation,P21/c,2.52,177,869,445,2187,0.02,0.11,0.0,0.0,0.0,0.0,0.0,0.0,0.0,0.0,0.0,0.0,0.0,0.0,0.0,0.0,0.0,0.0,0.0,0.0,9.566447026116126,0.0,0.0,0.0,0.0,0.0,0.0,0.0,0.0,47.83223513058063,0.0,0.0
221,mvc-1200012111,mvc-12111,mp-1190609,Mg0 –0.5VO2,intercalation,Pmnb,1.93,282,1240,544,2393,0.09,0.11,0.0,0.0,0.0,0.0,0.0,0.0,0.0,0.0,57.66098588178511,0.0,0.0,0.0,0.0,0.0,0.0,0.0,0.0,0.0,0.0,0.0,0.0,0.0,0.0,0.0,0.0,0.0,0.0,0.0,28.830492940892555,0.0
222,mvc-1200006623,mp-1041768,mp-1041777,Mg0 –1Cr2CuO7,intercalation,P2/c,3.0,176,645,529,1934,0.05,0.11,0.0,0.0,0.0,0.0,0.0,5.773296939802356,0.0,0.0,40.41307857861649,0.0,0.0,0.0,0.0,0.0,0.0,0.0,0.0,0.0,0.0,0.0,0.0,0.0,11.546593879604712,0.0,0.0,0.0,0.0,0.0,0.0,0.0
223,mvc-1200009993,mp-1048889,mvc-14589,Mg0 –0.5CrO2,intercalation,R3m,3.2,279,1164,892,3725,0.19,0.12,0.0,0.0,0.0,0.0,0.0,0.0,0.0,0.0,56.79865633240509,0.0,0.0,0.0,0.0,0.0,0.0,0.0,0.0,0.0,0.0,0.0,0.0,0.0,28.399328166202544,0.0,0.0,0.0,0.0,0.0,0.0,0.0
224,mvc-1200005221,mvc-14589,mvc-5236,Mg0 –0.5SnO2,intercalation,Cm,1.91,165,884,314,1684,0.26,0.12,0.0,0.0,0.0,0.0,0.0,0.0,0.0,0.0,42.89815186622072,0.0,0.0,0.0,21.44907593311036,0.0,0.0,0.0,0.0,0.0,0.0,0.0,0.0,0.0,0.0,0.0,0.0,0.0,0.0,0.0,0.0,0.0
225,mvc-1200015844,mvc-15844,mvc-14697,Mg0 –1SbF5,intercalation,C2/c,2.97,222,792,661,2353,0.0,0.12,0.0,0.0,0.0,0.0,0.0,0.0,0.0,0.0,0.0,0.0,0.0,0.0,0.0,0.0,9.649950541783841,0.0,0.0,0.0,0.0,0.0,0.0,0.0,0.0,0.0,0.0,0.0,0.0,48.2497527089192,0.0,0.0
226,mvc-1200006401,mp-1047641,mp-1047643,Mg0 –0.5CrO2,intercalation,Cmcm,3.15,279,1288,878,4057,0.18,0.12,0.0,0.0,0.0,0.0,0.0,0.0,0.0,0.0,58.961654329587816,0.0,0.0,0.0,0.0,0.0,0.0,0.0,0.0,0.0,0.0,0.0,0.0,0.0,29.480827164793908,0.0,0.0,0.0,0.0,0.0,0.0,0.0
227,mvc-1200012366,mvc-12366,mvc-11600,Mg0 –0.25TiO2,intercalation,R3m,1.11,156,579,173,644,0.15,0.12,0.0,0.0,0.0,18.442596297065318,0.0,0.0,0.0,0.0,36.885192594130636,0.0,0.0,0.0,0.0,0.0,0.0,0.0,0.0,0.0,0.0,0.0,0.0,0.0,0.0,0.0,0.0,0.0,0.0,0.0,0.0,0.0
228,mvc-1200012952,mvc-12952,mvc-11598,Mg0 –0.25NiS2,intercalation,R3m,1.06,104,383,111,408,0.07,0.12,0.0,0.0,14.568935168253804,0.0,0.0,0.0,0.0,0.0,0.0,0.0,0.0,0.0,0.0,0.0,0.0,0.0,0.0,0.0,0.0,0.0,0.0,0.0,0.0,0.0,0.0,0.0,0.0,0.0,0.0,29.137870336507607
229,mvc-1200010121,mp-1040980,mp-1041088,Mg0 –0.5CuBiO4,intercalation,P21/c,3.43,77,473,263,1620,0.17,0.12,0.0,0.0,0.0,0.0,0.0,11.916937856094744,0.0,0.0,47.66775142437898,0.0,0.0,0.0,0.0,0.0,0.0,0.0,0.0,0.0,0.0,0.0,0.0,0.0,0.0,11.916937856094744,0.0,0.0,0.0,0.0,0.0,0.0
230,mvc-1200008651,mp-1043541,mp-1043826,Mg0 –1Si4NiO10,intercalation,P4/ncc,3.84,151,465,580,1786,0.23,0.12,0.0,0.0,4.691863604364696,0.0,0.0,0.0,0.0,0.0,46.91863604364696,0.0,0.0,0.0,0.0,0.0,0.0,0.0,0.0,0.0,0.0,0.0,0.0,0.0,0.0,0.0,18.767454417458783,0.0,0.0,0.0,0.0,0.0
231,mvc-1200006193,mp-1043826,mp-1041638,MgCr3(AsO4)4,intercalation,P21/c,3.41,205,787,699,2684,0.24,0.12,0.0,0.0,0.0,0.0,0.0,0.0,0.0,0.0,50.43463172562163,0.0,0.0,0.0,0.0,0.0,0.0,0.0,0.0,0.0,0.0,0.0,0.0,0.0,9.456493448554056,0.0,0.0,12.608657931405407,0.0,0.0,0.0,0.0
232,mvc-1200003987,mvc-3987,mp-779941,Mg0 –1CrO3,intercalation,Pbnm,2.99,431,1839,1288,5492,0.06,0.12,0.0,0.0,0.0,0.0,0.0,0.0,0.0,0.0,46.6437489232173,0.0,0.0,0.0,0.0,0.0,0.0,0.0,0.0,0.0,0.0,0.0,0.0,0.0,15.5479163077391,0.0,0.0,0.0,0.0,0.0,0.0,0.0
233,mvc-1200011138,mvc-11138,mp-756655,Mg0 –0.5TiO2,intercalation,Pmnb,0.63,291,1268,182,793,0.07,0.12,0.0,0.0,0.0,27.589743790854797,0.0,0.0,0.0,0.0,55.179487581709594,0.0,0.0,0.0,0.0,0.0,0.0,0.0,0.0,0.0,0.0,0.0,0.0,0.0,0.0,0.0,0.0,0.0,0.0,0.0,0.0,0.0
234,mvc-1200016579,mp-1045307,mvc-13960,Mg0 –1FeF4,intercalation,Ibam,4.34,343,1336,1488,5793,0.24,0.12,0.0,0.0,0.0,0.0,0.0,0.0,13.320648647498205,0.0,0.0,0.0,0.0,0.0,0.0,0.0,0.0,0.0,0.0,0.0,0.0,0.0,0.0,0.0,0.0,0.0,0.0,0.0,0.0,53.28259458999282,0.0,0.0
235,mvc-1200002344,mp-1045970,mp-1045898,Mg0 –2V9O13,intercalation,C2/m,1.57,150,697,236,1096,0.22,0.12,0.0,0.0,0.0,0.0,0.0,0.0,0.0,0.0,48.863771870056915,0.0,0.0,0.0,0.0,0.0,0.0,0.0,0.0,0.0,0.0,0.0,0.0,0.0,0.0,0.0,0.0,0.0,0.0,0.0,33.828765140808635,0.0
236,mvc-1200008070,mp-1042857,mp-1042864,MgTi(GeO3)2,intercalation,C2/c,1.21,171,769,206,929,0.03,0.13,16.558880830169674,0.0,0.0,8.279440415084837,0.0,0.0,0.0,0.0,49.676642490509025,0.0,0.0,0.0,0.0,0.0,0.0,0.0,0.0,0.0,0.0,0.0,0.0,0.0,0.0,0.0,0.0,0.0,0.0,0.0,0.0,0.0
237,mvc-1200009128,mp-1042864,mp-714929,Mg0 –0.25CrO2,intercalation,R3m,3.34,149,596,497,1990,0.19,0.13,0.0,0.0,0.0,0.0,0.0,0.0,0.0,0.0,56.8763630159416,0.0,0.0,0.0,0.0,0.0,0.0,0.0,0.0,0.0,0.0,0.0,0.0,0.0,28.4381815079708,0.0,0.0,0.0,0.0,0.0,0.0,0.0
238,mvc-1200005088,mvc-5088,mvc-5316,Mg0 –0.5SnO2,intercalation,Cm,1.78,165,874,292,1553,0.22,0.13,0.0,0.0,0.0,0.0,0.0,0.0,0.0,0.0,46.34366476345152,0.0,0.0,0.0,23.17183238172576,0.0,0.0,0.0,0.0,0.0,0.0,0.0,0.0,0.0,0.0,0.0,0.0,0.0,0.0,0.0,0.0,0.0
239,mvc-1200010233,mp-1041140,mp-1041196,Mg0 –1Ti3P3O13,intercalation,P21/m,0.67,114,358,77,241,0.03,0.13,0.0,0.0,0.0,11.829716457897527,0.0,0.0,0.0,0.0,51.26210465088929,0.0,11.829716457897527,0.0,0.0,0.0,0.0,0.0,0.0,0.0,0.0,0.0,0.0,0.0,0.0,0.0,0.0,0.0,0.0,0.0,0.0,0.0
240,mvc-1200007838,mp-1042608,mvc-11034,MgTi4(CuO4)3,intercalation,Im3,2.33,90,435,209,1015,0.06,0.13,0.0,0.0,0.0,19.75187639396696,0.0,14.813907295475222,0.0,0.0,59.255629181900886,0.0,0.0,0.0,0.0,0.0,0.0,0.0,0.0,0.0,0.0,0.0,0.0,0.0,0.0,0.0,0.0,0.0,0.0,0.0,0.0,0.0
241,mvc-1200012027,mvc-12027,mvc-12615,Mg0 –0.5VO2,intercalation,Pnmm,2.06,282,1125,582,2321,0.16,0.13,0.0,0.0,0.0,0.0,0.0,0.0,0.0,0.0,48.731619703177344,0.0,0.0,0.0,0.0,0.0,0.0,0.0,0.0,0.0,0.0,0.0,0.0,0.0,0.0,0.0,0.0,0.0,0.0,0.0,24.365809851588672,0.0
242,mvc-1200009678,mvc-9678,mp-1044873,Mg0 –1Bi2P2O9,intercalation,Pmcn,3.31,83,447,273,1479,0.15,0.13,0.0,0.0,0.0,0.0,0.0,0.0,0.0,0.0,39.277107348468725,0.0,8.728246077437495,0.0,0.0,0.0,0.0,0.0,0.0,0.0,0.0,0.0,0.0,0.0,0.0,8.728246077437495,0.0,0.0,0.0,0.0,0.0,0.0
243,mvc-1200009760,mp-1044937,mp-1044823,Mg0 –1Ti2P2O9,intercalation,Pmcn,1.09,164,529,180,579,0.06,0.13,0.0,0.0,0.0,11.477574739596182,0.0,0.0,0.0,0.0,51.649086328182825,0.0,11.477574739596182,0.0,0.0,0.0,0.0,0.0,0.0,0.0,0.0,0.0,0.0,0.0,0.0,0.0,0.0,0.0,0.0,0.0,0.0,0.0
244,mvc-1200015669,mvc-15669,mp-1048779,Mg0.5 –1BiO3,intercalation,Pbnm,2.76,95,666,263,1837,0.12,0.13,0.0,0.0,0.0,0.0,0.0,0.0,0.0,0.0,47.192131717080265,0.0,0.0,0.0,0.0,0.0,0.0,0.0,0.0,7.865355286180043,0.0,0.0,0.0,0.0,0.0,15.730710572360087,0.0,0.0,0.0,0.0,0.0,0.0
245,mvc-1200000811,mp-1042943,mp-1043388,Mg0 –0.5V2O3,intercalation,Cmcm,1.64,165,763,271,1252,0.25,0.13,0.0,0.0,0.0,0.0,0.0,0.0,0.0,0.0,49.42159276493416,0.0,0.0,0.0,0.0,0.0,0.0,0.0,0.0,0.0,0.0,0.0,0.0,0.0,0.0,0.0,0.0,0.0,0.0,0.0,32.94772850995611,0.0
246,mvc-1200014313,mvc-14313,mvc-15991,Mg0 –2Mo3O8,intercalation,C2/m,2.54,231,1107,586,2809,0.26,0.13,0.0,0.0,0.0,0.0,0.0,0.0,0.0,0.0,48.47546789472945,0.0,0.0,0.0,0.0,0.0,0.0,0.0,0.0,0.0,0.0,18.17830046052354,0.0,0.0,0.0,0.0,0.0,0.0,0.0,0.0,0.0,0.0
247,mvc-1200009937,mp-1048843,mp-1044829,Mg0 –1Sn2P2O9,intercalation,Pmcn,1.6,115,428,184,687,0.06,0.13,0.0,0.0,0.0,0.0,0.0,0.0,0.0,0.0,47.216865248081824,0.0,10.49263672179596,0.0,10.49263672179596,0.0,0.0,0.0,0.0,0.0,0.0,0.0,0.0,0.0,0.0,0.0,0.0,0.0,0.0,0.0,0.0,0.0
248,mvc-1200005121,mvc-5121,mvc-5220,Mg0 –0.5BiO2,intercalation,Cm,2.86,106,807,302,2305,0.17,0.13,0.0,0.0,0.0,0.0,0.0,0.0,0.0,0.0,33.3418152445818,0.0,0.0,0.0,0.0,0.0,0.0,0.0,0.0,0.0,0.0,0.0,0.0,0.0,0.0,16.6709076222909,0.0,0.0,0.0,0.0,0.0,0.0
249,mvc-1200010551,mp-1047865,mp-1047865,Mg0 –1Ni3P3O13,intercalation,P21/m,4.02,107,385,430,1545,0.18,0.13,0.0,0.0,12.891015842460504,0.0,0.0,0.0,0.0,0.0,55.86106865066218,0.0,12.891015842460504,0.0,0.0,0.0,0.0,0.0,0.0,4.297005280820168,0.0,0.0,0.0,0.0,0.0,0.0,0.0,0.0,0.0,0.0,0.0,0.0
250,mvc-1200002285,mp-1045937,mvc-2263,Mg0 –2Co9O13,intercalation,C2/m,3.24,136,780,442,2529,0.28,0.14,0.0,0.0,0.0,0.0,0.0,0.0,0.0,36.424443217824916,52.61308464796932,0.0,0.0,0.0,0.0,0.0,0.0,0.0,0.0,0.0,0.0,0.0,0.0,0.0,0.0,0.0,0.0,0.0,0.0,0.0,0.0,0.0
251,mvc-1200004648,mvc-4648,mvc-5860,Mg0 –0.5BiO2,intercalation,Cm,2.56,106,804,271,2058,0.09,0.14,0.0,0.0,0.0,0.0,0.0,0.0,0.0,0.0,40.768879455052684,0.0,0.0,0.0,0.0,0.0,0.0,0.0,0.0,0.0,0.0,0.0,0.0,0.0,0.0,20.384439727526342,0.0,0.0,0.0,0.0,0.0,0.0
252,mvc-1200001710,mp-1045598,mp-540258,MgTi(PO3)4,intercalation,C2/c,1.52,138,394,210,599,0.04,0.14,0.0,0.0,0.0,4.402874219390164,0.0,0.0,0.0,0.0,52.83449063268197,0.0,17.611496877560658,0.0,0.0,0.0,0.0,0.0,0.0,0.0,0.0,0.0,0.0,0.0,0.0,0.0,0.0,0.0,0.0,0.0,0.0,0.0
253,mvc-1200003366,mp-1046746,mp-1045679,Mg0 –2Nb2TeO8,intercalation,P1,2.48,219,1003,543,2487,0.16,0.14,0.0,0.0,0.0,0.0,0.0,0.0,0.0,0.0,49.08181717464922,0.0,0.0,0.0,0.0,0.0,0.0,0.0,0.0,0.0,0.0,0.0,12.270454293662304,6.135227146831152,0.0,0.0,0.0,0.0,0.0,0.0,0.0,0.0
254,mvc-1200006602,mp-1041629,mp-1047639,Mg0 –0.5CoO2,intercalation,Pcmb,3.28,260,1342,852,4399,0.2,0.14,0.0,0.0,0.0,0.0,0.0,0.0,0.0,31.732793689245163,63.465587378490326,0.0,0.0,0.0,0.0,0.0,0.0,0.0,0.0,0.0,0.0,0.0,0.0,0.0,0.0,0.0,0.0,0.0,0.0,0.0,0.0,0.0
255,mvc-1200010077,mp-1040927,mvc-10214,Mg0 –0.5TaCuO4,intercalation,P21/c,3.52,84,509,294,1790,0.21,0.14,0.0,0.0,0.0,0.0,0.0,11.656080151699628,0.0,0.0,46.62432060679851,0.0,0.0,11.656080151699628,0.0,0.0,0.0,0.0,0.0,0.0,0.0,0.0,0.0,0.0,0.0,0.0,0.0,0.0,0.0,0.0,0.0,0.0
256,mvc-1200012846,mvc-12846,mp-714944,Mg0 –0.25VO2,intercalation,R3m,2.1,151,587,316,1231,0.14,0.14,0.0,0.0,0.0,0.0,0.0,0.0,0.0,0.0,54.04140153061125,0.0,0.0,0.0,0.0,0.0,0.0,0.0,0.0,0.0,0.0,0.0,0.0,0.0,0.0,0.0,0.0,0.0,0.0,0.0,27.020700765305627,0.0
257,mvc-1200010248,mp-1041145,mp-1041261,Mg0 –1Bi3P3O13,intercalation,P21/m,3.0,56,277,169,831,0.12,0.14,0.0,0.0,0.0,0.0,0.0,0.0,0.0,0.0,39.70331761277397,0.0,9.162304064486301,0.0,0.0,0.0,0.0,0.0,0.0,0.0,0.0,0.0,0.0,0.0,0.0,9.162304064486301,0.0,0.0,0.0,0.0,0.0,0.0
258,mvc-1200000835,mp-1043200,mp-1043418,Mg0 –0.5Co2O3,intercalation,Cmcm,3.07,151,825,462,2532,0.24,0.15,0.0,0.0,0.0,0.0,0.0,0.0,0.0,35.36910109177165,53.05365163765747,0.0,0.0,0.0,0.0,0.0,0.0,0.0,0.0,0.0,0.0,0.0,0.0,0.0,0.0,0.0,0.0,0.0,0.0,0.0,0.0,0.0
259,mvc-1200007852,mp-1042619,mvc-13015,MgCu3(SnO3)4,intercalation,Im3,1.94,61,383,118,743,0.06,0.15,0.0,0.0,0.0,0.0,0.0,13.154988600074498,0.0,0.0,52.61995440029799,0.0,0.0,0.0,17.539984800099333,0.0,0.0,0.0,0.0,0.0,0.0,0.0,0.0,0.0,0.0,0.0,0.0,0.0,0.0,0.0,0.0,0.0
260,mvc-1200003078,mp-1046557,mp-1046527,MgCr5(TeO6)3,intercalation,C2/c,2.63,209,1002,548,2634,0.13,0.15,0.0,0.0,0.0,0.0,0.0,0.0,0.0,0.0,55.69119381978996,0.0,0.0,0.0,0.0,0.0,0.0,0.0,0.0,0.0,0.0,0.0,0.0,9.28186563663166,15.469776061052766,0.0,0.0,0.0,0.0,0.0,0.0,0.0
261,mvc-1200009043,mp-1044052,mp-1044164,Mg0 –0.5MoPO5,intercalation,Fddd,1.93,122,497,236,959,0.07,0.15,0.0,0.0,0.0,0.0,0.0,0.0,0.0,0.0,54.30290852143987,0.0,10.860581704287974,0.0,0.0,0.0,0.0,0.0,0.0,0.0,0.0,10.860581704287974,0.0,0.0,0.0,0.0,0.0,0.0,0.0,0.0,0.0,0.0
262,mvc-1200009098,mp-1044122,mp-1044162,Mg0 –0.5PWO5,intercalation,Fddd,1.33,87,489,116,652,0.07,0.15,0.0,0.0,0.0,0.0,0.0,0.0,0.0,0.0,54.24828159972023,0.0,10.849656319944046,0.0,0.0,0.0,0.0,0.0,0.0,0.0,10.849656319944046,0.0,0.0,0.0,0.0,0.0,0.0,0.0,0.0,0.0,0.0,0.0
263,mvc-1200005864,mvc-5864,mvc-5626,Mg0 –1MoAsO5,intercalation,P212121,2.51,195,763,489,1917,0.16,0.16,0.0,0.0,0.0,0.0,0.0,0.0,0.0,0.0,49.95175807431098,0.0,0.0,0.0,0.0,0.0,0.0,0.0,0.0,0.0,0.0,9.990351614862197,0.0,0.0,0.0,0.0,0.0,9.990351614862197,0.0,0.0,0.0,0.0
264,mvc-1200008440,mp-1043372,mp-1043406,MgTi(Si2O5)2,intercalation,P4/ncc,0.95,156,442,148,421,0.18,0.16,0.0,0.0,0.0,4.681720804426735,0.0,0.0,0.0,0.0,46.817208044267346,0.0,0.0,0.0,0.0,0.0,0.0,0.0,0.0,0.0,0.0,0.0,0.0,0.0,0.0,0.0,18.72688321770694,0.0,0.0,0.0,0.0,0.0
265,mvc-1200005032,mvc-5032,mvc-5295,Mg0 –0.5CrO2,intercalation,Cm,3.0,279,1164,837,3495,0.18,0.16,0.0,0.0,0.0,0.0,0.0,0.0,0.0,0.0,56.78113052261718,0.0,0.0,0.0,0.0,0.0,0.0,0.0,0.0,0.0,0.0,0.0,0.0,0.0,28.39056526130859,0.0,0.0,0.0,0.0,0.0,0.0,0.0
266,mvc-1200014232,mp-1118049,mvc-15884,Mg0 –1NiF4,intercalation,I4/mcm,5.48,337,1384,1847,7581,0.26,0.16,0.0,0.0,13.214391539942216,0.0,0.0,0.0,0.0,0.0,0.0,0.0,0.0,0.0,0.0,0.0,0.0,0.0,0.0,0.0,0.0,0.0,0.0,0.0,0.0,0.0,0.0,0.0,0.0,52.857566159768865,0.0,0.0
267,mvc-1200008632,mp-1043471,mp-1043556,Mg0 –0.5SbPO5,intercalation,F2dd,1.86,109,449,204,837,0.05,0.16,0.0,0.0,0.0,0.0,0.0,0.0,0.0,0.0,56.216691925886515,0.0,11.243338385177303,0.0,0.0,0.0,11.243338385177303,0.0,0.0,0.0,0.0,0.0,0.0,0.0,0.0,0.0,0.0,0.0,0.0,0.0,0.0,0.0
268,mvc-1200010153,mp-1041003,mp-1040961,Mg0 –1P2W2O9,intercalation,Pmcn,1.13,90,493,101,556,0.04,0.16,0.0,0.0,0.0,0.0,0.0,0.0,0.0,0.0,47.08848657707469,0.0,10.46410812823882,0.0,0.0,0.0,0.0,0.0,0.0,0.0,10.46410812823882,0.0,0.0,0.0,0.0,0.0,0.0,0.0,0.0,0.0,0.0,0.0
269,mvc-1200006043,mp-1047337,mp-1047075,Mg0 –0.5MoO2,intercalation,Pmnb,2.4,191,1085,458,2600,0.45,0.16,0.0,0.0,0.0,0.0,0.0,0.0,0.0,0.0,47.88704434835045,0.0,0.0,0.0,0.0,0.0,0.0,0.0,0.0,0.0,0.0,23.943522174175225,0.0,0.0,0.0,0.0,0.0,0.0,0.0,0.0,0.0,0.0
270,mvc-1200015602,mvc-15602,mp-1048765,Mg0.5 –1SbO3,intercalation,P21/c,1.73,138,727,239,1256,0.14,0.16,0.0,0.0,0.0,0.0,0.0,0.0,0.0,0.0,55.951284300278324,0.0,0.0,0.0,0.0,0.0,18.650428100092775,0.0,0.0,9.325214050046387,0.0,0.0,0.0,0.0,0.0,0.0,0.0,0.0,0.0,0.0,0.0,0.0
271,mvc-1200010460,mp-1041401,mp-1047807,Mg0 –0.5CuWO4,intercalation,P21/c,2.48,83,490,206,1218,0.19,0.16,0.0,0.0,0.0,0.0,0.0,10.70669186781984,0.0,0.0,42.82676747127936,0.0,0.0,0.0,0.0,0.0,0.0,0.0,0.0,0.0,10.70669186781984,0.0,0.0,0.0,0.0,0.0,0.0,0.0,0.0,0.0,0.0,0.0
272,mvc-1200002347,mp-1045917,mp-767563,Mg0 –1P4WO12,intercalation,C2/c,1.25,102,367,128,460,0.03,0.17,0.0,0.0,0.0,0.0,0.0,0.0,0.0,0.0,49.710784132979754,0.0,16.570261377659918,0.0,0.0,0.0,0.0,0.0,0.0,0.0,4.1425653444149795,0.0,0.0,0.0,0.0,0.0,0.0,0.0,0.0,0.0,0.0,0.0
273,mvc-1200004871,mvc-4871,mp-25301,MgTi(SiO3)2,intercalation,C2/c,0.24,239,783,57,188,0.04,0.17,0.0,0.0,0.0,9.210311046009716,0.0,0.0,0.0,0.0,55.2618662760583,0.0,0.0,0.0,0.0,0.0,0.0,0.0,0.0,0.0,0.0,0.0,0.0,0.0,0.0,0.0,18.420622092019432,0.0,0.0,0.0,0.0,0.0
274,mvc-1200006370,mp-1047628,mvc-5659,Mg0 –0.5SnO2,intercalation,P21/c,1.25,165,895,205,1116,0.09,0.17,0.0,0.0,0.0,0.0,0.0,0.0,0.0,0.0,46.81853923144234,0.0,0.0,0.0,23.40926961572117,0.0,0.0,0.0,0.0,0.0,0.0,0.0,0.0,0.0,0.0,0.0,0.0,0.0,0.0,0.0,0.0,0.0
275,mvc-1200003898,mvc-3898,mvc-3935,MgSi3(WO6)2,intercalation,Ia3d,1.63,224,1207,365,1963,0.14,0.17,0.0,0.0,0.0,0.0,0.0,0.0,0.0,0.0,55.39373331292129,0.0,0.0,0.0,0.0,0.0,0.0,0.0,0.0,0.0,9.232288885486883,0.0,0.0,0.0,0.0,0.0,13.848433328230323,0.0,0.0,0.0,0.0,0.0
276,mvc-1200010249,mp-1041149,mp-1041240,Mg0 –1Sb3P3O13,intercalation,P21/m,1.78,78,289,138,514,0.09,0.17,0.0,0.0,0.0,0.0,0.0,0.0,0.0,0.0,43.410729088524754,0.0,10.017860558890328,0.0,0.0,0.0,10.017860558890328,0.0,0.0,0.0,0.0,0.0,0.0,0.0,0.0,0.0,0.0,0.0,0.0,0.0,0.0,0.0
277,mvc-1200010263,mp-1041181,mp-1041231,Mg0 –1Sn3P3O13,intercalation,P21/m,1.27,79,304,100,385,0.09,0.17,0.0,0.0,0.0,0.0,0.0,0.0,0.0,0.0,46.180025788557806,0.0,10.656929028128724,0.0,10.656929028128724,0.0,0.0,0.0,0.0,0.0,0.0,0.0,0.0,0.0,0.0,0.0,0.0,0.0,0.0,0.0,0.0,0.0
278,mvc-1200009719,mp-1044814,mp-1044867,Mg0 –0.5BiO2,intercalation,P3m1,2.66,106,795,281,2114,0.16,0.17,0.0,0.0,0.0,0.0,0.0,0.0,0.0,0.0,35.89756225983919,0.0,0.0,0.0,0.0,0.0,0.0,0.0,0.0,0.0,0.0,0.0,0.0,0.0,0.0,17.948781129919595,0.0,0.0,0.0,0.0,0.0,0.0
279,mvc-1200006718,mp-1041687,mp-1047621,Mg0 –0.5MoO2,intercalation,Pcmb,2.17,191,1067,415,2314,0.38,0.17,0.0,0.0,0.0,0.0,0.0,0.0,0.0,0.0,47.49724878756412,0.0,0.0,0.0,0.0,0.0,0.0,0.0,0.0,0.0,0.0,23.74862439378206,0.0,0.0,0.0,0.0,0.0,0.0,0.0,0.0,0.0,0.0
280,mvc-1200005073,mvc-5073,mvc-4514,Mg0 –1.5Si2WO7,intercalation,C2/c,2.34,207,950,484,2223,0.36,0.18,0.0,0.0,0.0,0.0,0.0,0.0,0.0,0.0,46.96277585253637,0.0,0.0,0.0,0.0,0.0,0.0,0.0,0.0,0.0,6.708967978933767,0.0,0.0,0.0,0.0,0.0,13.417935957867535,0.0,0.0,0.0,0.0,0.0
281,mvc-1200009654,mp-1044743,mp-1044751,MgPr(WO3)2,intercalation,Pc,1.12,85,697,95,780,0.11,0.18,0.0,0.0,0.0,0.0,0.0,0.0,0.0,0.0,47.45877824481376,7.9097963741356265,0.0,0.0,0.0,0.0,0.0,0.0,0.0,0.0,15.819592748271253,0.0,0.0,0.0,0.0,0.0,0.0,0.0,0.0,0.0,0.0,0.0
282,mvc-1200004866,mvc-4866,mvc-12639,Mg0 –1FeO2,intercalation,P1,2.26,478,1816,1079,4098,0.15,0.18,0.0,0.0,0.0,0.0,0.0,0.0,25.88341231183894,0.0,51.76682462367788,0.0,0.0,0.0,0.0,0.0,0.0,0.0,0.0,6.470853077959735,0.0,0.0,0.0,0.0,0.0,0.0,0.0,0.0,0.0,0.0,0.0,0.0
283,mvc-1200013666,mvc-13666,mvc-15363,Mg0 –1SnO2,intercalation,P1,1.28,306,1431,391,1826,0.07,0.18,0.0,0.0,0.0,0.0,0.0,0.0,0.0,0.0,42.85938645127054,0.0,0.0,0.0,21.42969322563527,0.0,0.0,0.0,0.0,0.0,0.0,0.0,0.0,0.0,0.0,0.0,0.0,0.0,0.0,0.0,0.0,0.0
284,mvc-1200006430,mp-1041491,mp-1041491,MgTi(SiO3)2,intercalation,Pcab,0.2,239,803,48,160,0.05,0.18,0.0,0.0,0.0,8.977517208887473,0.0,0.0,0.0,0.0,53.86510325332484,0.0,0.0,0.0,0.0,0.0,0.0,0.0,0.0,8.977517208887473,0.0,0.0,0.0,0.0,0.0,0.0,17.955034417774947,0.0,0.0,0.0,0.0,0.0
285,mvc-1200011190,mvc-11190,mvc-1,Mg0 –0.5NiS2,intercalation,Fd3m,1.02,199,731,203,747,0.07,0.18,0.0,0.0,18.853412162893733,0.0,0.0,0.0,0.0,0.0,0.0,0.0,0.0,0.0,0.0,0.0,0.0,0.0,0.0,0.0,0.0,0.0,0.0,0.0,0.0,0.0,0.0,0.0,0.0,0.0,0.0,37.706824325787466
286,mvc-1200008669,mp-1043550,mp-1043760,Mg0 –1Si4WO10,intercalation,P4/ncc,1.8,112,427,201,770,0.21,0.18,0.0,0.0,0.0,0.0,0.0,0.0,0.0,0.0,42.37725488776496,0.0,0.0,0.0,0.0,0.0,0.0,0.0,0.0,0.0,4.237725488776497,0.0,0.0,0.0,0.0,0.0,16.950901955105987,0.0,0.0,0.0,0.0,0.0
287,mvc-1200002805,mp-1046203,mp-1046357,Mg0 –2Ta2WO8,intercalation,P1,1.99,148,1149,296,2293,0.28,0.18,0.0,0.0,0.0,0.0,0.0,0.0,0.0,0.0,50.44715080918964,0.0,0.0,12.61178770229741,0.0,0.0,0.0,0.0,0.0,0.0,6.305893851148705,0.0,0.0,0.0,0.0,0.0,0.0,0.0,0.0,0.0,0.0,0.0
288,mvc-1200006625,mp-1041705,mp-1041528,MgV3(AsO4)4,intercalation,P21/c,2.56,206,780,526,1995,0.18,0.18,0.0,0.0,0.0,0.0,0.0,0.0,0.0,0.0,53.357905864208874,0.0,0.0,0.0,0.0,0.0,0.0,0.0,0.0,0.0,0.0,0.0,0.0,0.0,0.0,0.0,0.0,13.339476466052218,0.0,0.0,10.004607349539164,0.0
289,mvc-1200004682,mp-1046883,mp-557993,Mg0 –0.5BiO2,intercalation,Fd3m,2.11,106,790,223,1667,0.0,0.19,0.0,0.0,0.0,0.0,0.0,0.0,0.0,0.0,44.713048751556094,0.0,0.0,0.0,0.0,0.0,0.0,0.0,0.0,0.0,0.0,0.0,0.0,0.0,0.0,22.356524375778047,0.0,0.0,0.0,0.0,0.0,0.0
290,mvc-1200003395,mp-1046764,mp-1046949,Mg0 –2Nb2WO8,intercalation,P1,1.73,196,1153,339,1993,0.19,0.19,0.0,0.0,0.0,0.0,0.0,0.0,0.0,0.0,49.17789924670344,0.0,0.0,0.0,0.0,0.0,0.0,0.0,0.0,0.0,6.14723740583793,0.0,12.29447481167586,0.0,0.0,0.0,0.0,0.0,0.0,0.0,0.0,0.0
291,mvc-1200000794,mp-1042710,mp-1043379,Mg0 –0.5Cr2O3,intercalation,Cmcm,1.77,163,773,290,1372,0.29,0.19,0.0,0.0,0.0,0.0,0.0,0.0,0.0,0.0,51.61823331557046,0.0,0.0,0.0,0.0,0.0,0.0,0.0,0.0,0.0,0.0,0.0,0.0,0.0,34.41215554371364,0.0,0.0,0.0,0.0,0.0,0.0,0.0
292,mvc-1200000899,mp-1043960,mp-1040952,Mg0 –1TiP2O7,intercalation,P21/c,1.22,218,693,265,843,0.14,0.19,0.0,0.0,0.0,7.202363048444569,0.0,0.0,0.0,0.0,50.41654133911199,0.0,14.404726096889139,0.0,0.0,0.0,0.0,0.0,0.0,0.0,0.0,0.0,0.0,0.0,0.0,0.0,0.0,0.0,0.0,0.0,0.0,0.0
293,mvc-1200002307,mp-1045889,mp-1045826,Mg0 –2Cr9O13,intercalation,C2/m,1.77,148,701,262,1241,0.28,0.19,0.0,0.0,0.0,0.0,0.0,0.0,0.0,0.0,50.65777332980647,0.0,0.0,0.0,0.0,0.0,0.0,0.0,0.0,0.0,0.0,0.0,0.0,0.0,35.07076615140448,0.0,0.0,0.0,0.0,0.0,0.0,0.0
294,mvc-1200009157,mp-1044208,mp-714883,Mg0 –0.25MoO2,intercalation,R3m,1.7,100,506,170,860,0.23,0.2,0.0,0.0,0.0,0.0,0.0,0.0,0.0,0.0,48.07423861291041,0.0,0.0,0.0,0.0,0.0,0.0,0.0,0.0,0.0,0.0,24.037119306455207,0.0,0.0,0.0,0.0,0.0,0.0,0.0,0.0,0.0,0.0
295,mvc-1200000484,mp-1046893,mp-1047467,MgBa(BiO2)4,intercalation,P31m,2.89,48,353,138,1020,0.29,0.2,0.0,0.0,0.0,0.0,0.0,0.0,0.0,0.0,28.36737753661623,0.0,0.0,0.0,0.0,3.545922192077029,0.0,0.0,0.0,0.0,0.0,0.0,0.0,0.0,0.0,14.183688768308116,0.0,0.0,0.0,0.0,0.0,0.0
296,mvc-1200003728,mvc-3728,mvc-12580,Mg0 –1MnO2,intercalation,P1,1.96,482,1716,945,3363,0.0,0.2,0.0,0.0,0.0,0.0,0.0,0.0,0.0,0.0,52.829731472399644,0.0,0.0,0.0,0.0,0.0,0.0,0.0,0.0,6.6037164340499555,0.0,0.0,0.0,0.0,0.0,0.0,0.0,0.0,26.414865736199822,0.0,0.0,0.0
297,mvc-1200570543,mp-570543,mp-117,Mg0 –2Sn,intercalation,Fd3m,-0.01,641,2461,-6,-22,0.0,0.2,0.0,0.0,0.0,0.0,0.0,0.0,0.0,0.0,0.0,0.0,0.0,0.0,27.249379528253055,0.0,0.0,0.0,0.0,0.0,0.0,0.0,0.0,0.0,0.0,0.0,0.0,0.0,0.0,0.0,0.0,0.0
298,mvc-1200003728,mvc-3728,mvc-12580,Mg0.25 –1MnO2,intercalation,P1,1.9,361,1287,687,2445,0.12,0.2,0.0,0.0,0.0,0.0,0.0,0.0,0.0,0.0,52.829731472399644,0.0,0.0,0.0,0.0,0.0,0.0,0.0,0.0,6.6037164340499555,0.0,0.0,0.0,0.0,0.0,0.0,0.0,0.0,26.414865736199822,0.0,0.0,0.0
299,mvc-1200007725,mp-1042617,mp-1042672,Mg0 –1CoBi2O7,intercalation,P21/c,3.24,87,588,283,1902,0.22,0.2,0.0,0.0,0.0,0.0,0.0,0.0,0.0,6.22928475772673,43.60499330408711,0.0,0.0,0.0,0.0,0.0,0.0,0.0,0.0,0.0,0.0,0.0,0.0,0.0,0.0,12.45856951545346,0.0,0.0,0.0,0.0,0.0,0.0
300,mvc-1200008339,mp-1043159,mp-1043300,Mg0 –1Cr2O5,intercalation,Cmcm,3.16,257,852,812,2689,0.24,0.21,0.0,0.0,0.0,0.0,0.0,0.0,0.0,0.0,42.55471915666758,0.0,0.0,0.0,0.0,0.0,0.0,0.0,0.0,0.0,0.0,0.0,0.0,0.0,17.021887662667034,0.0,0.0,0.0,0.0,0.0,0.0,0.0
301,mvc-1200007718,mp-1042566,mp-1042609,Mg0 –1CoSb2O7,intercalation,P21/c,3.66,122,593,447,2170,0.33,0.21,0.0,0.0,0.0,0.0,0.0,0.0,0.0,6.99951339629428,48.99659377405996,0.0,0.0,0.0,0.0,0.0,13.99902679258856,0.0,0.0,0.0,0.0,0.0,0.0,0.0,0.0,0.0,0.0,0.0,0.0,0.0,0.0,0.0
302,mvc-1200005754,mvc-5754,mvc-5760,Mg0 –0.5BiO2,intercalation,Pmnb,2.31,106,854,244,1970,0.08,0.21,0.0,0.0,0.0,0.0,0.0,0.0,0.0,0.0,36.396696604917956,0.0,0.0,0.0,0.0,0.0,0.0,0.0,0.0,0.0,0.0,0.0,0.0,0.0,0.0,18.198348302458978,0.0,0.0,0.0,0.0,0.0,0.0
303,mvc-1200009831,mp-1044887,mp-1044869,Mg0 –0.5SbO2,intercalation,P1,1.89,162,796,305,1505,0.17,0.21,0.0,0.0,0.0,0.0,0.0,0.0,0.0,0.0,35.7775376497852,0.0,0.0,0.0,0.0,0.0,17.8887688248926,0.0,0.0,0.0,0.0,0.0,0.0,0.0,0.0,0.0,0.0,0.0,0.0,0.0,0.0,0.0
304,mvc-1200000483,mp-1046916,mp-1047421,Mg0 –1BaTi4O8,intercalation,P31m,0.49,111,470,54,229,0.22,0.21,0.0,0.0,0.0,17.340887904350293,0.0,0.0,0.0,0.0,34.681775808700586,0.0,0.0,0.0,0.0,4.335221976087573,0.0,0.0,0.0,0.0,0.0,0.0,0.0,0.0,0.0,0.0,0.0,0.0,0.0,0.0,0.0,0.0
305,mvc-1200012619,mvc-12565,mp-1116784,Mg0 –1CoO2,intercalation,P1,2.28,465,1860,1060,4239,0.0,0.21,0.0,0.0,0.0,0.0,0.0,0.0,0.0,30.853874306426547,61.707748612853095,0.0,0.0,0.0,0.0,0.0,0.0,0.0,0.0,0.0,0.0,0.0,0.0,0.0,0.0,0.0,0.0,0.0,0.0,0.0,0.0,0.0
306,mvc-1200012953,mvc-12953,mvc-11234,Mg0 –0.25FeS2,intercalation,R3m,1.03,106,393,109,404,0.2,0.21,0.0,0.0,0.0,0.0,0.0,0.0,15.610537714983959,0.0,0.0,0.0,0.0,0.0,0.0,0.0,0.0,0.0,0.0,0.0,0.0,0.0,0.0,0.0,0.0,0.0,0.0,0.0,0.0,0.0,0.0,31.221075429967918
307,mvc-1200002863,mp-1046266,mvc-12565,Mg0.25 –1CoO2,intercalation,P1,2.22,349,1382,776,3074,0.11,0.21,0.0,0.0,0.0,0.0,0.0,0.0,0.0,31.10116906840776,62.20233813681552,0.0,0.0,0.0,0.0,0.0,0.0,0.0,0.0,7.77529226710194,0.0,0.0,0.0,0.0,0.0,0.0,0.0,0.0,0.0,0.0,0.0,0.0
308,mvc-1200007881,mp-1042667,mp-1042691,MgCu3(SbO3)4,intercalation,Im3,0.81,60,372,49,301,0.03,0.22,0.0,0.0,0.0,0.0,0.0,13.14578627034656,0.0,0.0,52.58314508138624,0.0,0.0,0.0,0.0,0.0,17.527715027128746,0.0,0.0,0.0,0.0,0.0,0.0,0.0,0.0,0.0,0.0,0.0,0.0,0.0,0.0,0.0
309,mvc-1200006176,mvc-6176,mvc-6377,Mg0 –0.5MoO2,intercalation,Cm,1.78,191,991,341,1767,0.31,0.22,0.0,0.0,0.0,0.0,0.0,0.0,0.0,0.0,45.58537956741118,0.0,0.0,0.0,0.0,0.0,0.0,0.0,0.0,0.0,0.0,22.79268978370559,0.0,0.0,0.0,0.0,0.0,0.0,0.0,0.0,0.0,0.0
310,mvc-1200014378,mvc-14378,mp-1047285,Mg0 –0.5FeO2,intercalation,Pm21b,3.26,268,1288,873,4197,0.29,0.22,0.0,0.0,0.0,0.0,0.0,0.0,28.666363061538046,0.0,57.33272612307609,0.0,0.0,0.0,0.0,0.0,0.0,0.0,0.0,0.0,0.0,0.0,0.0,0.0,0.0,0.0,0.0,0.0,0.0,0.0,0.0,0.0
311,mvc-1200002354,mp-1045938,mvc-12425,Mg0.5 –1TiO2,intercalation,P1,0.16,257,948,40,148,0.14,0.22,0.0,0.0,0.0,24.697740306065985,0.0,0.0,0.0,0.0,49.39548061213197,0.0,0.0,0.0,0.0,0.0,0.0,0.0,0.0,12.348870153032992,0.0,0.0,0.0,0.0,0.0,0.0,0.0,0.0,0.0,0.0,0.0,0.0
312,mvc-1200010086,mp-1040928,mp-1041001,Mg0 –0.5CuSbO4,intercalation,P21/c,3.67,103,506,377,1859,0.26,0.22,0.0,0.0,0.0,0.0,0.0,11.693328726721125,0.0,0.0,46.7733149068845,0.0,0.0,0.0,0.0,0.0,11.693328726721125,0.0,0.0,0.0,0.0,0.0,0.0,0.0,0.0,0.0,0.0,0.0,0.0,0.0,0.0,0.0
313,mvc-1200006912,mp-1041889,mp-1041993,Mg0 –0.5MoO2,intercalation,Imma,1.72,191,1003,330,1730,0.29,0.22,0.0,0.0,0.0,0.0,0.0,0.0,0.0,0.0,45.47702082724935,0.0,0.0,0.0,0.0,0.0,0.0,0.0,0.0,0.0,0.0,22.738510413624674,0.0,0.0,0.0,0.0,0.0,0.0,0.0,0.0,0.0,0.0
314,mvc-1200007980,mp-1042810,mp-1042978,Mg0 –2W3O8,intercalation,P63mc,2.14,147,1125,315,2408,0.37,0.22,0.0,0.0,0.0,0.0,0.0,0.0,0.0,0.0,47.653064481438705,0.0,0.0,0.0,0.0,0.0,0.0,0.0,0.0,0.0,17.869899180539516,0.0,0.0,0.0,0.0,0.0,0.0,0.0,0.0,0.0,0.0,0.0
315,mvc-1200000287,mp-1046283,mp-1042297,Mg0.5 –1CuO2,intercalation,P1,2.65,224,951,593,2520,0.22,0.22,0.0,0.0,0.0,0.0,0.0,26.23794600197067,0.0,0.0,52.47589200394134,0.0,0.0,0.0,0.0,0.0,0.0,0.0,0.0,13.118973000985335,0.0,0.0,0.0,0.0,0.0,0.0,0.0,0.0,0.0,0.0,0.0,0.0
316,mvc-1200005367,mvc-5367,mvc-5367,Mg0 –1TiP2O7,intercalation,P1,0.8,218,702,174,563,0.1,0.24,0.0,0.0,0.0,7.890694907945615,0.0,0.0,0.0,0.0,55.2348643556193,0.0,15.78138981589123,0.0,0.0,0.0,0.0,0.0,0.0,7.890694907945615,0.0,0.0,0.0,0.0,0.0,0.0,0.0,0.0,0.0,0.0,0.0,0.0
317,mvc-1200012657,mvc-12657,mvc-12603,Mg0.25 –1FeO2,intercalation,C2/m,1.8,358,1355,645,2436,0.15,0.24,0.0,0.0,0.0,0.0,0.0,0.0,23.90515526632872,0.0,47.81031053265744,0.0,0.0,0.0,0.0,0.0,0.0,0.0,0.0,11.95257763316436,0.0,0.0,0.0,0.0,0.0,0.0,0.0,0.0,0.0,0.0,0.0,0.0
318,mvc-1200014055,mvc-14055,mvc-11309,Mg0 –1Cr2S5,intercalation,Pmnm,1.46,186,530,272,776,0.29,0.24,0.0,0.0,0.0,0.0,0.0,0.0,0.0,0.0,0.0,0.0,0.0,0.0,0.0,0.0,0.0,0.0,0.0,0.0,0.0,0.0,0.0,0.0,10.467692718775611,0.0,0.0,0.0,0.0,0.0,0.0,26.169231796939027
319,mvc-1200004902,mvc-4902,mp-1042577,Mg0 –1NiO2,intercalation,P1,2.81,466,1889,1311,5313,0.16,0.24,0.0,0.0,27.176798168377314,0.0,0.0,0.0,0.0,0.0,54.35359633675463,0.0,0.0,0.0,0.0,0.0,0.0,0.0,0.0,13.588399084188657,0.0,0.0,0.0,0.0,0.0,0.0,0.0,0.0,0.0,0.0,0.0,0.0
320,mvc-1200009171,mp-1042577,mp-1044455,Mg0 –1Cr3O7,intercalation,Pcmn,2.52,183,650,462,1638,0.15,0.25,0.0,0.0,0.0,0.0,0.0,0.0,0.0,0.0,44.58092237899305,0.0,0.0,0.0,0.0,0.0,0.0,0.0,0.0,0.0,0.0,0.0,0.0,0.0,19.106109590997022,0.0,0.0,0.0,0.0,0.0,0.0,0.0
321,mvc-1200011394,mvc-3948,mvc-15502,Mg0 –1Cr2O5,intercalation,Pmnm,2.49,257,928,641,2314,0.09,0.25,0.0,0.0,0.0,0.0,0.0,0.0,0.0,0.0,53.043796574313596,0.0,0.0,0.0,0.0,0.0,0.0,0.0,0.0,0.0,0.0,0.0,0.0,0.0,21.217518629725436,0.0,0.0,0.0,0.0,0.0,0.0,0.0
322,mvc-1200011755,mvc-11755,mvc-11754,Mg0 –1V2S5,intercalation,Pmnm,1.22,187,528,227,641,0.24,0.25,0.0,0.0,0.0,0.0,0.0,0.0,0.0,0.0,0.0,0.0,0.0,0.0,0.0,0.0,0.0,0.0,0.0,0.0,0.0,0.0,0.0,0.0,0.0,0.0,0.0,0.0,0.0,0.0,10.221788984047288,25.55447246011822
323,mvc-1200011658,mp-25519,mvc-11658,Mg0 –0.25FeO2,intercalation,R3m,3.02,143,604,431,1824,0.25,0.25,0.0,0.0,0.0,0.0,0.0,0.0,27.156513872326848,0.0,54.313027744653695,0.0,0.0,0.0,0.0,0.0,0.0,0.0,0.0,6.789128468081712,0.0,0.0,0.0,0.0,0.0,0.0,0.0,0.0,0.0,0.0,0.0,0.0
324,mvc-1200002780,mp-1046309,mp-1046192,MgSn5(TeO6)3,intercalation,C2/c,1.92,157,824,302,1579,0.15,0.26,0.0,0.0,0.0,0.0,0.0,0.0,0.0,0.0,46.26203165975454,0.0,0.0,0.0,12.850564349931817,0.0,0.0,0.0,0.0,0.0,0.0,0.0,0.0,7.71033860995909,0.0,0.0,0.0,0.0,0.0,0.0,0.0,0.0
325,mvc-1200003347,mvc-3347,mvc-12592,Mg0 –1CrO2,intercalation,P1,1.6,495,1707,793,2737,0.07,0.26,0.0,0.0,0.0,0.0,0.0,0.0,0.0,0.0,51.39013763508145,0.0,0.0,0.0,0.0,0.0,0.0,0.0,0.0,12.847534408770363,0.0,0.0,0.0,0.0,25.695068817540726,0.0,0.0,0.0,0.0,0.0,0.0,0.0
326,mvc-1200008387,mp-1043299,mp-1043077,MgCu3(WO3)4,intercalation,P1,1.05,47,389,49,408,0.17,0.26,0.0,0.0,0.0,0.0,0.0,13.597191164320247,0.0,0.0,54.38876465728099,0.0,0.0,0.0,0.0,0.0,0.0,0.0,0.0,0.0,18.129588219093662,0.0,0.0,0.0,0.0,0.0,0.0,0.0,0.0,0.0,0.0,0.0
327,mvc-1200002867,mp-1046407,mp-1046138,MgTi5(TeO6)3,intercalation,C2/c,1.94,213,947,413,1836,0.13,0.26,0.0,0.0,0.0,14.4821483366111,0.0,0.0,0.0,0.0,52.13573401179996,0.0,0.0,0.0,0.0,0.0,0.0,0.0,0.0,0.0,0.0,0.0,0.0,8.68928900196666,0.0,0.0,0.0,0.0,0.0,0.0,0.0,0.0
328,mvc-1200558132,mp-558132,mvc-15230,Mg0.5 –1VO3,intercalation,Cmmm,2.99,217,615,651,1840,0.41,0.26,0.0,0.0,0.0,0.0,0.0,0.0,0.0,0.0,42.38434053771502,0.0,0.0,0.0,0.0,0.0,0.0,0.0,0.0,7.0640567562858365,0.0,0.0,0.0,0.0,0.0,0.0,0.0,0.0,0.0,0.0,14.128113512571673,0.0
329,mvc-1200009750,mp-1045724,mvc-9896,Mg0 –0.5SnO2,intercalation,P3m1,1.57,165,882,258,1384,0.3,0.26,0.0,0.0,0.0,0.0,0.0,0.0,0.0,0.0,44.786705302702615,0.0,0.0,0.0,22.393352651351307,0.0,0.0,0.0,0.0,0.0,0.0,0.0,0.0,0.0,0.0,0.0,0.0,0.0,0.0,0.0,0.0,0.0
330,mvc-1200558132,mp-558132,mvc-15230,Mg0.5 –1VO3,intercalation,Cmmm,2.99,217,615,651,1840,0.41,0.26,0.0,0.0,0.0,0.0,0.0,0.0,0.0,0.0,42.38434053771502,0.0,0.0,0.0,0.0,0.0,0.0,0.0,0.0,7.0640567562858365,0.0,0.0,0.0,0.0,0.0,0.0,0.0,0.0,0.0,0.0,14.128113512571673,0.0
331,mvc-1200002129,mp-1045724,mvc-13134,Mg0 –0.5CrO3,intercalation,P21nm,2.99,239,945,713,2820,0.19,0.27,0.0,0.0,0.0,0.0,0.0,0.0,0.0,0.0,64.00982707235913,0.0,0.0,0.0,0.0,0.0,0.0,0.0,0.0,0.0,0.0,0.0,0.0,0.0,21.33660902411971,0.0,0.0,0.0,0.0,0.0,0.0,0.0
332,mvc-1200006076,mp-1047375,mp-1047386,Mg0 –0.5BiO2,intercalation,Cmcm,2.33,106,862,246,2006,0.17,0.27,0.0,0.0,0.0,0.0,0.0,0.0,0.0,0.0,35.7133066034985,0.0,0.0,0.0,0.0,0.0,0.0,0.0,0.0,0.0,0.0,0.0,0.0,0.0,0.0,17.85665330174925,0.0,0.0,0.0,0.0,0.0,0.0
333,mvc-1200010451,mp-1041374,mp-1041443,Mg0 –1Cr4O9,intercalation,P4/n,2.7,142,530,384,1430,0.22,0.27,0.0,0.0,0.0,0.0,0.0,0.0,0.0,0.0,47.131953133741895,0.0,0.0,0.0,0.0,0.0,0.0,0.0,0.0,0.0,0.0,0.0,0.0,0.0,20.94753472610751,0.0,0.0,0.0,0.0,0.0,0.0,0.0
334,mvc-1200002838,mp-1046254,mp-1046254,Mg0.5 –1VO2,intercalation,P1,0.31,250,991,78,310,0.14,0.28,0.0,0.0,0.0,0.0,0.0,0.0,0.0,0.0,43.745219510502636,0.0,0.0,0.0,0.0,0.0,0.0,0.0,0.0,21.872609755251318,0.0,0.0,0.0,0.0,0.0,0.0,0.0,0.0,0.0,0.0,21.872609755251318,0.0
335,mvc-1200000425,mp-1046926,mp-1047047,MgTi3(P2O7)2,intercalation,P21/c,0.08,104,357,9,30,0.15,0.28,0.0,0.0,0.0,11.396078737311388,0.0,0.0,0.0,0.0,53.18170077411982,0.0,15.19477164974852,0.0,0.0,0.0,0.0,0.0,0.0,0.0,0.0,0.0,0.0,0.0,0.0,0.0,0.0,0.0,0.0,0.0,0.0,0.0
336,mvc-1200012664,mvc-12664,mvc-12638,Mg0.25 –1NiO2,intercalation,P1,2.63,350,1397,921,3679,0.16,0.28,0.0,0.0,26.703839170834108,0.0,0.0,0.0,0.0,0.0,53.407678341668216,0.0,0.0,0.0,0.0,0.0,0.0,0.0,0.0,13.351919585417054,0.0,0.0,0.0,0.0,0.0,0.0,0.0,0.0,0.0,0.0,0.0,0.0
337,mvc-1200006187,mvc-6187,mp-1047477,MgTi3(AsO4)4,intercalation,P21/c,2.02,208,818,421,1653,0.19,0.28,0.0,0.0,0.0,8.761166557448483,0.0,0.0,0.0,0.0,46.72622163972524,0.0,0.0,0.0,0.0,0.0,0.0,0.0,0.0,0.0,0.0,0.0,0.0,0.0,0.0,0.0,0.0,11.68155540993131,0.0,0.0,0.0,0.0
338,mvc-1200002838,mp-1046254,mvc-12627,Mg0.25 –1VO2,intercalation,P1,0.74,375,1486,277,1099,0.09,0.28,0.0,0.0,0.0,0.0,0.0,0.0,0.0,0.0,49.10083139319706,0.0,0.0,0.0,0.0,0.0,0.0,0.0,0.0,12.275207848299265,0.0,0.0,0.0,0.0,0.0,0.0,0.0,0.0,0.0,0.0,24.55041569659853,0.0
339,mvc-1200006654,mp-1041642,mvc-2949,Mg0 –0.5SbO2,intercalation,P1,1.93,162,771,312,1490,0.27,0.28,0.0,0.0,0.0,0.0,0.0,0.0,0.0,0.0,37.34948292720441,0.0,0.0,0.0,0.0,0.0,18.674741463602206,0.0,0.0,0.0,0.0,0.0,0.0,0.0,0.0,0.0,0.0,0.0,0.0,0.0,0.0,0.0
340,mvc-1200005993,mp-1047267,mp-1118394,Mg0 –0.5SnO2,intercalation,Imma,1.13,165,876,186,988,0.19,0.29,0.0,0.0,0.0,0.0,0.0,0.0,0.0,0.0,43.21645645679933,0.0,0.0,0.0,21.608228228399664,0.0,0.0,0.0,0.0,0.0,0.0,0.0,0.0,0.0,0.0,0.0,0.0,0.0,0.0,0.0,0.0,0.0
341,mvc-1200016013,mvc-16013,mvc-15486,Mg0 –2W3O8,intercalation,C2/m,1.7,147,1176,251,2003,0.31,0.3,0.0,0.0,0.0,0.0,0.0,0.0,0.0,0.0,47.5880664244405,0.0,0.0,0.0,0.0,0.0,0.0,0.0,0.0,0.0,17.845524909165185,0.0,0.0,0.0,0.0,0.0,0.0,0.0,0.0,0.0,0.0,0.0
342,mvc-1200000485,mp-1046897,mp-1047430,MgBa(SbO2)4,intercalation,P31m,1.54,69,381,106,587,0.29,0.3,0.0,0.0,0.0,0.0,0.0,0.0,0.0,0.0,32.86116659850575,0.0,0.0,0.0,0.0,4.107645824813218,16.430583299252874,0.0,0.0,0.0,0.0,0.0,0.0,0.0,0.0,0.0,0.0,0.0,0.0,0.0,0.0,0.0
343,mvc-1200004843,mp-1046915,mp-540010,Mg0 –0.5WO2,intercalation,Fd3m,1.37,118,997,161,1362,0.26,0.3,0.0,0.0,0.0,0.0,0.0,0.0,0.0,0.0,42.372654300102276,0.0,0.0,0.0,0.0,0.0,0.0,0.0,0.0,0.0,21.186327150051138,0.0,0.0,0.0,0.0,0.0,0.0,0.0,0.0,0.0,0.0,0.0
344,mvc-1200003950,mvc-3950,mvc-11086,Mg0 –2V2O5,intercalation,Pmc21,1.67,465,1608,777,2685,0.06,0.31,0.0,0.0,0.0,0.0,0.0,0.0,0.0,0.0,49.067864415352496,0.0,0.0,0.0,0.0,0.0,0.0,0.0,0.0,0.0,0.0,0.0,0.0,0.0,0.0,0.0,0.0,0.0,0.0,0.0,19.627145766141,0.0
345,mvc-1200012610,mvc-12610,mvc-12231,Mg0 –1VO2,intercalation,C2/m,0.97,500,1963,485,1906,0.08,0.32,0.0,0.0,0.0,0.0,0.0,0.0,0.0,0.0,50.738743840589414,0.0,0.0,0.0,0.0,0.0,0.0,0.0,0.0,6.342342980073677,0.0,0.0,0.0,0.0,0.0,0.0,0.0,0.0,0.0,0.0,25.369371920294707,0.0
346,mvc-1200013744,mvc-13744,mvc-11162,Mg0 –0.5NiN,intercalation,P4m2,1.7,316,1407,536,2388,0.88,0.33,0.0,0.0,36.884449270182586,0.0,36.884449270182586,0.0,0.0,0.0,0.0,0.0,0.0,0.0,0.0,0.0,0.0,0.0,0.0,0.0,0.0,0.0,0.0,0.0,0.0,0.0,0.0,0.0,0.0,0.0,0.0,0.0
347,mvc-1200006890,mp-1041873,mp-1042247,Mg0 –1Si2WO6,intercalation,Pcab,0.96,149,737,143,708,0.21,0.33,0.0,0.0,0.0,0.0,0.0,0.0,0.0,0.0,43.858726404119274,0.0,0.0,0.0,0.0,0.0,0.0,0.0,0.0,0.0,7.309787734019879,0.0,0.0,0.0,0.0,0.0,14.619575468039757,0.0,0.0,0.0,0.0,0.0
348,mvc-1200006307,mp-1047570,mvc-5746,Mg0 –0.5SbO2,intercalation,Pcmb,1.36,162,901,220,1225,0.16,0.34,0.0,0.0,0.0,0.0,0.0,0.0,0.0,0.0,40.76161615174274,0.0,0.0,0.0,0.0,0.0,20.38080807587137,0.0,0.0,0.0,0.0,0.0,0.0,0.0,0.0,0.0,0.0,0.0,0.0,0.0,0.0,0.0
349,mvc-1200008358,mp-1043219,mp-1043432,Mg0 –1Mo2O5,intercalation,Cmcm,1.28,181,739,232,947,0.12,0.34,0.0,0.0,0.0,0.0,0.0,0.0,0.0,0.0,36.15324297207151,0.0,0.0,0.0,0.0,0.0,0.0,0.0,0.0,0.0,0.0,14.461297188828604,0.0,0.0,0.0,0.0,0.0,0.0,0.0,0.0,0.0,0.0
350,mvc-1200010203,mp-1041093,mvc-5928,Mg0 –0.5WO2,intercalation,Cm,1.4,118,963,164,1347,0.32,0.34,0.0,0.0,0.0,0.0,0.0,0.0,0.0,0.0,42.12508894171049,0.0,0.0,0.0,0.0,0.0,0.0,0.0,0.0,0.0,21.062544470855244,0.0,0.0,0.0,0.0,0.0,0.0,0.0,0.0,0.0,0.0,0.0
351,mvc-1200001387,mp-1048590,mp-1048407,Mg0 –1P2WO7,intercalation,P21/c,1.03,140,666,145,688,0.2,0.34,0.0,0.0,0.0,0.0,0.0,0.0,0.0,0.0,47.62607686142157,0.0,13.607450531834736,0.0,0.0,0.0,0.0,0.0,0.0,0.0,6.803725265917368,0.0,0.0,0.0,0.0,0.0,0.0,0.0,0.0,0.0,0.0,0.0
352,mvc-1200006762,mp-1041727,mp-1041395,Mg0 –0.5BiO2,intercalation,Pnmm,2.15,106,761,227,1635,0.18,0.34,0.0,0.0,0.0,0.0,0.0,0.0,0.0,0.0,29.680637069511896,0.0,0.0,0.0,0.0,0.0,0.0,0.0,0.0,0.0,0.0,0.0,0.0,0.0,0.0,14.840318534755948,0.0,0.0,0.0,0.0,0.0,0.0
353,mvc-1200008117,mp-1042921,mp-1043381,Mg0 –1Sb2O5,intercalation,Cmcm,1.43,154,669,221,958,0.04,0.35,0.0,0.0,0.0,0.0,0.0,0.0,0.0,0.0,49.85051681374951,0.0,0.0,0.0,0.0,0.0,19.940206725499802,0.0,0.0,0.0,0.0,0.0,0.0,0.0,0.0,0.0,0.0,0.0,0.0,0.0,0.0,0.0
354,mvc-1200009603,mp-1044699,mp-1044716,Mg0 –0.5SbO2,intercalation,R3m,1.87,162,868,302,1622,0.34,0.35,0.0,0.0,0.0,0.0,0.0,0.0,0.0,0.0,35.18527871068523,0.0,0.0,0.0,0.0,0.0,17.592639355342616,0.0,0.0,0.0,0.0,0.0,0.0,0.0,0.0,0.0,0.0,0.0,0.0,0.0,0.0,0.0
355,mvc-1200009231,mvc-9231,mp-1044452,Mg0 –1Mo3O7,intercalation,Pcmn,1.35,126,558,171,754,0.22,0.36,0.0,0.0,0.0,0.0,0.0,0.0,0.0,0.0,38.662936236934115,0.0,0.0,0.0,0.0,0.0,0.0,0.0,0.0,0.0,0.0,16.569829815828907,0.0,0.0,0.0,0.0,0.0,0.0,0.0,0.0,0.0,0.0
356,mvc-1200010457,mp-1041391,mp-1041282,Mg0 –0.5WO2,intercalation,P1,1.35,118,971,159,1311,0.34,0.37,0.0,0.0,0.0,0.0,0.0,0.0,0.0,0.0,43.596143899890066,0.0,0.0,0.0,0.0,0.0,0.0,0.0,0.0,0.0,21.798071949945033,0.0,0.0,0.0,0.0,0.0,0.0,0.0,0.0,0.0,0.0,0.0
357,mvc-1200005801,mvc-5801,mp-715923,Mg0 –1WO3,intercalation,Cm,0.79,209,1299,166,1033,0.0,0.4,0.0,0.0,0.0,0.0,0.0,0.0,0.0,0.0,52.07373759093606,0.0,0.0,0.0,0.0,0.0,0.0,0.0,0.0,0.0,17.35791253031202,0.0,0.0,0.0,0.0,0.0,0.0,0.0,0.0,0.0,0.0,0.0
358,mvc-1200006035,mp-1047303,mp-1047381,Mg0 –0.5SnO2,intercalation,Cmcm,1.09,165,959,180,1049,0.31,0.4,0.0,0.0,0.0,0.0,0.0,0.0,0.0,0.0,46.86409283084844,0.0,0.0,0.0,23.43204641542422,0.0,0.0,0.0,0.0,0.0,0.0,0.0,0.0,0.0,0.0,0.0,0.0,0.0,0.0,0.0,0.0,0.0
359,mvc-1200000907,mp-1044085,mp-1041213,Mg0 –1P4W3O14,intercalation,P21/c,-0.48,58,333,-28,-159,0.21,0.42,0.0,0.0,0.0,0.0,0.0,0.0,0.0,0.0,48.79839944242071,0.0,13.94239984069163,0.0,0.0,0.0,0.0,0.0,0.0,0.0,10.456799880518723,0.0,0.0,0.0,0.0,0.0,0.0,0.0,0.0,0.0,0.0,0.0
360,mvc-1200008374,mp-1043241,mp-1043494,Mg0 –1W2O5,intercalation,Cmcm,1.56,114,763,177,1188,0.43,0.44,0.0,0.0,0.0,0.0,0.0,0.0,0.0,0.0,36.673318343304075,0.0,0.0,0.0,0.0,0.0,0.0,0.0,0.0,0.0,14.669327337321631,0.0,0.0,0.0,0.0,0.0,0.0,0.0,0.0,0.0,0.0,0.0
361,mvc-1200003752,mvc-3752,mvc-13490,Mg0 –2Bi2O5,intercalation,Pmcb,2.52,196,1260,494,3172,0.33,0.44,0.0,0.0,0.0,0.0,0.0,0.0,0.0,0.0,38.399905504740104,0.0,0.0,0.0,0.0,0.0,0.0,0.0,0.0,0.0,0.0,0.0,0.0,0.0,0.0,15.35996220189604,0.0,0.0,0.0,0.0,0.0,0.0
362,mvc-1200005140,mvc-5140,mvc-5145,Mg0 –1Si2WO6,intercalation,C2/c,-0.03,149,814,-5,-25,0.11,0.45,0.0,0.0,0.0,0.0,0.0,0.0,0.0,0.0,53.00824063484466,0.0,0.0,0.0,0.0,0.0,0.0,0.0,0.0,0.0,8.83470677247411,0.0,0.0,0.0,0.0,0.0,17.66941354494822,0.0,0.0,0.0,0.0,0.0
363,mvc-1200007794,mp-1042581,mp-1046025,Mg0 –0.5MoO2,intercalation,C2/m,0.31,191,1036,60,326,0.09,0.45,0.0,0.0,0.0,0.0,0.0,0.0,0.0,0.0,43.00958158396259,0.0,0.0,0.0,0.0,0.0,0.0,0.0,0.0,5.376197697995324,0.0,21.504790791981296,0.0,0.0,0.0,0.0,0.0,0.0,0.0,0.0,0.0,0.0
364,mvc-1200006075,mp-1047380,mp-1047300,Mg0 –0.5SbO2,intercalation,Cmcm,1.27,162,925,205,1176,0.28,0.47,0.0,0.0,0.0,0.0,0.0,0.0,0.0,0.0,40.792888176437124,0.0,0.0,0.0,0.0,0.0,20.396444088218562,0.0,0.0,0.0,0.0,0.0,0.0,0.0,0.0,0.0,0.0,0.0,0.0,0.0,0.0,0.0
365,mvc-1200003351,mp-1047300,mp-1116755,Mg0 –1WF4,intercalation,Ibam,1.3,189,1053,245,1370,0.0,0.48,0.0,0.0,0.0,0.0,0.0,0.0,0.0,0.0,0.0,0.0,0.0,0.0,0.0,0.0,0.0,0.0,0.0,0.0,12.13131271963841,0.0,0.0,0.0,0.0,0.0,0.0,0.0,0.0,48.52525087855364,0.0,0.0
366,mvc-1200008751,mp-1043624,mvc-12866,Mg0 –0.25SbO2,intercalation,R3m,1.31,84,436,110,572,0.39,0.49,0.0,0.0,0.0,0.0,0.0,0.0,0.0,0.0,42.767986208780876,0.0,0.0,0.0,0.0,0.0,21.383993104390438,0.0,0.0,0.0,0.0,0.0,0.0,0.0,0.0,0.0,0.0,0.0,0.0,0.0,0.0,0.0
367,mvc-1200013651,mvc-13651,mvc-14553,Mg0 –0.5FeN,intercalation,P4m2,1.45,327,1435,473,2079,1.05,0.49,0.0,0.0,0.0,0.0,35.49210501772305,0.0,35.49210501772305,0.0,0.0,0.0,0.0,0.0,0.0,0.0,0.0,0.0,0.0,0.0,0.0,0.0,0.0,0.0,0.0,0.0,0.0,0.0,0.0,0.0,0.0,0.0
368,mvc-1200009989,mp-1048882,mp-1048882,Mg0 –0.5WO2,intercalation,R3m,1.59,118,1033,187,1641,0.59,0.51,0.0,0.0,0.0,0.0,0.0,0.0,0.0,0.0,46.49046379346759,0.0,0.0,0.0,0.0,0.0,0.0,0.0,0.0,11.622615948366898,23.245231896733795,0.0,0.0,0.0,0.0,0.0,0.0,0.0,0.0,0.0,0.0,0.0
369,mvc-1200013445,mvc-13445,mvc-13808,Mg0 –0.5MnN,intercalation,P4m2,-0.32,330,1336,-107,-432,0.17,0.52,0.0,0.0,0.0,0.0,50.87340251635639,0.0,0.0,0.0,0.0,0.0,0.0,0.0,0.0,0.0,0.0,0.0,0.0,0.0,0.0,0.0,0.0,0.0,0.0,0.0,0.0,0.0,50.87340251635639,0.0,0.0,0.0
370,mvc-1200002078,mvc-2078,mvc-13841,Mg0 –0.5CuN,intercalation,P4m2,2.11,299,1296,630,2734,1.32,0.52,0.0,0.0,0.0,0.0,32.43615671685273,32.43615671685273,0.0,0.0,0.0,0.0,0.0,0.0,0.0,0.0,0.0,0.0,0.0,0.0,0.0,0.0,0.0,0.0,0.0,0.0,0.0,0.0,0.0,0.0,0.0,0.0
371,mvc-1200000931,mp-1044474,mp-1041454,MgBa(WO2)4,intercalation,P31m,3.01,52,426,157,1282,1.03,0.76,0.0,0.0,0.0,0.0,0.0,0.0,0.0,0.0,34.2057160042791,0.0,0.0,0.0,0.0,4.275714500534887,0.0,0.0,0.0,0.0,17.10285800213955,0.0,0.0,0.0,0.0,0.0,0.0,0.0,0.0,0.0,0.0,0.0
372,mvc-1200000579,mp-1047060,mp-1042571,Mg0 –1WO2,intercalation,C2/m,-0.07,223,1723,-15,-112,0.11,0.9,0.0,0.0,0.0,0.0,0.0,0.0,0.0,0.0,41.56521955776596,0.0,0.0,0.0,0.0,0.0,0.0,0.0,0.0,10.39130488944149,20.78260977888298,0.0,0.0,0.0,0.0,0.0,0.0,0.0,0.0,0.0,0.0,0.0
